职位名称,公司名称,薪酬,城市地区,学历要求,工作经验要求,发布时间,公司规模,公司类型,公司标签,工作地点,职位描述或任职要求,规模类型
Android安卓开发助理工程师+五险一金+餐补,苏州东荃资讯科技有限公司,5-7千·13薪,苏州,大专,在校生/应届生,01-30发布,少于50人,外资（非欧美）,计算机硬件,黄石市黄金山产业配套园（中小企业园）7-8号楼,"岗位职责：1.负责本公司Android产品的测试应用开发与调试；2.根据客户的需求，与本公司其他同仁协同开发大型商用AndroidApp;3.开发应用的相关文档的编写与维护；4.主管交办的其他事项;职位要求:1.做事认真负责,态度端正；2.熟练Java语言;3.熟悉AndroidFramework,了解JNI;4.具有良好的编码习惯，能承受一定的工作压力,具有良好的团队协助精神。5.英文4级以上;6.有开发过AndroidAPP项目经验者优先;7.欢迎优秀应届毕业生投递;福利待遇：1、入职即缴纳五险一金;2、每年依据员工绩效状况调整薪资;3、每年根据年终考核发放年终奖金(1个月薪资左右)；4、推行五天8小时工作制，享受国家法定节假日；5、季度聚餐，年终尾牙抽奖；6,、节日福利;",外资（非欧美）  |  少于50人
安卓开发工程师,广州饿狼网络科技有限公司,5-6千,广州-天河区,本科,在校生/应届生,01-30发布,50-150人,民营,网络游戏,海德三道天利中央广场A座20楼2008室,"职位描述1.参与公司Android,IOS,H5SDK的技术支持，版本维护，bug修复工作。2.参与公司Android,IOS,H5SDK的性能优化，体验优化，代码设计优化等工作。3.编写SDK相关技术文档，能够独立输出完整技术方案并实现职位要求1.1年以上Android系统开发经验优先，本科应届生亦可；2.熟练掌握Java语言，熟练使用常用算法和数据结构，熟悉Object-c，熟悉H5,开发者优先;3.熟悉TCP/IP、HTTP、UDP等网络协议，熟悉数据加密方法；4.熟悉AndroidSDK,AndroidOS系统体系结构,Android环境下的数据存储,网络通信,多线程开发,进程间通信，数据库等;5.熟悉Android各版本的区别，并熟悉网络，性能和内存等方面的优化；",民营  |  50-150人
安卓工程师（实习生）,杭州启飞智能科技有限公司,200元/天,杭州-钱塘区,本科,在校生/应届生,01-29发布,50-150人,民营,计算机硬件,深圳南山区TCL国际E城E4栋A单元12楼,岗位职责：1、无人机移动端上位机应用软件开发；2、移动端数据处理或后台管理软件开发；任职资格：1、计算机相关专业本科及以上学历2、熟练掌握java语言，面向对象的编程思想，拥有良好的代码编写习惯3、熟练使用android平台API，熟悉android基本UI控件，自定义UI控件4、熟练掌握android数据存储：SQLite数据库5、熟练掌握多线程，Handler、AsyncTask、Volley框架及OKhttp的使用6、熟练掌握使用android系统提供的各种服务，例如：ActivityManager，WiFiManager应用等7、熟悉掌握Http协议上传下载网络数据，Json和XMl数据解析，熟悉xml、josn解析等开发技术8、熟悉使用CursorAdapter以及页面的交互，FFMPGE视频服务9、熟悉android缓存优化技术，UI的界面美化和Bitmap内存溢出的处理10.实习期不能少于一年,民营  |  50-150人
安卓软件工程师,深圳市华瑞数字科技有限公司,8千-1.5万,深圳-南山区,大专,在校生/应届生,01-30发布,500-1000人,民营,电子技术/半导体/集成电路,大成东路999号,"岗位职责:1、商显项目软件功能需求开发与维护2、客户软件服务，需求对接与软件跟进3、客户软件管理，工厂生产跟进4、系统完善与优化；岗位要求：1、计算机、自动化及相关专业专科及以上学历2、熟悉C/C++,熟悉Linux开发环境，Linux/Android设备驱动开发经验者优先；3、可接受相关专业优秀毕业生4、有相关行业经验者优先公司福利：1、工作时间为8小时工作制，***，享受国家法定假期，及带薪年假、婚假、丧假及产假等；2、公司为员工购买五险一金：养老保险、医疗保险、工伤保险、失业保险、生育保险+住房公积金；3、员工可购买公司股票期权，享受丰厚的年底分红；4、为员工发放季度绩效奖金、月度加班补贴；5、完善的福利制度：年休假、过节福利、结婚礼金、生日礼品等；6、公司为加班员工提供丰富的夜宵：各种应季水果、牛奶、面包、零食等；7、每年不定期组织旅游活动，周末组织室内羽毛球、篮球活动，丰富员工业余生活；8、公司为员工提供住宿，上下班班车，降低员工的生活成本；9、提供个性化、规范化、优质的成长培训计划和广阔的职业发展空间，晋升空间大；10、带薪入职培训，后续定期开展专业技能培训，提升员工专业素质。",民营  |  500-1000人
安卓APP工程师,惠州市博实结科技有限公司,6-8千,惠州,大专,在校生/应届生,01-29发布,1000-5000人,民营,通信/电信/网络设备,天府四街158号OCG国际中心A座16层,岗位职责：1、负责Androidapp开发与设计；2、负责Androidapp性能优化与问题分析；3、与项目相关人员配合共同完成应用软件的开发设计工作。职责要求：1、熟练使用使用AndroidStudio等开发功能；2、参与应用需求的分析，负责相关设计文档编写；3、熟悉多线程、内存管理、Json、加解密及Xml数据结构及数据解析、熟悉SDK开发环境及底层API调用；4、熟练掌握Android各类组件，以及界面绘制、后台运行、数据存储等原理；5、熟练掌握Android开发技能；对APP性能优化和内存优化有一定了解，熟练掌握Android代码调试和调优技术；6、具有良好的沟通技能，文档编写能力，团队合作能力；对技术有强烈的兴趣，喜欢钻研，具有良好的学习能力。,民营  |  1000-5000人
(2023届)安卓开发工程师,深圳市沃特沃德股份有限公司,6-9千,深圳-南山区,大专,在校生/应届生,12-16发布,1000-5000人,民营,通信/电信/网络设备,澄阳路116号苏州大数据产业园（原名阳澄湖国际科创园）1号楼A座901室,岗位职责：1、负责公司Android手机app产品的应用软件的开发工作；2、根据项目任务计划按时完成软件编码和单元测试工作；3、按照开发流程编写相应模块的设计文档；4、改善软件的易用性，提升用户使用体验。任职资格：1、统招大专及以上学历，计算机、通信、软件或相关专业，CET-4；2、有同行业实习工作经验优先；3、熟悉Android各组件生命周期，并能在各个周期中合理的分配资源；4、熟悉Android性能和内存优化，善于解决系统崩溃，内存溢出和兼容性问题；5、熟悉Android下网络通信机制，对TCP/IP和HTTP有一定理解和经验；6、有团队协作精神，勤勉认真，具备良好的沟通协调和管理能力。,民营  |  1000-5000人
应届生-安卓 开发工程师,曼森伯格（深圳）科技发展有限公司,1-1.5万,深圳-福田区,硕士,在校生/应届生,12-15发布,少于50人,外资（非欧美）,电子技术/半导体/集成电路,光谷软件园,,外资（非欧美）  |  少于50人
安卓开发储备岗（23届）,诚迈科技（南京）股份有限公司,3.5-3.5千,南京-雨花台区,本科,在校生/应届生,01-30发布,1000-5000人,外资（欧美）,计算机软件,大成东路999号,1.本科及以上学历，电子、自动化、计算机、通信类专业2.良好的C或者Java语言基础3.对安卓开发有浓厚兴趣,外资（欧美）  |  1000-5000人
研发应届生（安卓）,广州市弘宇科技有限公司,5-8千·14薪,广州,本科,在校生/应届生,12-30发布,150-500人,国企,通信/电信/网络设备,宜山路1999号科技绿洲三期24号楼,本科（含）以上学历，英语四级以上；精通一门编程语言，掌握数据结构和算法知识，熟悉数据库的开发与管理；有一定的模块开发设计能力；具有团队意识，较好的敬业精神；具备良好的心态和学习能力。薪资待遇：1、丰厚的薪资待遇；2、公司为员工购买五险；3、公司按12%缴费比例为员工购买住房公积金；4、员工享受法定节假日及婚假、产假等假期；5、员工入职后享受带薪年假；6、员工活动丰富，每周组织羽毛球，不定时举办篮球、聚餐、歌唱和舞蹈等活动；7、上班交通便利，珠影公交站和客村地铁口A出口左转即到。,国企  |  150-500人
嵌入式软件开发工程师,南京国兆光电科技有限公司,1.5-2.5万,南京-江宁区,硕士,在校生/应届生,01-30发布,150-500人,国企,电子技术/半导体/集成电路,城中区万达中心写字楼22-08,岗位职责：1、负责产品嵌入式软件开发；2、负责嵌入式软件调试、测试；3、协助硬件工程师进行电路调试；4、负责基于嵌入式系统的图像处理、存储、传输相关的应用开发。职位要求：1、硕士学历；2、电子、微电子、通信、测控等相关专业应届生；3、熟悉基于常用语言的嵌入式软件开发，了解常用数据结构；4、熟悉Linux或安卓系统驱动开发和移植；5、熟悉视频解码和无线传输协议。,国企  |  150-500人
前端开发工程师（iOS/Android）,深圳市莫尼迪科技有限责任公司,1-2万,深圳-宝安区,本科,在校生/应届生,01-30发布,50-150人,民营,电子技术/半导体/集成电路,相城区嘉元路1060号中翔金融大厦16F16012室(近阳澄湖中路地铁1号口),岗位描述：1、负责iOS客户端的设计、开发、测试、升级、发布和维护；2、负责Android客户端的设计、开发、测试、升级、发布和维护。任职要求：1、计算机相关专业本科及以上学历，3年以上相关开发经验，接受优秀应届毕业生；2、熟悉iOSSDK相关技术开发及应用；3、熟悉Android/Linux底层框。,民营  |  50-150人
Android开发工程师(J10693),基蛋生物科技股份有限公司,1-2万,南京-六合区,本科,在校生/应届生,01-30发布,1000-5000人,已上市,制药/生物工程,深圳市龙岗区坂田街道五和大道4023号,,已上市  |  1000-5000人
Android系统工程师(应届),深圳市深智电科技有限公司,8千-1万,深圳-宝安区,大专,在校生/应届生,01-30发布,50-150人,民营,计算机软件,上海市高光路215弄99号北斗基地高光路园区1号楼4楼,1，电子专业、计算机相关专业的应届生；2、负责android系统调试、linux系统调试、linuxdriver等相关工作；3、负责外围设备的开发和调试，比如屏、touch、I2C设备等。,民营  |  50-150人
Android工程师 (MJ000137),上海仙途智能科技有限公司,1.5-2.2万,上海-闵行区,本科,在校生/应届生,01-30发布,50-150人,民营,互联网/电子商务,成都高新西区西芯大道3号国腾园,工作职责：1.负责Android端开发框架的搭建及维护升级；2.负责Android终端应用软件和组件开发工作；3.负责自动驾驶人机交互的前后端开发，包括自动驾驶可视化、交互界面以及流程等开发。岗位要求：1.计算机相关专业，1年以上Android开发经验；2.有扎实的Java语言基础，熟悉面向对象化编程思想和设计模式；3.熟悉Android系统，熟悉Android软件的开发、测试流程，熟悉Android开发工具和测试工具的使用；4.熟悉Android编译流程，了解编译相关配置原理等技术者优先；5.有优秀的优化、调试和解决问题的能力，逻辑思维清晰严谨。,民营  |  50-150人
Android应用工程师,深圳鼎智通讯有限公司,1.5-3万·14薪,深圳-福田区,本科,在校生/应届生,01-30发布,150-500人,民营,通信/电信/网络设备,中山北路3000号 长城大厦 902,"岗位职责：1、支付终端（POS）上应用软件的开发,修改客户定制系统需求；2、富有耐心，抗压能力强，需出差现场开发解决客户的需求。3、完成上级交付的任务和工作；职位要求：1、本科以上学历，计算机、通信、软件等相关专业；（工作地点，深圳）优先应届生（Android基础好也可！）2、至少2年以上安卓开发经验，熟悉四大组件开发，AIDL服务开发。熟悉framework层开发优先。3、熟悉EMV/PBOC3.0技术规范，借贷记金融IC卡交易流程、QPBOC交易流程，熟悉POS应用的优先；4、爱好编程工作，工作严谨细致，有责任心；勤奋踏实，善于分析思考问题；5、工作严谨细致，有责任心；勤奋踏实，善于分析思考问题；6、能适应短期出差。",民营  |  150-500人
Android工程师（2023届校招）(J10859),基蛋生物科技股份有限公司,1.1-1.8万·14薪,南京-六合区,本科,在校生/应届生,01-30发布,1000-5000人,已上市,制药/生物工程,深圳市龙岗区坂田街道五和大道4023号,工作职责:1、负责Android平台应用软件的设计及开发2、负责Android平台软件代码的编写、调试及后期维护3、能够完成Android终端产品模块功能设计，开发，调试及发布4、对既有系统存在的问题能够快速分析、定位并修改任职资格:1、本科及以上学历，计算机、通信相关专业2、具备扎实的Java编程基础3、熟练使用Android各种组件并了解其内部原理，熟悉Android开发框架4、熟练掌握面向对象设计思想，熟悉常见设计模式，具备良好的编程习惯，良好的设计文档撰写能力,已上市  |  1000-5000人
BSP工程师,无锡冰河计算机科技发展有限公司,1.5-2.5万·13薪,无锡-惠山区,本科,在校生/应届生,01-30发布,50-150人,民营,计算机软件,经开区清华路与习友路交口清华路壹号木华院九号别墅瑞识科技合肥研发中心,C开发工程师岗位职责：1.	负责安卓/linux’平台统BSP开发结合硬件，中间件软件等进行联合调试；2.	负责audio，DSP，cam，GPIO，SATA，USB等模块（audio和DSP模块优先）的驱动调试。3.	负责调试文档的整理撰写。任职资格：1.	熟悉I2S，I2C，SPI，GPIO，mipi等各个总线的器件调试；2.	有RK3568，AmlogicT972平台经验优先，工作年限要求3-4年3.	计算机相关专业，熟练掌握C编程语言，拥有较强的逻辑思维能力；4.	能读懂硬件原理图设计，能与硬件沟通协调开发；5.	具有较强的中英文沟通能力，良好的沟通能力及团队合作精神；6.	优秀本科/硕士及以上应届毕业生亦可。,民营  |  50-150人
Android软件工程师（应届生）,格尔软件股份有限公司,1.2-1.8万,上海,本科,在校生/应届生,01-30发布,500-1000人,已上市,计算机软件,成都高新西区西芯大道3号国腾园,-对Java、Kotlin有较熟练的掌握-对Android开发知识具掌握全面-熟悉JNI，对C/C++代码具有基本的阅读分析能力，有开发能力优先考虑-熟悉AIDL远程服务调用-熟悉常用的Android开发框架-对Java的反射机制有足够的了解-了解Android混合开发-对MVP、MVVM等开发架构熟悉-具备计算机网络基础知识，对常用的网络协议和网络技术有所了解-对JCA、JCE、JSSE等Java安全相关开发技术有了解的优先考虑-有良好的代码编写习惯，懂得团队协作,已上市  |  500-1000人
Andriod 开发工程师,杭州普维云技术有限公司,1.5-2万,杭州-滨江区,硕士,在校生/应届生,01-30发布,50-150人,民营,计算机硬件,,研究生15-20岗位职责1.根据公司要求，负责Andriod平台产品功能迭代改进及新产品的开发;2.根据产品需求，高质量完成软件编码和功能自测。岗位要求1.计算机，软件工程等相关专业毕业，研究生学历；2.了解Andriod系统，有相关开发经验者优先；3.热爱编程，具备扎实的计算机基础，热爱学习并掌握常见的数据结构与算法设计。,民营  |  50-150人
Android 系统开发工程师（TV方向）校招,广东长虹电子有限公司,6-9千·17薪,中山,本科,在校生/应届生,01-30发布,1000-5000人,国企,家具/家电/玩具/礼品,,TV软件工程师：安卓应用方向（智能电视）1、参与海外智能电视产品软件开发及维护；2、参与内部信息管理系统开发；3、独立完成各项分配的代码撰写、编程等任务。我们希望您：1、专业：软件工程、网络工程（软件方向）、计算机软件相关专业。2、技能：熟悉计算机编程语言、熟悉安卓应用开发、独立完成文档编写。3、语言：大学英语四级，能阅读英文文档，能与客户使用英语进行书面和口头交流。4、素质：具备较强的执行力、学习能力和责任感；具备良好的沟通能力，愿意从事家电行业嵌入式开发工作。工作地址：广东省中山市南头镇兴业北路1号（公司距离南头动车站10min车程）（毗邻顺德）,国企  |  1000-5000人
Android开发工程师（应届生）,深圳市慧为智能科技股份有限公司,8千-1.4万·13薪,深圳-南山区,本科,在校生/应届生,01-30发布,150-500人,已上市,计算机硬件,,岗位职责1、参与AndroidSDK开发；2、处理客户使用SDK开发产品时问题。岗位要求1、软件工程、计算机科学与技术、物联网、数学等相关专业，本科及以上学历；2、熟练掌握JAVA等面向对象语言，有良好的编程基础和习惯,已上市  |  150-500人
Android开发工程师（实习岗）,深圳艾斯特创新科技有限公司,3-4.5千,深圳-宝安区,大专,在校生/应届生,01-30发布,50-150人,民营,电子技术/半导体/集成电路,,,民营  |  50-150人
Android实习开发工程师,广州飞磨科技有限公司,4-8千,广州,大专,在校生/应届生,01-17发布,少于50人,民营,互联网/电子商务,,,民营  |  少于50人
Android开发工程师(SMB),浙江宇视科技有限公司,1-1.5万,杭州-滨江区,本科,在校生/应届生,01-30发布,1000-5000人,民营,计算机软件,无线谷,岗位职责:1、根据业务需求，负责AndroidAPP的开发与维护；2、负责参与产品的需求讨论、设计与开发；3、对软件性能及稳定性调优；4、对软件开发过程中出现的Bug进行定位分析和修改；任职资格:1、至少精通一门语言，如C/C++/Java；2、熟练掌握Android常用UI组件的使用，熟悉常用的分析工具，熟悉多线程开发；3、熟悉AndroidSDK，AndroidNDK开发；4、熟悉Linux命令；5、学习能力强，有自驱能力，有强烈的责任心和团队精神；6、以下为加分项：有音视频、网络、安防产品工作经验；,民营  |  1000-5000人
Android开发工程师（应届生）,深圳市慧为智能科技股份有限公司,8千-1.4万,武汉-东湖新技术产业开发区,本科,在校生/应届生,01-30发布,150-500人,已上市,计算机硬件,,岗位职责1、参与AndroidSDK开发；2、处理客户使用SDK开发产品时问题。岗位要求1、软件工程、计算机科学与技术、物联网、数学等相关专业，本科及以上学历；2、熟练掌握JAVA等面向对象语言，有良好的编程基础和习惯,已上市  |  150-500人
Android开发工程师（校园招聘）,百联全渠道电子商务有限公司,1.2-1.8万·13薪,上海,本科,在校生/应届生,01-30发布,500-1000人,国企,互联网/电子商务,,岗位职责1.负责互联网电商平台安卓功能的开发工作；2.负责开发电商平台业务模块及相应功能实现；3.负责线上相关故障、疑难问题及时的排查和处理；4.配合产品、运营等，完成职责内工作及技术支撑工作。任职要求1.本科及以上学历，计算机相关专业优先；2.有安卓相关项目经验优先。,国企  |  500-1000人
Android Game 优化工程师,三星电子（中国）研发中心,9千-1.3万·13薪,南京-雨花台区,本科,在校生/应届生,01-30发布,500-1000人,外资（非欧美）,计算机软件,,"工作职责1.Android游戏体验优化，包括性能和功耗等2.Android游戏OpenGL/vulkan版本优化3.Android游戏引擎优化4.Androidframeworksdk开发和维护任职要求：1.本科及以上学历，计算机或图形学相关专业优先。2.熟悉移动端GPU的架构及渲染流程3.熟悉OpenGL/Vulkan,有GraphicAPI使用经验4.熟悉Unity/Unreal游戏引擎5.熟练掌握Java,C/C++语言6.具备良好的沟通能力7.有Graphic经验，移动端游戏性能优化等相关经验优先★请应聘人在应聘全过程中注意不要泄漏目前在职公司的商业秘密。★请确认您投递的简历不包括目前在职公司的商业秘密。",外资（非欧美）  |  500-1000人
校招软件研发工程师（Android）,万得信息技术股份有限公司,1-1.5万,南京-建邺区,本科,在校生/应届生,01-30发布,1000-5000人,民营,计算机软件,,,民营  |  1000-5000人
Android驱动工程师,深圳东创技术股份有限公司东莞分公司,1.5-2.5万,深圳-宝安区,大专,在校生/应届生,01-29发布,1000-5000人,民营,原材料和加工,,岗位要求：1、大专及以上学历，电子或计算机相关专业；2、良好的沟通能力、团队精神、快速学习的能力；3、有一定的硬件基础，能够很好的理解硬件电路原理和芯片手册；4、熟悉Linux内核，拥有三年以上Qualcomm或MTK平台手机Android驱动开发经验；5、有高通平台camera驱动开发经验者优先，有系统稳定性、功耗、性能等优化经验者优先；岗位职责：1、负责Android常规外设驱动调试（LCM、TP、Camera、Gsensor、Msensor、电源管理等外设）2、解决项目中驱动相关bug3、负责Android下新功能模块的驱动调试工作4、有良好的团队协作精神和责任心，能够承受工作压力。5、熟悉linux驱动开发，有高通QM215/SDM450/SDM660/SM6115/SM6125等平台经验优先,民营  |  1000-5000人
Android开发工程师（2023届）,上海禾苗通信技术有限公司,8千-1.3万,上海-浦东新区,本科,在校生/应届生,01-29发布,1000-5000人,已上市,通信/电信/网络设备,成都市高新西区西芯大道30号,岗位职责：1.良好的学习习惯，不断向上的学习精神；2.根据入职后模块分配，处理相关模块的bug；3.根据入职后模块分配，负责对应的需求功能开发。任职要求：1.本科及以上学历，计算机、软件等相关专业；2.沟通表达能力较好，逻辑思维清晰，有较强的责任心及目标导向意识；3.具有良好的职业道德，踏实稳重，工作细心，有团队协作精神。,已上市  |  1000-5000人
Android System优化工程师,三星电子（中国）研发中心,9千-1.3万·13薪,南京-雨花台区,本科,在校生/应届生,01-30发布,500-1000人,外资（非欧美）,计算机软件,,"工作职责：1.Android系统问题定位和解决2.Android系统性能和功耗优化3.Android系统资源管理（CPU、Memory等）4.Androidframework开发和维护任职要求：1.本科及以上学历，计算机/通信专业优先。2.精通AndroidFramework相关开发（AMS,PMS等模块）3.精通AndroidSystem/Driver相关开发4.了解Android功耗和性能优化相关知识5.熟练掌握Java,C/C++，Python语言6.具备良好的沟通能力7.有Graphic经验，AI等相关经验优先★请应聘人在应聘全过程中注意不要泄漏目前在职公司的商业秘密。★请确认您投递的简历不包括目前在职公司的商业秘密。",外资（非欧美）  |  500-1000人
Android系统开发工程师-2023届(J12663),浙江零跑科技股份有限公司,1.5-2万·14薪,,,,01-30发布,5000-10000人,民营,汽车,,,民营  |  5000-10000人
Android开发工程师,深圳红酒世界电商股份有限公司,8千-1.5万,,,,01-28发布,150-500人,民营,互联网/电子商务,,,民营  |  150-500人
Android驱动工程师,深圳东创技术股份有限公司东莞分公司,1.5-2.5万,,,,01-29发布,1000-5000人,民营,原材料和加工,吉大九洲大道中1082号中电大厦305B,,民营  |  1000-5000人
Android开发工程师（会跨平台优先）,武汉智群企业管理咨询有限公司,5千-1万,,,,01-07发布,少于50人,民营,计算机软件,深圳市宝安区西乡街道宝源路名优采购中心B座3区511室,,民营  |  少于50人
嵌入式软件工程师（应届生）,深圳市昊唐科技有限公司,12-18万/年,,,,12-26发布,150-500人,民营,汽车,智慧路18号O-PARK大厦18楼,,民营  |  150-500人
上位机工程师,上海何因生物科技有限公司,7千-1.3万·13薪,,,,01-16发布,少于50人,民营,制药/生物工程,成都市天府新区集萃路619号天府海创园2号地块1号楼,,民营  |  少于50人
Android开发工程师（23年应届）,上海卓易科技股份有限公司,8千-1.6万·13薪,,,,12-28发布,150-500人,已上市,互联网/电子商务,广东省佛山市南海区桂城深海路17号瀚天科技城A区5号楼（1号门）5楼,,已上市  |  150-500人
Android开发工程师,广东广凌信息科技股份有限公司,3-4千,,,,12-15发布,50-150人,已上市,计算机服务(系统、数据服务、维修),南海大道1029号万融大厦A座7楼,,已上市  |  50-150人
Android软件工程师（23届校招）,三星（中国）半导体有限公司,17-34万/年,,,,01-22发布,5000-10000人,外资（非欧美）,计算机软件,广州三星通信研究院,,外资（非欧美）  |  5000-10000人
Android/iOS开发工程师,上海萌果信息科技有限公司,8千-1.5万,,,,01-17发布,50-150人,民营,网络游戏,中惠国际金融中心,,民营  |  50-150人
Android应用软件开发工程师,上海甲金通信科技有限公司,10-20万/年,,,,01-17发布,50-150人,民营,通信/电信/网络设备,,,民营  |  50-150人
Android开发工程师（2023届）(J10562),中储南京智慧物流科技有限公司,7千-1.2万,南京-鼓楼区,本科,在校生/应届生,01-14发布,1000-5000人,国企,互联网/电子商务,,工作职责:1、负责智运各产品的移动客户端设计与开发；2、负责基础模块和组件的研发和维护；3、负责移动客户端的技术栈搭建，推动技术创新，通过技术提升用户体验，优化产品功能。任职资格:1、2023届统招本科及以上学历，计算机等相关专业；2、有扎实的计算机基础知识，掌握算法和数据结构，熟悉计算机网络知识；3、掌握一种及以上的编程语言，了解HTTP/HTTPS/HTTP2、TCP/IP协议；4、具备良好的责任心、较强的学习能力以及问题分析能力、良好的团队沟通与协作能力。加分项：1、有客户端相关实际项目经验或互联网公司实习经验者优先；2、有开源项目，或者参与过项目实践者优先。,国企  |  1000-5000人
Android开发工程师（实习/应届）,广州市鑫澳康科技有限公司,2.5-3.5千,广州-黄埔区,大专,在校生/应届生,01-13发布,150-500人,民营,电子技术/半导体/集成电路,,工作职责：1.根据任务安排，学习和熟悉公司项目与工具；2.根据产品设计，参与需求分析、开发、调试工作；3.负责触屏交互产品（Android平台）应用软件开发及维护；4.与项目相关产品、测试、前后端等人员沟通和合作；5、负责完成领导分配的其他工作。岗位要求：1、计算机相关专业；2、对Android系统架构有基本的理解，了解Java程序设计、JSON/XML解析、常用设计模式、基本的数据结构与算法、HTTP协议等；3、了解AndroidSDK各种组件，包括网络通讯、数据存储、UI布局、动画与控件等的使用，熟悉图形编程、多线程编程、网络编程、Service等；4、善于沟通与团队协作、责任心强、热爱学习，具有较强的执行能力和抗压能力，能保证项目的进度和质量；,民营  |  150-500人
Android开发工程师(J11141),广州中海达卫星导航技术股份有限公司,1-1.5万,广州-番禺区,本科,在校生/应届生,01-12发布,1000-5000人,已上市,电子技术/半导体/集成电路,虹梅路2007号三期1号楼9楼,"工作职责:1、根据公司要求完成基于Android系统平台的应用程序开发设计、调试工作；2、根据项目任务计划按时完成软件高质量编码和自测工作；3、对安卓开发有系统化的知识体系，良好的学习能力；4、按时按需完成软件的维护及更新。任职资格:1、本科及以上学历，地理信息或测绘相关专业；2、具备扎实的Java语言基础,能熟练使用AndroidSDK；3、熟练掌握AndroidUI开发，包括各种控件、布局方式、动画和自定义控件的使用方法；4、有良好的编程习惯，对安卓开发有系统化的知识体系，良好的学习能力。5、熟悉C/C++语言，熟悉NDK开发者优先。",已上市  |  1000-5000人
android驱动工程师（应届生）,深圳市阿龙电子有限公司,8千-1万,深圳-宝安区,本科,在校生/应届生,01-12发布,500-1000人,民营,电子技术/半导体/集成电路,,"职位描述1）精通C语言、C++2）本科电子或计算机等相关专业3）熟悉linux环境的应用编程,对嵌入式系统的硬件原理有一定了解，具有良好的英文文档阅读能力5）主要负责内核驱动调试和设备驱动开发6）能吃苦耐劳7）有MTK\Allwinner\Rockchip平台开发经验者优先员工一经录用，享有以下待遇：1、上班时间：5.5天制（周六4小时)：2、带薪假期：享受国家法定节假日、超长带薪春节假、婚假、产假、丧假、病假等法定带薪假期；3、带薪培训：新人岗前培训、职业技能培训等；4、入职即享受购买五险（养老、医疗、工伤、生育、失业）、住房公积金；5、团队活动：年度旅游、趣味活动、生日会、下午茶、年会等；6、提供住宿：四人间，空调、热水器、衣柜、书桌、配置齐全。",民营  |  500-1000人
Android开发工程师,广州市森锐科技股份有限公司,3.5-5千,广州-黄埔区,大专,在校生/应届生,01-11发布,150-500人,已上市,多元化业务集团公司,,,已上市  |  150-500人
Android应用开发工程师—应届毕业生,锦图计算技术（深圳）有限公司,7千-1.1万,深圳-南山区,本科,在校生/应届生,01-10发布,50-150人,民营,电子技术/半导体/集成电路,,Android应用开发工程师（应届毕业生）岗位职责：1、负责Android系统产品需求评审、设计评审、方案设计，设计文档输出；2、负责android车机应用、framework层开发；3、按软件需求完成界面、框架搭建、业务逻辑功能等设计；4、按照项目计划，在保证质量的前提下，按时完成开发任务；5、配合其他开发人员、测试人员，完成产品设计和发布；职位要求：1、相关本科及以上学历，计算机、软件、电子、音视频多媒体及相关专业;2、对Android应用开发感兴趣，有Java编程知识，对程序设计和良好的编码有定的认知；3、对Android应用开发框架(如：MVP)、感兴趣，有自定义控件的知识;4、对多线程、Service、aidl、JNI编程开发有一定的知识掌握;5、有Framework底层开发的认知，能够在framework层进行源码修改以及增加功能的基础上进行探索或感兴趣；6、能够承受较强的工作压力，有一定的逻辑思维分析、表达、沟通能力；,民营  |  50-150人
Android系统工程师(J10998),广州中海达卫星导航技术股份有限公司,9千-1.1万·13薪,广州-番禺区,本科,在校生/应届生,01-11发布,1000-5000人,已上市,电子技术/半导体/集成电路,,"工作职责:1、根据产品功能需求，对Android系统应用（Framework、Launcher、Setting、SystemUI等）进行软件定制设计，开发，移植及调试优化；2、根据项目计划完成文档撰写、编码、调试、自测等工作；3、负责项目软件版本管理及发布工作，解决软件在开发、调试、测试中发现的BUG。任职资格:1、大专以上学历，计算机/通信/电子等相关专业，5年以上Android系统开发经验,有MTK平台开发经验的优先2、熟练掌握Java语言，熟悉C、C++、Kotlin语言,熟悉基于Git的软件开发及管理流程；3、熟练掌握Android基本类库、UI界面绘制、后台运行、数据存储、网络通信机制等，熟悉JSON、HTTP、TCP/IP协议；4、熟悉Android系统框架，有Framework、Launcher、Setting等开发定制经验，且能独立开发小型Android应用；5、熟悉JNI/NDK开发，熟悉android系统Service、Binder、callback等机制。",已上市  |  1000-5000人
Android开发工程师（应届）,上海零与壹软件有限公司,8千-1.2万,上海-闵行区,本科,在校生/应届生,01-09发布,少于50人,民营,计算机软件,,,民营  |  少于50人
Android研发工程师,北京融安特智能科技股份有限公司,5-9千,黄石,大专,在校生/应届生,12-12发布,150-500人,已上市,互联网/电子商务,,,已上市  |  150-500人
android开发工程师,万达宝软件（深圳）有限公司,9千-1.3万,深圳-南山区,本科,在校生/应届生,12-09发布,150-500人,外资（非欧美）,计算机软件,,,外资（非欧美）  |  150-500人
Android初级开发工程师,深圳市金泰谊电子有限公司,6千-1.2万,深圳-南山区,本科,在校生/应届生,01-05发布,150-500人,创业公司,通信/电信/网络设备,,,创业公司  |  150-500人
Android开发工程师,深圳萨际通科技有限公司,7.5-8.1千·13薪,宁波-奉化区,本科,在校生/应届生,01-04发布,10000人以上,"民营  </p><p data-v-5190a29c="""" class=""int at"">计算机软件</p><button data-v-5190a29c="""" track-type=""searchTrackButtonClick"" event-type=""99"" trace-name=""申请职位-职位下"" class=""p_but""> 申请职位 </button></div></div><div data-v-5190a29c="""" sensorsname=""JobShortExposure"" sensorsdata=""{&quot;pageCode&quot;:&quot;sou|sou|soulb&quot;,&quot;shortPageCode&quot;:&quot;sou|sou|soulb&quot;,&quot;requestId&quot;:&quot;4c10cf55ae113f38e0d769fb3a94ffab&quot;,&quot;policyType&quot;:&quot;搜索&quot;,&quot;jobRank&quot;:4,&quot;jobId&quot;:&quot;121933010&quot;,&quot;pageNum&quot;:2}"" class=""e sensors_exposure"" style=""overflow: visible;""><div data-v-5190a29c="""" class=""e_icons ick""></div><a data-v-5190a29c="""" href=""https://jobs.51job.com/chengdu/121933010.html?s=sou_sou_soulb&amp;t=0_0&amp;req=4c10cf55ae113f38e0d769fb3a94ffab"" target=""_blank"" class=""el""><div data-v-5190a29c="""" class=""t"" style=""display: flex; align-items: center; height: 25px;""><span data-v-5190a29c="""" title=""Android研发工程师 - 抖音（成都）"" class=""jname at"">Android研发工程师 - 抖音（成都）</span><span data-v-5190a29c="""" class=""time"">01-04发布</span><div data-v-25fc73c5="""" data-v-5190a29c="""" class=""chat""><div data-v-25fc73c5="""" class=""chat-img""></div><span data-v-25fc73c5="""">立即沟通</span><div data-v-25fc73c5="""" class=""chat-detail""><div data-v-25fc73c5="""" class=""chat-detail-position""><div data-v-25fc73c5="""" class=""arrow""></div><div data-v-25fc73c5="""" class=""detail""><img data-v-25fc73c5="""" src=""data:image/png;base64,iVBORw0KGgoAAAANSUhEUgAAAFAAAABQCAYAAACOEfKtAAAAAXNSR0IArs4c6QAAAERlWElmTU0AKgAAAAgAAYdpAAQAAAABAAAAGgAAAAAAA6ABAAMAAAABAAEAAKACAAQAAAABAAAAUKADAAQAAAABAAAAUAAAAAAx4ExPAAATOElEQVR4Ac1cCXhT15X+nyTbsmVZNsbGGC8YG2MWAzYOW8zWEoY0hNBOEzJkAgn5aBaylQQnaWY6k6ZpWRoIdKYNbb9AaEM6YUjTpqF8nQzQj2xN2HeCCcTYBrzvsqzlzTlPiyVre096MnO+71r3nXvOuff+79z9Pgu4mfSzw0Nh15YBjjFUDAriGIjIAgQjxSnwL5PYSXEK9CvgOsUvEJOC5gK09mN4tqJJErsJf4RBzXPT1UTYG+bDgW8QUPMIjIkQxejKIAgi2TpJtg5Ag/3QZn6INbnmwapXdIWXU0oG6NVjs2B3LKeK3k0qKXLUopDpIDB3Q6vZiWfKDoEBjiHFDsCtFxPQ0/EABHEtAVcYwzoENy3gEkRhI5JSduDJ0ZbggpGnqA/g9st6NLQ8QkUi4MTsyIumoqYg1JO1jcgc8joeLOhV0TI5u5q07vAdZPHn5HEFcs3qW+tgqv4MhtozSGith8ZqhqhLgEMXD0d8IrqHl6Bz5GR05peTM0VZXAGXqWxP4PmKD+SWL5xclCVymX/1VC5slq1UuCXhMnSnJzZeRvahHTB9+YmbFfLXmpKJpokL0VS+GNYkU0jZsIkC3oMu4Uk8U3o1rGwYgegBXH94CbnGGzTFSAuTlyc5/fSHyNu3GYKtz8OTG3HE6dFYfhduTL8HtsRoxiOhlfrnlXiu4j25eQeSixzAd87E46veDQTcU4EMB+MNPbEXeX/ZHCxZNt+RYED9rOUSmKJGK1vPX1DYglH6KtwzXvnbJGORAfiLk2no6PsT6Vf6Fyg4J+n6RYz57VMQ7NbgQgpTeofmo2bh0+jKmaBQ00f8I6TEL8ZjE1t9uDIelAO46fgIWG37qL9TXOKSN59A0rXzMoqlUIQGl4Zbvov6OQ/CoY1TqOwSF3AacbqFWDO5TokBjRJhbDg2Glb7x5GAl/L1sdiAxxUQRWR+vhslO1ZD31KrqEoeYXYIrhvXUQHJ98D1R2lOJ35Chc1XYB9aay/Szu7HsM/3IKG5RolqRLIOvQGX73wB7YXTItKnlcvX1LPNxHPlPHcMS/IA3HwsFX32Q0o8TxAdyDj6PoYfehPaXtoHGEyiJn31tidogLkzsly5OcdrZ+H7ZW3hDIQHcNvhOLQJ/0ueNyucMXe6ztKNgj+8DOOVI27WTfmtnb8aDRWyp6a+ZRSEQ0gVv4mHK0KOeOH7wDasUwKexmrB6F1rbzp4jEbOh/+J1IvyJuq+6NETOwzXPQyFBnD90cXUbNeEseGTnL/3VSTeuOjDu5kPXJ74rubIisB133gkZD8QHMD1J3Joo3O7kpyT684g7dwBJSphZbUaDcrH5WLFXTOw6u5KFOZmhNXxFtCaO5D10e+8WcriDnEHJCwCq+kCs4kr2l6jv0OCpgdIyPr4rQBc5SytRsC0yUX41txyzKqcguS0dEBLRXXY8ciqHry/9yC2vLEXrR09soynn9onzREjWvqJjIGExXcDZRZ4ENlwZCEc4l8CKQTjaWhdO2nzkqCrjOllowmU0SguzEHG0CG03ynAYrWi19yL6w3NqLvWgua2DuRlZ2L+nHKkZw0HLfiDZYf2lmb87LWd2HvweFAZ74Sa27+Ppknf8mYpi2uE21E1Zd9AJX8AnRuhp8kFiwYKh3o21pygweNZPxF96hC8/qOVKJ04jo4wolmz+pnmjh4fHfoUP3nt97jR1B5AoJ/VNHkRLfkULdv7laWYUE0bsxMGbsz694HmjlVKwWP7CW3XBmRIjwTYj//9UZROLlUfPM6N5nuVs2di945X8J3bZ4Rc2PPeYnREDiVh42vFF0Ce84m0BR8Bafr8N3oTJkzHPGq2sSZDihEvvvAwtm95FqVj8gJm15uhaAEV0IaEDWPkRb4Atmvup7TAJfBSChQVRJsfe9GC6eR5/r2En6AqDAGlZaXY8foPsX3T0zAk6X2sRrzJ4GOFsHFi5OH6Aig6qjwpCiN9Rv/pxf0zVHjrCssB2o2ZOGUyDVYjfDStBkUTCh9dn4cBGPUDuPHoDJo08wF3RNRnyvLRE+L1yM0w+fAG7YH6xrElvgeBfaZh6mTPGDFWLuoH0O7g5hsxmTMLwdvtbtInJ7ujN+V34nivSYSgQR+dqahGXlg5AeTteQFLo8nAQRPdrvxJHhM6ncpTFo9leZHyySXU/Tr7X24d0W37D8iTsWLMiJwAXjHPpeYbdSfRWjLXk5Pd7vDEb0YkfYgJI0flSln3DqFVqZrEWDFmRE4ARbqrogK1lsyGXW+ULPX1RXRGo0Ip+k1YRWf1LGoDyFm4MHMBKKgCIB+GN1bcJdXAZonJTYp+dGTEWmhpyNQ71OmJMlTki4hOzDRYd9hE56Pl8jVDSzZU/CP4yBE0sbZa/eeGobXVTTW3t0u3HDpGTlHXMFtjzAg7DXSaSeSOqvX4Nn0yrk9zjkdXGkKvT9WvVb/FxsZW2ryxo27uSlhSaWNCbWLMCDsNbHSpUUUy6EQUL7gDNkMa/nbuuoqWlZmqrmuCeVgRGqd8W5miEmnCTkeuyLdCVaND05tQlmLFI8f/AX/77BRuGRaHbdvfQ319I+0taJBESyyTKRkpydTMKWO7nQIdQFksVujjdJhSNhZTp4xD4SjnyHn5Sh2+OHpOCj209ZUQHyfZieNpEk1Tujp70Nbeie6eXrJlx/BhQ/Hwyu9g//kWpC64Gz8s7sJPq43oU7GOHrAIOwHrj7xPi+RFHmYUkWy9A3XfcHpddU0Dlq/+CSztrcjPG45fbFqLrEzaGA1BnV09+Pm23djzx/3QJ9DUlNbRZrMF82ZNwYtrH0RaqnOED2aitb0Lz/xgC06c+pJ2nlLwwX9tRIpBj5mfDMWnbdK0LZhqhHzhfR05gUprHCBJ0/+ai/IyodcnoGz0BGRmDgkLHtfAmJyEb86pkADstfRPg2ZXloUFj/XTyLOnThlLXqpD/qh8CTzmW6O8Rcw2glAW7ZPzZW51qMXqu/NSOY/Op1cswFPPb5KdAV945ib85KNLkWI04Ffb/yBblwUvX7mGdS+thinFuZS0EXjnuqiasSAByRpawqm2aG2xatBgcU4tubz3L5oJgyERudnDcPFSrawqXPqqDk8/di/GFo/EiOEZeGDZHaR7VZZuc2s74qgfdYPHSic74tBt932xsozJEhKNGnrhqnkg57mjNsmT9eg85xbXPy9diJ1vf+Dhh4pc+foaxozu3wYrGDkCDTQlkUNv7/4rlt29wEf0y27VZmg+dqUHwo5GYf5MoL/v8pdSxvn1VQOqCrt8lHhEdThE7HjrzyjIH4G0NCPiaTTlbB0OB5qa2uhQqRGXLtdi4vhCH11+mFdZjh+89EvaonJ6ZWYGHUpptTwIo6/PivaObtSTfm19A8aVFPjo15hjCCBhR6Pw4RryQlXXOhfmNKDY4LsK4YqePFON7i4zXYKyQSRANXTmGx8XB31iPA0ARozIzkBiYv+WmDcSvTQaM0BtHV0w91jQRyd6DD6P1DqdDsnUVUwYW0gDl+9o+9iZVPzy6/5W4W0z6jhdwaFRWPoCKGpb3gYONsf7AcgeV0FzvEhJn5iAokLl77k6pk1Y6KRBRPRtb5HW0Evv83ZfL/BKGvTo2ViNwFJNRAJQRIDzyOjq+XHL/w8Af0P9cV1vDPtA4LqGtm0vRAeXv/b5bh34zb9dH+1ZrL9tuZxFh9Ox6pRJrnhkcoQdzTAZQPVGYXdJZn6agU6aWJeZbCgxhLxi51ZR7dfqEHBwUFqBcIFmvep7ICPRTuDxpv7ehgTVgJFr6O/UB3fbYjV59i4FA2iIP0GrkZi5yJ9uDD6A+xoHoQ9mzAg7DVaPp1FY+MIbVzXjh1oSUBvLyWyAwv75RuC5ZADRKFiEGWHnOhMR90dhKaQqN+PfXYvRRDZAzic648Ah5iQ6MXMCKNCX3jEkXgnwrshg0I+rVdsbCV1cF2ZOAKdO4S+7G0JrRJ7K69E912PfrP5ITfe/rw3C1ImxYsyInADOE3jhuityiMJrvnTRGFMvrO7R4qGTqeELoo7ELjgxcwHIRgXxt+rYDmyFNzV/Tf9zIibEd6dPGtFM+5GDQl5Y9edYVXGUmvHJWBbgZfJC2Pu36lXJi9cA7bWx23UeWEjGiLFyUT+AzBCEde6EWPy29tFA0l5PCx8em1WiDrJHh/gmre/2mUrW/c0MwMgXwJFl7xCK1f5a6nCkkZiaGzpuqANiZyOdGJmlTyAydTFbC3hVnrCRMOpn+QJ4j2CPpReScRq2aHeEm3EHbQJF8Mm/s+jUbrubCLxuskfLebKZkzAIALL3MUZe5AsgJ0wte5PqedpLRrUod1d2DS2z+KMZ3s/vJg/qbiGmgsqLVP4eOiOhz2j5Oq/0QjRxyNcrsBFJjRgTxmYA+QPIw7MgPDZATrXHXgd5oECBPZF/2Ru7m51AWujLI0egvozAttFtr166bcXNlj2XPU+y4/TAwkSVB6eBNWZMXFMX7ySqQQD6n1/VYP73RlHKpACpilg6arWFegtmp9lwb44Dc0zt0PJpEF27lQCQfumZyUFexJ5lJSClX+rfON5HgUHj/lOSZ122wS/BGR9ujKf/4pGBFK0DNjor6aTdGPZ4lWgn/XePLYFs0esLQkmaZ2F2LKBS+N4eDyIejP3aBCuyLTfoTkySFHRaqrjoem+MG9dy4C8bc/M4wnEmD8/56P2cobFiVZGOroLQ52O9Fhy3mvDE5yp4Jf+3uETCIgjR6wtCT5ZTW8EyKnVUc47l88qQnZ0tZaKhHUINNz3uA7n/Elxx6Zf7M3qW0r3ibnnvNEmfZUnOZUtLp7M60So5ZmZmBpZWFAWpmBK2VPdlcGIRUDE4gCz+XMUBess/Cqgpg1lgioeRTtOmTp2K4uJimHT0LqRmR5XnpufuBxkcN9/Nk/o38lTp2SvdLcegS82XmzEHHfRiL3JyciivMcgwJmJoIslEQ1x3xiAEhQaQFavKXyYQ94awETRp6nCDlCZQf1VQUICS8mn0AW2e08skj3J5Gh2S00m5i89e5Yqzd7GXMYh09ivx3WnMk9JYhuJDcpFTPAnDhvX3ODOynfkHLWCoBK4z1z0MhQdQIDdOlf7v39/D2PJLvjXHd2tJl0D7ggXTgeK5gImatQcMAkFqxgSED2/As9tT3TL8a6TLZaNnk90Z0Cb4rrXn5EV4a0UQPpPqzHUPQ+7uOYwYJf/HuXR0dX9EsZLwwk6JUyvHYUKGb6W8dR3mNmgaL9Hyjk9WFY6ZyZlAZhFgCH7n8FSjGRPfOOudpZz4ebrmUInHx9LcKjzJB5BtSZ++2/5Kk+Cx4Uznp8TjyqOl4cSkdButZcXmK4hrq3HO94JpcVNNzYGYXgDB9TlFMFE3v2jbaVxqozmkHBKEc9RXLMBzk2rliLNM+CbsbYkNx+kraaj7zJsdKF411XkzK1DaQJ6OvquLo/8TKJbMR19eBexG8i5pjuKSTDTBkV1K6QuAERNlg8faa25hWzKI68R1UwAeW1UGIGusGU+Xj+n/qQBB76vNSHfg24XJ0p1lVpFLAo2q8abh0I6chu68mdi27zCuGcnZi2ZDkz6SBlvqKxWQlS4g3ZmXgDVjBZjiQnYRH0h14ropJGVN2Nu4SJ8BbTjyIrH+jbovalvAqCQH1pal4Hu3FkvfqfHtKf5iKY5uYPF1NLnU1d6C+x94CDU1NUhNTcWO32xDbgH1dzLJZrNJ+XKeCQnOY9UuuqC+/Yuv8Ma5bhxvc/mNAN4YeIn+F8Ir1KrCDhiBso8cQJe1rM1fzF2cr9u1bMKw4bOLsqgc/iYt9NUS36Dna2jx8bSZEIJ6e7qx9N5/Qm1dnUfKYDDgnd/vQlZ2joc3MCLS5gTnwS+M43q9PuhLu3ijFbtP1l/bfcm87PijtxwcaEvJs39tlWi7ZKnAQym6nsKDFALa5MqZzXQ3kJoVA8mg8P1Ab2KPXbFiBc6e9R8509PT8e677yJ5wGe0DBbbdH+bx97u9jpv215xbsvbKVTRy5Y10nrp+kV9a+CXLI9BBWmi8BBJV1I4EUiLmxNXngOD2dTUhJaWFlq30gjMW1tEW7duDQgepzU3N6OqqkqSZXlupqzb1dVF35hYPC8lDHhctkouqxrgcbkCegsnREpUOe7s7qPwAoWgc0auPHskV549kQFZvJj+05QLzED5s9yePXvoinCalEwgSM2Uu4Uwfex5UvgphbdIh/s91UgVD/QuDReQwk7ijadwD4XD3unuOPdRDERGRgZ9uWSSBovbbrvNnRzwl5s3y3MzZX3uBhITE0OBx3lzGcZzmdQGjwupugey0YFEXjWBeMspsGc6t2YGCtFzT08PNm7ciAMHDqCzs9MjwR5233334fHHH/fwQkTolAlvUWDAYrKz7p236h7obdwd54pQqKLnXAq3UvhXCgco9FLwEO8ZLlmyRGraHiZFeJAoLQ26qmEbbIttsu1czmswwKO8BscDOaNARJ6pb++xjneI9jHU9Y3p7u4a8y/Pr81qbWkxkryRQEhmPZLrSkpK7nxl44bOIWnp10n2AnV/FzSC9oIpKe4Myfm8iEB5xYr3fwhNyOCVZit/AAAAAElFTkSuQmCC"" alt="""" class=""detail-img""><div data-v-25fc73c5="""" class=""detail-info""><p data-v-25fc73c5="""" class=""detail-info-name""></p><p data-v-25fc73c5="""" class=""detail-info-job""><span data-v-25fc73c5="""" class=""detail-info-job-posi""></span><!----></p><div data-v-25fc73c5="""" class=""detail-info-tag""><!----></div></div><div data-v-25fc73c5="""" class=""detail-download""><div data-v-25fc73c5="""" class=""detail-download-qrcode""><img data-v-25fc73c5="""" src=""https://img01.51jobcdn.com/we/images/logo.png"" alt="""" class=""logo""></div><p data-v-25fc73c5="""" class=""detail-download-tip"">来App与HR沟通！</p></div></div></div></div></div></div><p data-v-5190a29c="""" class=""info""><span data-v-5190a29c="""" class=""sal"">2.5-5万</span><span data-v-5190a29c="""" class=""d at""><span data-v-5190a29c="""">成都</span><span data-v-5190a29c="""">|</span><span data-v-5190a29c="""">在校生/应届生</span><span data-v-5190a29c="""">|</span><span data-v-5190a29c="""">本科</span></span></p><p data-v-5190a29c="""" class=""tags""><span data-v-5190a29c="""" title=""六险一金""><i data-v-5190a29c="""">六险一金</i></span><span data-v-5190a29c="""" title=""弹性工作""><i data-v-5190a29c="""">弹性工作</i></span><span data-v-5190a29c="""" title=""免费三餐""><i data-v-5190a29c="""">免费三餐</i></span><span data-v-5190a29c="""" title=""租房补贴""><i data-v-5190a29c="""">租房补贴</i></span><span data-v-5190a29c="""" title=""带薪休假""><i data-v-5190a29c="""">带薪休假</i></span><span data-v-5190a29c="""" title=""下午茶""><i data-v-5190a29c="""">下午茶</i></span><span data-v-5190a29c="""" title=""扁平管理""><i data-v-5190a29c="""">扁平管理</i></span><span data-v-5190a29c="""" title=""大牛带队""><i data-v-5190a29c="""">大牛带队</i></span><span data-v-5190a29c="""" title=""晋升空间大""><i data-v-5190a29c="""">晋升空间大</i></span><span data-v-5190a29c="""" title=""团队氛围好""><i data-v-5190a29c="""">团队氛围好</i></span></p></a><div data-v-5190a29c="""" class=""er""><a data-v-5190a29c="""" href=""https://jobs.51job.com/all/coUzdTMANlATdTNAFgB2U.html"" target=""_blank"" title=""字节跳动"" class=""cname at"">字节跳动</a><p data-v-5190a29c="""" class=""dc at"">民营",计算机软件,,基于安卓平台的功能开发处理相关BUG和漏洞协议认证测试跟踪解决问题,民营  
Android研发工程师 - 抖音（成都）,字节跳动,2.5-5万,成都,本科,在校生/应届生,01-04发布,少于50人,民营,互联网/电子商务,,"职位描述：1、负责公司移动产品的抖音短视频研发,编写高质量的代码；2、和产品经理配合,深度参与手机产品需求讨论,功能定义等；3、设计良好的代码结构,不断迭代重构。职位要求：1、智能手机爱好者和使用者,追求良好的用户体验；2、热爱移动产品研发,愿意在移动开发领域深入钻研,并成为专家；3、有良好的编程习惯,代码结构清晰,命名规范；4、熟练掌握JAVA,熟悉AndroidSDK,熟悉Android的UI/网络/数据库框架；5、具备Android开发经验,能独立开发AndroidApp；6、对软件产品有强烈的责任心,具备良好的沟通能力和优秀的团队协作能力。",民营  |  10000人以上
应届软件工程师,苏州必捷网络有限公司,4.5-8千,苏州-相城区,本科,在校生/应届生,01-30发布,150-500人,民营,计算机软件,,1、计算机、通信、电子等相关专业本科及以上学历；2、熟悉c/c++/java/objectc/js编程语言中的一种，熟悉linux系统者或Android/ios开发的优先；3、具有良好的编程习惯及团队合作精神。4、可提供住宿，薪资福利待遇从优，试用期缴纳五险一金，享受带薪假期，不定期团建活动，公司拥有一批年轻化团队，欢迎您随时加入哦！,民营  |  少于50人
Android开发工程师,武汉捌加柒科技有限公司,6-8千,武汉,本科,在校生/应届生,12-07发布,10000人以上,"民营  </p><p data-v-5190a29c="""" class=""int at"">计算机软件</p><button data-v-5190a29c="""" track-type=""searchTrackButtonClick"" event-type=""99"" trace-name=""申请职位-职位下"" class=""p_but""> 申请职位 </button></div></div><div data-v-5190a29c="""" sensorsname=""JobShortExposure"" sensorsdata=""{&quot;pageCode&quot;:&quot;sou|sou|soulb&quot;,&quot;shortPageCode&quot;:&quot;sou|sou|soulb&quot;,&quot;requestId&quot;:&quot;4c10cf55ae113f38e0d769fb3a94ffab&quot;,&quot;policyType&quot;:&quot;搜索&quot;,&quot;jobRank&quot;:8,&quot;jobId&quot;:&quot;124087224&quot;,&quot;pageNum&quot;:2}"" class=""e sensors_exposure"" style=""overflow: visible;""><div data-v-5190a29c="""" class=""e_icons ick""></div><a data-v-5190a29c="""" href=""https://jobs.51job.com/shanghai/124087224.html?s=sou_sou_soulb&amp;t=0_0&amp;req=4c10cf55ae113f38e0d769fb3a94ffab"" target=""_blank"" class=""el""><div data-v-5190a29c="""" class=""t"" style=""display: flex; align-items: center; height: 25px;""><span data-v-5190a29c="""" title=""Android研发工程师 — 抖音基础技术"" class=""jname at"">Android研发工程师 — 抖音基础技术</span><span data-v-5190a29c="""" class=""time"">01-04发布</span><div data-v-25fc73c5="""" data-v-5190a29c="""" class=""chat""><div data-v-25fc73c5="""" class=""chat-img""></div><span data-v-25fc73c5="""">立即沟通</span><div data-v-25fc73c5="""" class=""chat-detail""><div data-v-25fc73c5="""" class=""chat-detail-position""><div data-v-25fc73c5="""" class=""arrow""></div><div data-v-25fc73c5="""" class=""detail""><img data-v-25fc73c5="""" src=""data:image/png;base64,iVBORw0KGgoAAAANSUhEUgAAAFAAAABQCAYAAACOEfKtAAAAAXNSR0IArs4c6QAAAERlWElmTU0AKgAAAAgAAYdpAAQAAAABAAAAGgAAAAAAA6ABAAMAAAABAAEAAKACAAQAAAABAAAAUKADAAQAAAABAAAAUAAAAAAx4ExPAAATOElEQVR4Ac1cCXhT15X+nyTbsmVZNsbGGC8YG2MWAzYOW8zWEoY0hNBOEzJkAgn5aBaylQQnaWY6k6ZpWRoIdKYNbb9AaEM6YUjTpqF8nQzQj2xN2HeCCcTYBrzvsqzlzTlPiyVre096MnO+71r3nXvOuff+79z9Pgu4mfSzw0Nh15YBjjFUDAriGIjIAgQjxSnwL5PYSXEK9CvgOsUvEJOC5gK09mN4tqJJErsJf4RBzXPT1UTYG+bDgW8QUPMIjIkQxejKIAgi2TpJtg5Ag/3QZn6INbnmwapXdIWXU0oG6NVjs2B3LKeK3k0qKXLUopDpIDB3Q6vZiWfKDoEBjiHFDsCtFxPQ0/EABHEtAVcYwzoENy3gEkRhI5JSduDJ0ZbggpGnqA/g9st6NLQ8QkUi4MTsyIumoqYg1JO1jcgc8joeLOhV0TI5u5q07vAdZPHn5HEFcs3qW+tgqv4MhtozSGith8ZqhqhLgEMXD0d8IrqHl6Bz5GR05peTM0VZXAGXqWxP4PmKD+SWL5xclCVymX/1VC5slq1UuCXhMnSnJzZeRvahHTB9+YmbFfLXmpKJpokL0VS+GNYkU0jZsIkC3oMu4Uk8U3o1rGwYgegBXH94CbnGGzTFSAuTlyc5/fSHyNu3GYKtz8OTG3HE6dFYfhduTL8HtsRoxiOhlfrnlXiu4j25eQeSixzAd87E46veDQTcU4EMB+MNPbEXeX/ZHCxZNt+RYED9rOUSmKJGK1vPX1DYglH6KtwzXvnbJGORAfiLk2no6PsT6Vf6Fyg4J+n6RYz57VMQ7NbgQgpTeofmo2bh0+jKmaBQ00f8I6TEL8ZjE1t9uDIelAO46fgIWG37qL9TXOKSN59A0rXzMoqlUIQGl4Zbvov6OQ/CoY1TqOwSF3AacbqFWDO5TokBjRJhbDg2Glb7x5GAl/L1sdiAxxUQRWR+vhslO1ZD31KrqEoeYXYIrhvXUQHJ98D1R2lOJ35Chc1XYB9aay/Szu7HsM/3IKG5RolqRLIOvQGX73wB7YXTItKnlcvX1LPNxHPlPHcMS/IA3HwsFX32Q0o8TxAdyDj6PoYfehPaXtoHGEyiJn31tidogLkzsly5OcdrZ+H7ZW3hDIQHcNvhOLQJ/0ueNyucMXe6ztKNgj+8DOOVI27WTfmtnb8aDRWyp6a+ZRSEQ0gVv4mHK0KOeOH7wDasUwKexmrB6F1rbzp4jEbOh/+J1IvyJuq+6NETOwzXPQyFBnD90cXUbNeEseGTnL/3VSTeuOjDu5kPXJ74rubIisB133gkZD8QHMD1J3Joo3O7kpyT684g7dwBJSphZbUaDcrH5WLFXTOw6u5KFOZmhNXxFtCaO5D10e+8WcriDnEHJCwCq+kCs4kr2l6jv0OCpgdIyPr4rQBc5SytRsC0yUX41txyzKqcguS0dEBLRXXY8ciqHry/9yC2vLEXrR09soynn9onzREjWvqJjIGExXcDZRZ4ENlwZCEc4l8CKQTjaWhdO2nzkqCrjOllowmU0SguzEHG0CG03ynAYrWi19yL6w3NqLvWgua2DuRlZ2L+nHKkZw0HLfiDZYf2lmb87LWd2HvweFAZ74Sa27+Ppknf8mYpi2uE21E1Zd9AJX8AnRuhp8kFiwYKh3o21pygweNZPxF96hC8/qOVKJ04jo4wolmz+pnmjh4fHfoUP3nt97jR1B5AoJ/VNHkRLfkULdv7laWYUE0bsxMGbsz694HmjlVKwWP7CW3XBmRIjwTYj//9UZROLlUfPM6N5nuVs2di945X8J3bZ4Rc2PPeYnREDiVh42vFF0Ce84m0BR8Bafr8N3oTJkzHPGq2sSZDihEvvvAwtm95FqVj8gJm15uhaAEV0IaEDWPkRb4Atmvup7TAJfBSChQVRJsfe9GC6eR5/r2En6AqDAGlZaXY8foPsX3T0zAk6X2sRrzJ4GOFsHFi5OH6Aig6qjwpCiN9Rv/pxf0zVHjrCssB2o2ZOGUyDVYjfDStBkUTCh9dn4cBGPUDuPHoDJo08wF3RNRnyvLRE+L1yM0w+fAG7YH6xrElvgeBfaZh6mTPGDFWLuoH0O7g5hsxmTMLwdvtbtInJ7ujN+V34nivSYSgQR+dqahGXlg5AeTteQFLo8nAQRPdrvxJHhM6ncpTFo9leZHyySXU/Tr7X24d0W37D8iTsWLMiJwAXjHPpeYbdSfRWjLXk5Pd7vDEb0YkfYgJI0flSln3DqFVqZrEWDFmRE4ARbqrogK1lsyGXW+ULPX1RXRGo0Ip+k1YRWf1LGoDyFm4MHMBKKgCIB+GN1bcJdXAZonJTYp+dGTEWmhpyNQ71OmJMlTki4hOzDRYd9hE56Pl8jVDSzZU/CP4yBE0sbZa/eeGobXVTTW3t0u3HDpGTlHXMFtjzAg7DXSaSeSOqvX4Nn0yrk9zjkdXGkKvT9WvVb/FxsZW2ryxo27uSlhSaWNCbWLMCDsNbHSpUUUy6EQUL7gDNkMa/nbuuoqWlZmqrmuCeVgRGqd8W5miEmnCTkeuyLdCVaND05tQlmLFI8f/AX/77BRuGRaHbdvfQ319I+0taJBESyyTKRkpydTMKWO7nQIdQFksVujjdJhSNhZTp4xD4SjnyHn5Sh2+OHpOCj209ZUQHyfZieNpEk1Tujp70Nbeie6eXrJlx/BhQ/Hwyu9g//kWpC64Gz8s7sJPq43oU7GOHrAIOwHrj7xPi+RFHmYUkWy9A3XfcHpddU0Dlq/+CSztrcjPG45fbFqLrEzaGA1BnV09+Pm23djzx/3QJ9DUlNbRZrMF82ZNwYtrH0RaqnOED2aitb0Lz/xgC06c+pJ2nlLwwX9tRIpBj5mfDMWnbdK0LZhqhHzhfR05gUprHCBJ0/+ai/IyodcnoGz0BGRmDgkLHtfAmJyEb86pkADstfRPg2ZXloUFj/XTyLOnThlLXqpD/qh8CTzmW6O8Rcw2glAW7ZPzZW51qMXqu/NSOY/Op1cswFPPb5KdAV945ib85KNLkWI04Ffb/yBblwUvX7mGdS+thinFuZS0EXjnuqiasSAByRpawqm2aG2xatBgcU4tubz3L5oJgyERudnDcPFSrawqXPqqDk8/di/GFo/EiOEZeGDZHaR7VZZuc2s74qgfdYPHSic74tBt932xsozJEhKNGnrhqnkg57mjNsmT9eg85xbXPy9diJ1vf+Dhh4pc+foaxozu3wYrGDkCDTQlkUNv7/4rlt29wEf0y27VZmg+dqUHwo5GYf5MoL/v8pdSxvn1VQOqCrt8lHhEdThE7HjrzyjIH4G0NCPiaTTlbB0OB5qa2uhQqRGXLtdi4vhCH11+mFdZjh+89EvaonJ6ZWYGHUpptTwIo6/PivaObtSTfm19A8aVFPjo15hjCCBhR6Pw4RryQlXXOhfmNKDY4LsK4YqePFON7i4zXYKyQSRANXTmGx8XB31iPA0ARozIzkBiYv+WmDcSvTQaM0BtHV0w91jQRyd6DD6P1DqdDsnUVUwYW0gDl+9o+9iZVPzy6/5W4W0z6jhdwaFRWPoCKGpb3gYONsf7AcgeV0FzvEhJn5iAokLl77k6pk1Y6KRBRPRtb5HW0Evv83ZfL/BKGvTo2ViNwFJNRAJQRIDzyOjq+XHL/w8Af0P9cV1vDPtA4LqGtm0vRAeXv/b5bh34zb9dH+1ZrL9tuZxFh9Ox6pRJrnhkcoQdzTAZQPVGYXdJZn6agU6aWJeZbCgxhLxi51ZR7dfqEHBwUFqBcIFmvep7ICPRTuDxpv7ehgTVgJFr6O/UB3fbYjV59i4FA2iIP0GrkZi5yJ9uDD6A+xoHoQ9mzAg7DVaPp1FY+MIbVzXjh1oSUBvLyWyAwv75RuC5ZADRKFiEGWHnOhMR90dhKaQqN+PfXYvRRDZAzic648Ah5iQ6MXMCKNCX3jEkXgnwrshg0I+rVdsbCV1cF2ZOAKdO4S+7G0JrRJ7K69E912PfrP5ITfe/rw3C1ImxYsyInADOE3jhuityiMJrvnTRGFMvrO7R4qGTqeELoo7ELjgxcwHIRgXxt+rYDmyFNzV/Tf9zIibEd6dPGtFM+5GDQl5Y9edYVXGUmvHJWBbgZfJC2Pu36lXJi9cA7bWx23UeWEjGiLFyUT+AzBCEde6EWPy29tFA0l5PCx8em1WiDrJHh/gmre/2mUrW/c0MwMgXwJFl7xCK1f5a6nCkkZiaGzpuqANiZyOdGJmlTyAydTFbC3hVnrCRMOpn+QJ4j2CPpReScRq2aHeEm3EHbQJF8Mm/s+jUbrubCLxuskfLebKZkzAIALL3MUZe5AsgJ0wte5PqedpLRrUod1d2DS2z+KMZ3s/vJg/qbiGmgsqLVP4eOiOhz2j5Oq/0QjRxyNcrsBFJjRgTxmYA+QPIw7MgPDZATrXHXgd5oECBPZF/2Ru7m51AWujLI0egvozAttFtr166bcXNlj2XPU+y4/TAwkSVB6eBNWZMXFMX7ySqQQD6n1/VYP73RlHKpACpilg6arWFegtmp9lwb44Dc0zt0PJpEF27lQCQfumZyUFexJ5lJSClX+rfON5HgUHj/lOSZ122wS/BGR9ujKf/4pGBFK0DNjor6aTdGPZ4lWgn/XePLYFs0esLQkmaZ2F2LKBS+N4eDyIejP3aBCuyLTfoTkySFHRaqrjoem+MG9dy4C8bc/M4wnEmD8/56P2cobFiVZGOroLQ52O9Fhy3mvDE5yp4Jf+3uETCIgjR6wtCT5ZTW8EyKnVUc47l88qQnZ0tZaKhHUINNz3uA7n/Elxx6Zf7M3qW0r3ibnnvNEmfZUnOZUtLp7M60So5ZmZmBpZWFAWpmBK2VPdlcGIRUDE4gCz+XMUBess/Cqgpg1lgioeRTtOmTp2K4uJimHT0LqRmR5XnpufuBxkcN9/Nk/o38lTp2SvdLcegS82XmzEHHfRiL3JyciivMcgwJmJoIslEQ1x3xiAEhQaQFavKXyYQ94awETRp6nCDlCZQf1VQUICS8mn0AW2e08skj3J5Gh2S00m5i89e5Yqzd7GXMYh09ivx3WnMk9JYhuJDcpFTPAnDhvX3ODOynfkHLWCoBK4z1z0MhQdQIDdOlf7v39/D2PJLvjXHd2tJl0D7ggXTgeK5gImatQcMAkFqxgSED2/As9tT3TL8a6TLZaNnk90Z0Cb4rrXn5EV4a0UQPpPqzHUPQ+7uOYwYJf/HuXR0dX9EsZLwwk6JUyvHYUKGb6W8dR3mNmgaL9Hyjk9WFY6ZyZlAZhFgCH7n8FSjGRPfOOudpZz4ebrmUInHx9LcKjzJB5BtSZ++2/5Kk+Cx4Uznp8TjyqOl4cSkdButZcXmK4hrq3HO94JpcVNNzYGYXgDB9TlFMFE3v2jbaVxqozmkHBKEc9RXLMBzk2rliLNM+CbsbYkNx+kraaj7zJsdKF411XkzK1DaQJ6OvquLo/8TKJbMR19eBexG8i5pjuKSTDTBkV1K6QuAERNlg8faa25hWzKI68R1UwAeW1UGIGusGU+Xj+n/qQBB76vNSHfg24XJ0p1lVpFLAo2q8abh0I6chu68mdi27zCuGcnZi2ZDkz6SBlvqKxWQlS4g3ZmXgDVjBZjiQnYRH0h14ropJGVN2Nu4SJ8BbTjyIrH+jbovalvAqCQH1pal4Hu3FkvfqfHtKf5iKY5uYPF1NLnU1d6C+x94CDU1NUhNTcWO32xDbgH1dzLJZrNJ+XKeCQnOY9UuuqC+/Yuv8Ma5bhxvc/mNAN4YeIn+F8Ir1KrCDhiBso8cQJe1rM1fzF2cr9u1bMKw4bOLsqgc/iYt9NUS36Dna2jx8bSZEIJ6e7qx9N5/Qm1dnUfKYDDgnd/vQlZ2joc3MCLS5gTnwS+M43q9PuhLu3ijFbtP1l/bfcm87PijtxwcaEvJs39tlWi7ZKnAQym6nsKDFALa5MqZzXQ3kJoVA8mg8P1Ab2KPXbFiBc6e9R8509PT8e677yJ5wGe0DBbbdH+bx97u9jpv215xbsvbKVTRy5Y10nrp+kV9a+CXLI9BBWmi8BBJV1I4EUiLmxNXngOD2dTUhJaWFlq30gjMW1tEW7duDQgepzU3N6OqqkqSZXlupqzb1dVF35hYPC8lDHhctkouqxrgcbkCegsnREpUOe7s7qPwAoWgc0auPHskV549kQFZvJj+05QLzED5s9yePXvoinCalEwgSM2Uu4Uwfex5UvgphbdIh/s91UgVD/QuDReQwk7ijadwD4XD3unuOPdRDERGRgZ9uWSSBovbbrvNnRzwl5s3y3MzZX3uBhITE0OBx3lzGcZzmdQGjwupugey0YFEXjWBeMspsGc6t2YGCtFzT08PNm7ciAMHDqCzs9MjwR5233334fHHH/fwQkTolAlvUWDAYrKz7p236h7obdwd54pQqKLnXAq3UvhXCgco9FLwEO8ZLlmyRGraHiZFeJAoLQ26qmEbbIttsu1czmswwKO8BscDOaNARJ6pb++xjneI9jHU9Y3p7u4a8y/Pr81qbWkxkryRQEhmPZLrSkpK7nxl44bOIWnp10n2AnV/FzSC9oIpKe4Myfm8iEB5xYr3fwhNyOCVZit/AAAAAElFTkSuQmCC"" alt="""" class=""detail-img""><div data-v-25fc73c5="""" class=""detail-info""><p data-v-25fc73c5="""" class=""detail-info-name""></p><p data-v-25fc73c5="""" class=""detail-info-job""><span data-v-25fc73c5="""" class=""detail-info-job-posi""></span><!----></p><div data-v-25fc73c5="""" class=""detail-info-tag""><!----></div></div><div data-v-25fc73c5="""" class=""detail-download""><div data-v-25fc73c5="""" class=""detail-download-qrcode""><img data-v-25fc73c5="""" src=""https://img01.51jobcdn.com/we/images/logo.png"" alt="""" class=""logo""></div><p data-v-25fc73c5="""" class=""detail-download-tip"">来App与HR沟通！</p></div></div></div></div></div></div><p data-v-5190a29c="""" class=""info""><span data-v-5190a29c="""" class=""sal"">3-6万</span><span data-v-5190a29c="""" class=""d at""><span data-v-5190a29c="""">上海</span><span data-v-5190a29c="""">|</span><span data-v-5190a29c="""">在校生/应届生</span><span data-v-5190a29c="""">|</span><span data-v-5190a29c="""">本科</span></span></p><p data-v-5190a29c="""" class=""tags""><span data-v-5190a29c="""" title=""股票期权""><i data-v-5190a29c="""">股票期权</i></span><span data-v-5190a29c="""" title=""弹性工作""><i data-v-5190a29c="""">弹性工作</i></span><span data-v-5190a29c="""" title=""免费三餐""><i data-v-5190a29c="""">免费三餐</i></span><span data-v-5190a29c="""" title=""租房补贴""><i data-v-5190a29c="""">租房补贴</i></span><span data-v-5190a29c="""" title=""带薪休假""><i data-v-5190a29c="""">带薪休假</i></span><span data-v-5190a29c="""" title=""下午茶""><i data-v-5190a29c="""">下午茶</i></span><span data-v-5190a29c="""" title=""扁平管理""><i data-v-5190a29c="""">扁平管理</i></span><span data-v-5190a29c="""" title=""健身瑜伽""><i data-v-5190a29c="""">健身瑜伽</i></span><span data-v-5190a29c="""" title=""用户过亿""><i data-v-5190a29c="""">用户过亿</i></span><span data-v-5190a29c="""" title=""大牛带队""><i data-v-5190a29c="""">大牛带队</i></span></p></a><div data-v-5190a29c="""" class=""er""><a data-v-5190a29c="""" href=""https://jobs.51job.com/all/coUzdTMANlATdTNAFgB2U.html"" target=""_blank"" title=""字节跳动"" class=""cname at"">字节跳动</a><p data-v-5190a29c="""" class=""dc at"">民营",计算机软件,,,民营  |  150-500人
Android驱动开发工程师,深圳萨际通科技有限公司,7.5-8.1千·13薪,宁波-奉化区,本科,在校生/应届生,01-04发布,50-150人,民营,计算机软件,漕河泾科技绿洲一期21A栋10层,开发平台底层软件关键物料替换程序调试新芯片功能集成及开发支持开发平台的各种软件调试工作上班地点,民营  
Android研发工程师 — 抖音基础技术,字节跳动,3-6万,上海,本科,在校生/应届生,01-04发布,少于50人,外资（非欧美）,互联网/电子商务,,"职位描述：1、参与抖音Android客户端架构的设计与优化；2、参与抖音Android客户端的性能优化和体验优化；3、参与性能监控、静态代码分析、自动化测试等效率工具的开发，提升客户端的问题排查效率；4、调研新技术，并应用到现有产品中，提高客户端的技术能力。职位要求：1、热爱移动产品研发，愿意在移动开发领域深入钻研，并成为专家；2、有良好的编程习惯，代码结构清晰，命名规范；3、熟练掌握JAVA，熟悉AndroidSDK，熟悉Android的UI、网络等技术；4、一年以上Android开发经验,能独立开发AndroidApp；5、有强烈的责任心，具备良好的沟通能力和优秀的团队协作能力；6、有较强的技术好奇心、自驱力，具备优秀的解决问题和逻辑思维能力。",民营  |  10000人以上
Android开发工程师,柳州市奇贝教育咨询有限公司,3-4.5千,柳州,本科,在校生/应届生,12-31发布,5000-10000人,民营,计算机软件,,,民营  |  50-150人
Linux软件工程师,苏州东荃资讯科技有限公司,5-8千·13薪,苏州,大专,在校生/应届生,01-30发布,150-500人,民营,计算机硬件,苏州高新区科技城,"岗位职责：1、参与本公司产品AndroidSDK开发维护，Linux驱动开发、HAL层开发和相关问题的定位分析；2、负责产品开发过程软硬件联合调试、故障定位和修复；3、客户产品疑难问题分析定位；4、根据产品设计报告和产品开发进度，开发相应的软件模块，编写相应的技术文档。岗位要求：1、计算机、电子、通讯、自动化相关专业大专及以上学历；2、熟练掌握C语言；3、熟悉Linux的驱动框架；4、对嵌入式系统的硬件原理有一定了解，有一定软硬件调试能力，能读懂硬件电路原理图；5、工作态度端正、责任心强，具有较强的逻辑分析能力、动手能力和沟通能力，具有团队合作精神和主动性；福利待遇：1、入职即缴纳五险一金;2、每年依据员工绩效状况调整薪资;3、每年根据年终考核发放年终奖金(1个月薪资左右)；4、推行五天8小时工作制，享受国家法定节假日；5、季度聚餐，年终尾牙抽奖；6,、节日福利;",外资（非欧美）  |  少于50人
Android应用开发工程师,深圳市康冠科技股份有限公司,1-1.6万,深圳,本科,在校生/应届生,12-30发布,500-1000人,已上市,电子技术/半导体/集成电路,,,民营  |  5000-10000人
Android开发工程师（应届生）,上海联适导航技术股份有限公司,8千-1.1万,上海,本科,在校生/应届生,12-04发布,少于50人,民营,电子技术/半导体/集成电路,,,民营  |  150-500人
嵌入式工程师LINUX/ANDROID（校招）,成都国星通信有限公司,1-1.5万,成都,本科,在校生/应届生,12-28发布,5000-10000人,民营,通信/电信/网络设备,,学历及专业本科及以上学历，计算机、电子、通信等相关专业知识与技能1．	掌握C/C++开发语言和OS、ARM的相关知识。2．	熟练掌握计算机原理和编译原理。3．熟悉LINUX/ANDROID等操作系统架构、了解CPU及外围器件。4．有一定的器件选型和原理图绘制能力。5．具备良好的个人沟通能力与团队协作精神，能承受一定的工作压力。6．具有良好的英语读写和语言表达能力，可以顺畅理解英文手册。岗位职责1．	参与LINUX/ANDROID平台的器件选型和原理图绘制。2．	负责LINUX/ANDROID系统上驱动程序开发、操作系统裁剪以及其他功能的定制开发。3．	负责编写相关设计的技术文档。,已上市  |  500-1000人
Android开发工程师,上海游盾网络科技有限公司,1-1.5万,上海-普陀区,本科,在校生/应届生,12-28发布,50-150人,民营,计算机软件,,,民营  |  少于50人
Android应用开发工程师,深圳市康冠科技股份有限公司,1-1.6万,深圳,本科,在校生/应届生,12-30发布,500-1000人,已上市,电子技术/半导体/集成电路,工美港国际数字创新中心23栋2楼,,民营  |  5000-10000人
c++软件工程师（实习生）,合肥瑞识智能科技有限公司,3-4千,合肥-蜀山区,本科,在校生/应届生,01-30发布,500-1000人,民营,电子技术/半导体/集成电路,武汉经济技术开发区科技园东路1号,1、算法实现、维护、完善和提高；2、图像处理；3、嵌入式系统数据采集和蓝牙传输；4、输出相关文档；任职要求：1、本科及以上，计算机/电子信息工程/数学/物理专业，2023年毕业生，能保证3/4以上出勤率；2、有扎实的逻辑思维和独立分析解决问题的能力（数学/物理/计算机编程等相关课程成绩好）；3、熟悉C/C++与数据结构，熟悉指针操作；4、有图像处理、性能优化和多线程经验，会matlab、python、了解安卓/Java、内存管理等优先；5、具备踏实、沉稳、努力、进取的精神，工作积极主动，有责任心。,民营  |  50-150人
Android软件工程师（校招）,成都国星通信有限公司,1.5-2.5万,成都,硕士,在校生/应届生,12-28发布,5000-10000人,民营,通信/电信/网络设备,北站社区汇德大厦1号楼43层,学历及专业硕士及以上学历，计算机、软件等相关专业知识与技能1.	掌握操作系统、数据结构、数据库等基础理论。2.	具有一定Android操作系统下编程经验。3.	熟练掌握java开发语言。4.	熟练使用Androidstudio开发工具。5.	具备良好的个人沟通能力与团队协作精神，能承受一定的工作压力。岗位职责1.	负责基于安卓平台的软件设计和开发工作。2.	负责编写需求规格和软件设计等技术文档。3.	参与涉及软件的单元及系统级测试。,已上市  |  500-1000人
Android软件工程师（应届生）,深圳金三立视频科技股份有限公司,1-1.5万,,,,12-27发布,50-150人,民营,通信/电信/网络设备,,,民营  |  500-1000人
Android开发工程师,深圳市康冠科技股份有限公司,8千-1.4万,,,,12-30发布,50-150人,民营,电子技术/半导体/集成电路,,,民营  |  5000-10000人
软件工程师（产品方向）,中山市天启智能科技有限公司,8千-1.5万,,,,01-30发布,500-1000人,民营,计算机软件,,,民营  |  50-150人
初级软件开发工程师,中山市讯华软件有限公司,4-6千,,,,01-30发布,150-500人,已上市,计算机软件,东莞有方通信,,民营  |  50-150人
软件开发工程师（应届生）,江苏金旺智能科技有限公司,6-8千,,,,01-30发布,150-500人,民营,机械/设备/重工,,,民营  |  500-1000人
软件工程师（应届生）,创远信科（上海）技术股份有限公司,1-1.5万,南京-江宁区,本科,在校生/应届生,01-30发布,50-150人,民营,仪器仪表/工业自动化,广州市黄埔区春分路88号,,已上市  |  150-500人
软件开发工程师,飞依诺科技股份有限公司,8千-1.2万,,,,01-30发布,50-150人,民营,医疗设备/器械,高泾路599号C栋102室,,民营  |  150-500人
Java开发工程师(实习）,重庆云之佳科技股份有限公司,100元/天,,,,01-30发布,150-500人,已上市,计算机软件,,,民营  |  50-150人
Linux驱动开发工程师,宁波波导易联电子有限公司,6千-1万·16薪,,,,01-30发布,150-500人,民营,通信/电信/网络设备,,,民营  |  50-150人
软件工程师（应届生）,创远信科（上海）技术股份有限公司,1-1.5万,,,,01-30发布,150-500人,国企,仪器仪表/工业自动化,,,已上市  |  150-500人
Android开发工程师,深圳市汇联时代科技有限公司,0.8-1万,,,,12-20发布,50-150人,民营,通信/电信/网络设备,,,民营  |  150-500人
初级Android开发工程师,成都普什信息自动化有限公司,5-8千,成都,本科,在校生/应届生,12-20发布,150-500人,已上市,计算机服务(系统、数据服务、维修),东莞市石龙镇新城区龙升路2号,其他要求：1.计算机相关专业本科以上学历，熟悉Java程序设计与开发，一年以上Android平台开发经验优先；2.熟悉Java语言，熟练掌握Eclipse等开发工具，具备扎实的编码基本功和良好的编码习惯；3.熟悉Android平台下的网络通信机制，对基于Socket通信、TCP/IP等重要协议的开发有经验；4.熟悉SQL语言和数据库知识；5.了解软件开发流程；能编写软件开发流程中的各类文档；6.关注并了解关联技术的走向及发展；7.工作认真负责，善于沟通，谦虚好学；8.满足以下条件的可以优先考虑：？web相关开发经验的；？有.Net相关开发经验的；能熟练使用Photoshop等图像处理软件,国企  |  150-500人
Android开发工程师,江西科泰华软件有限公司,7千-1.4万,,,,12-12发布,5000-10000人,已上市,计算机软件,,,民营  |  50-150人
Android开发工程师(23届应届毕业生）,上海卓易科技股份有限公司,8千-1.6万·13薪,,,,12-03发布,50-150人,民营,互联网/电子商务,,,已上市  |  150-500人
Android开发工程师（校招）,CVTE,1-2万·13薪,,,,12-02发布,50-150人,民营,计算机硬件,华润大厦A座2901室,,已上市  |  5000-10000人
JAVA软件工程师--应届毕业生,珠海易思纬信息科技有限公司,4-7.5千,珠海-香洲区,本科,在校生/应届生,12-06发布,50-150人,民营,计算机软件,上海市闵行区申南路59弄1号楼603室,招聘要求：1.计算机或相关专业本科学历（学信网可查）；应届毕业生或1-3年以上开发经验；2.熟悉以下技术：熟悉Struts2、Spring，SpringMVC、SpringBoot、myBatis等开发框架熟悉Jsp，Vue，Ajax，JavaScript，CSS等前端技术Java基础扎实，能独立完成编码有微信公众号、微信小程序、安卓应用开发经验者、微服务架构开发经验者优先考虑具有良好的编程风格与开发习惯；3.熟悉SQL语言，熟悉主流数据库Oracle/DB2/Informix/MySQL等最少一种；4.学习能力强，能够在短时间掌握新产品新技术；5.优秀的团队协作能力，良好的职业道德及敬业精神，能够承受一定压力，适应出差。待遇说明：1.公司提供五险一金，带薪年假等常规福利。2.员工补充医疗保险，定期体检，夏日礼包，节日福利，老员工忠诚假期（年假之外）等人文关怀福利。3.公司有完善的晋升体系，为学历提升学习、能力提升、职位晋升方向等渠道，公司浓厚的氛围环境，员工可根据个人兴趣、需要自由选择。,民营  |  50-150人
通讯模块销售工程师,深圳市兴又昌科技有限公司,15-20万/年,深圳-宝安区,大专,在校生/应届生,12-08发布,50-150人,事业单位,电子技术/半导体/集成电路,展创大厦23楼2301-2306,岗位职责：1、初步了解4G/5G通讯技术发展和产业及安卓相关主流套片的型号和主要功能2、熟悉通讯模块应用及市场者优先高薪录用3、公司及原厂对于产品有完整培训计划4、工作地点：深圳、苏州。应聘时请说明任职资格：1、大专及以上学历，工科/电子类相关专业；2、1年及以上销售工作经验；（或应届毕业生，电子专业）3、熟悉该行业产品市场，有相应产品销售经验，了解主流行业技术；4、具备较强的客户沟通能力和较高的商务处理能力，具有良好的团队协作精神；5、欢迎挑战高薪高奖金人才加入6、欢迎应届毕业生加入我们团队公司福利：1、入职即购买五险一金；2、享受法定节假日，节日福利；3、不定期举行庆生、聚餐等活动；4、透明的个人晋升空间；只要你优秀，我们就给你发挥的舞台。工作地点：深圳市宝安区宝源路168号名优工业采购中心B座3区511乘车线路：深圳地铁1号线坪洲地铁C出口，公交站台：坪洲地铁站,民营  |  50-150人
C++Framework开发工程师,无锡冰河计算机科技发展有限公司,1.5-2.5万·13薪,无锡-惠山区,本科,在校生/应届生,01-30发布,500-1000人,民营,计算机软件,,C++Framework开发工程师岗位职责：1.	负责完成客户端软件代码的实现，编写代码注释和开发文档；2.	负责根据设计文档或开发计划完成代码编写、调试、测试和维护；3.	负责分析并解决软件开发过程中的问题；4.	负责配合项目其他成员完成相关任务目标。任职资格：1.	本科及以上学历，计算机相关专业，熟练掌握C++编程，能够独立编写稳定高效的代码；2.	熟练使用Linux操作系统以及git代码管理工具；3.	熟悉Android系统（Application/Framework）框架，有多媒体音视频经验者优先；4.	熟悉Android调试工具和手段；5.	熟悉Android基础架构、组件、UI、性能优化、内存优化等；6.	具有较强的中英文沟通能力，良好的沟通能力及团队合作精神；7.	优秀硕士及以上学历，应届毕业生亦可。,民营  |  50-150人
AR开发工程师,上海交通大学四川研究院,8千-1.6万,成都-天府新区,本科,在校生/应届生,01-30发布,500-1000人,合资,学术/科研,,岗位职责：1、负责AR增强现实产品的需求分析和方案设计；2、负责AR增强现实产品的开发，包括UI设计、前端交互、资源整理、场景渲染、模块开发和性能优化等。任职要求：1、熟悉计算机图形学，熟练掌握C++或C#，熟悉Unity及ARFoundation开发，具备一定的技术攻关能力，能独立完成项目；2、具备良好的团队精神、沟通能力及一定的组织协调能力，责任心强，能承受一定工作压力；3、具备完整AR项目从0到1开发全过程经验者优先；4、具有iOS和Android平台项目开发经验者优先。其他要求：学历：统招本科及以上学历（***/***生优先），计算机、电子、自动化、测绘、应用数学或相关专业工作经验：2年及以上AR开发经验，或优秀应届毕业生简历投递地址：pangxing@sjtu.sc.cn,事业单位  |  50-150人
嵌入式软件开发工程师,广东天波信息技术股份有限公司,6千-1万,佛山,本科,在校生/应届生,01-30发布,500-1000人,外资（非欧美）,电子技术/半导体/集成电路,上海市闵行区申南路59弄1号楼603室,岗位职责：1、从事多媒体智能终端嵌入式软件开发；2、参与软件模块设计、编码、测试、生产应用中的相关问题；岗位要求：1、***本科学历，通信、计算机、电子等相关专业，应届毕业生可考虑；2、熟练C语言开发方法和技巧，熟悉Linux系统，熟悉linux底层驱动、SDK的开发；3、有Android开发或Linux系统开发经验者优先考虑；4、具有良好的抗压能力、团队精神及良好的沟通协调能力；5、有意在佛山长期稳定发展。工作地点：佛山市南海区桂城瀚天科技城A5（1号门）5楼（广佛地铁“南桂路”地铁站，转乘公交“桂07”“桂20”（坐4站），至“深海路”站下车）,民营  |  500-1000人
Flutter开发工程师（应届生）,深圳市拔超科技股份有限公司,8千-1.6万,深圳-南山区,本科,在校生/应届生,01-30发布,少于50人,民营,通信/电信/网络设备,,（本岗位仅限2023届应届生投递，不符条件者***，***）职责：1、负责Windows/IOS/Android等平台上应用软件的方案设计、编码开发调试、单元测试等工作；2、负责产品的维护及故障问题解决；3、负责输出软件设计各阶段技术文档。要求：1、通信、计算机、电子、自动化等相关专业本科及以上学历；2、熟悉Flutter开发框架和Dart语言，了解软件开发流程；3、在Windows/IOS/Android中的任一平台上有过对应软件的开发经验；4、有电子设计竞赛相关经验者优先考虑；5、学习能力强，责任心强，易与人相处，有团队协作精神，善于发现、分析和总结问题，能承受一定工作压力，具有良好的英文阅读能力。,合资  |  500-1000人
手机软件开发工程师,广州三星通信研究院,1-1.5万,广州-黄埔区,硕士,在校生/应届生,01-30发布,5000-10000人,民营,通信/电信/网络设备,,"[岗位职责]1.按照设计规范和通信协议开发三星全球智能手机和平板软件。2.负责维护和改进现有产品，解决产品的软件相关问题并能够不断提高产品质量。3.开发高质量软件产品并应用到三星的手机产品中。4.开发三星服务类应用，包括手机端和服务器端开发。[岗位要求]1.计算机、软件、电子、信息、自动化等专业本科及以上学历2.熟练掌握基本算法，熟知编程规范，有C/C++/JAVA编程经验。3.对手机开发行业具有高度的热情，了解手机开发行业相关知识。4.要求熟悉数据结构与算法，有Leetcode刷题经验，熟悉DFS、BFS搜索算法5.英语CET-4及以上招聘流程：技术面-hr面-算法机试（只能线下）-offer-实习\试用-入职欢迎22,23届毕业生（本硕均可）投递简历。我们的业务很广，目前做很多互联网应用，车联网应用，MDE(多设备体验)的应用，目前招聘的是android相关开发岗（app，FW层）,后续内部也可以调岗，可能去做前后端开发。熟悉java/c++/python/后端/前端开发的同学都可以做android开发，上手很快，语言和架构都是通用的。我们还有移动通信技术软件开发岗，也欢迎投递简历。",外资（非欧美）  |  500-1000人
软件开发工程师,广州桂高电子有限公司,5千-1万,广州-南沙区,本科,在校生/应届生,01-30发布,150-500人,民营,仪器仪表/工业自动化,,岗位职责：1、负责iOS/安卓客户端、小程序、PC端软件的开发与维护；完成客户端有关文档的编写；2、根据项目的需求说明模块的设计文档，完成软件的编程、调试和模块测试工作；3、保证开发工作的质量和进度；任职要求：1、计算机、通信、信息，软件工程相关专业本科以上学历，接受优秀应届生；2、熟练掌握C/C++/C#语言，熟练iOS安卓，熟悉XCode开发环境；3、1年以上开发经验，能独立开发APP，有成功发布的APP者优先；4、对软件产品有强烈的责任心，具备良好的沟通能力和优秀的团队协作能力；5、对终端产品UI/UE有独到的见解与认识，追求良好的用户体验。福利待遇：1.双休；2.公司依照国家规定为员工购买社会保险；3.有薪假期（国家法定节假日、年休假、婚假、生育假等有薪假期）；4.享有年终奖、节日福利及各种津贴福利。,民营  |  少于50人
Unity开发工程师-2023届(J12662),浙江零跑科技股份有限公司,1.5-2万·14薪,,,,01-30发布,少于50人,民营,汽车,,,民营  |  5000-10000人
项目工程师,深圳市纳斯达工贸有限公司,1-1.5万,,,,01-30发布,50-150人,民营,电子技术/半导体/集成电路,,,民营  |  150-500人
嵌入式软件工程师,孚恩电子,9千-1.8万,,,,01-30发布,500-1000人,民营,电子技术/半导体/集成电路,,,民营  |  少于50人
23届校招-驱动技术支持工程师,上海傅里叶半导体有限公司,1.4-2.8万·14薪,上海-徐汇区,本科,在校生/应届生,01-29发布,1000-5000人,民营,电子技术/半导体/集成电路,侨光西路13号星寰国际商业中心 T1 1508,岗位职责：1.支持客户音频软件驱动和音频校准应用程序开发；2.协助解决客户遇到的音频相关的软件问题；岗位要求：1.本科及以上学历，电子、通信、计算机、软件等相关专业;2.了解C、C++编程开发语言、安卓编译环境；3.了解Linuxkernel开发，有驱动程序开发经验优先；4.有音频相关软件开发经验或者了解ALSA架构者优先；5.有客户支持、手机厂商或电子行业实习经验优先；6.有良好的技术沟通、抗压能力，责任心强，具有细致严谨的工作作风。,民营  |  50-150人
H5/Cocos2d-JS游戏开发工程师,武汉市多比特信息科技有限公司,7千-1万,,,,01-29发布,150-500人,民营,网络游戏,西乡街道银田工业区侨鸿盛文化创意园A栋办公楼4楼,,民营  |  500-1000人
软件工程师（2021届校招）（CT0001）,万得信息技术股份有限公司,1-1.5万,,,,01-30发布,150-500人,民营,计算机软件,,,民营  |  1000-5000人
驱动工程师（应届毕业生）,深圳品网科技有限公司,7千-1万,,,,01-30发布,500-1000人,已上市,通信/电信/网络设备,福山路500号城建国际中心,,民营  |  150-500人
智能座舱开发工程师,慧勒科技（上海）股份有限公司,7-8千,,,,01-30发布,50-150人,创业公司,汽车,,,民营  |  150-500人
FAE 现场应用工程师（应届毕业生）,深圳市科通技术股份有限公司,6千-1.2万,,,,01-30发布,少于50人,民营,电子技术/半导体/集成电路,,,已上市  |  500-1000人
软件工程师,上海巨哥科技股份有限公司,12-20万/年,,,,01-30发布,150-500人,民营,仪器仪表/工业自动化,,,创业公司  |  50-150人
嵌入式软件工程师,江苏医像信息技术有限公司,1.5-2.5万,,,,01-30发布,500-1000人,已上市,医疗/护理/卫生,,,民营  |  少于50人
C/C++开发工程师,宁波普天通信技术有限公司,7千-1万,,,,01-29发布,10000人以上,外资（非欧美）,通信/电信/网络设备,,,民营  |  150-500人
FAE 现场应用工程师（应届毕业生）,深圳市科通技术股份有限公司,6千-1.2万,,,,01-30发布,150-500人,民营,电子技术/半导体/集成电路,,,已上市  |  500-1000人
软件工程师（2023应届生）,名硕电脑（苏州）有限公司,6-8千,,,,01-30发布,50-150人,民营,电子技术/半导体/集成电路,,,外资（非欧美）  |  10000人以上
C++开发工程师,慧勒科技（上海）股份有限公司,6-7千,,,,01-30发布,10000人以上,国企,汽车,,,民营  |  150-500人
嵌入式软件开发工程师,江苏人冠医疗科技有限公司,1.2-1.6万,,,,01-30发布,500-1000人,外资（非欧美）,医疗设备/器械,,,民营  |  50-150人
研发中心-前端开发工程师- 2023届校招(J55041),人保信息科技有限公司,1.5-2.5万,上海-松江区,硕士,在校生/应届生,01-30发布,少于50人,民营,计算机软件,,工作职责:1、负责APP、微信应用等移动端产品或应用平台的前端开发、维护、优化及技术创新；2、根据设计文档或需求说明完成代码编写、调试、测试和维护；3、负责项目中主要功能的代码实现，编写代码注释；4、解决项目中的关键问题和技术难题。任职资格:1、***硕士研究生及以上学历2、计算机、信息、通信相关专业3、熟练掌握html5、css3、javascript前端技术及其新特性和div+css网页布局；4、熟悉常见移动端开发框架原理、构建以及发布机制；5、熟悉Android或者iOS系统体系结构、应用程序设计及相关规范；6、关注用户体验，能够积极把技术转化到用户体验改进上；7、对新技术保持热情，具备良好的分析、解决问题的能力。,国企  |  10000人以上
Tizen Platform开发工程师,三星电子（中国）研发中心,9千-1.3万·13薪,,,,01-30发布,少于50人,事业单位,计算机软件,,,外资（非欧美）  |  500-1000人
嵌入式软件开发工程师（广州）,广州领芯科技有限公司,1-1.7万,,,,01-30发布,150-500人,民营,电子技术/半导体/集成电路,,,民营  |  少于50人
软件工程师-玉恒中正,科技城人才市场,1-2万,苏州,本科,在校生/应届生,01-29发布,50-150人,国企,政府/公共事业,,1.负责方案设计、代码编写、单元测试和文档编写。2.负责基于Linux、JAVA、ARM或其他嵌入式SOC平台的软件评估、开发和维护工作；任职要求：1.熟练掌握Linux，Android程序的开发流程和工作原理；2.掌握一门windows开发语言,事业单位  |  少于50人
引擎测试工程师,北京时空立方数字科技有限公司,6千-1.1万,,,,01-29发布,150-500人,合资,互联网/电子商务,,,民营  |  150-500人
前端开发工程师,浙江城安大数据有限公司,9千-1.2万,,,,01-30发布,150-500人,民营,计算机软件,,,国企  |  50-150人
APP开发工程师,上海占域实业有限公司,6-8千,,,,01-29发布,500-1000人,民营,计算机软件,,,合资  |  150-500人
APP软件工程师,深圳市盛能杰科技有限公司,8千-1.2万,,,,01-17发布,150-500人,外资（欧美）,新能源,,,民营  |  150-500人
Web前端开发工程师（2023校招）,广州乐牛软件科技有限公司,1-1.5万,广州-海珠区,本科,在校生/应届生,01-29发布,500-1000人,已上市,网络游戏,,在这里，你可以：1、进行跨平台的Web前端开发（基于PC端，iOS/Android等设备浏览器，微信端）；2、负责公司产品移动端相关HTML5页面开发、相关网站维护等等，以及负责公司相关业务系统管理端开发；3、保持高效的前端性能、优秀的代码可维护性和良好的浏览器兼容性。我们寻找这样的你：1、统招本科及以上学历，计算机相关专业；2、精通HTML、CSS、Javascript等前端基础技术，擅长Ajax等页面信息异步展现技术能熟练高效编写HTML、js及CSS代码；3、熟悉页面架构和布局，对Web标准和兼容性有良好认识，对Web前端的性能优化、开发调试、漏洞处理等有深入理解及实践；4、具备良好的沟通协调能力及团队精神，富有责任感，抗压能力强。,民营  |  500-1000人
2023 Campus Hire - 电子工程工具开发工程师,康明斯燃油系统（武汉）有限公司,7千-1.2万,武汉,本科,在校生/应届生,01-30发布,少于50人,外资（非欧美）,汽车,,,外资（欧美）  |  150-500人
软件工程师（嵌入式）-2023届校园招聘,深圳市有方科技股份有限公司,1-1.5万,深圳-龙华区,本科,在校生/应届生,01-28发布,1000-5000人,外资（非欧美）,通信/电信/网络设备,,职责描述：嵌入式C1、负责嵌入式系统(Android/Linux/RTOS等)底层驱动，应用和3GPP协议代码的编写和调试；2、其中底层驱动是指驱动外设/总线（USB/TP/LCD/I2C/SPI/WIFI/BT/ETH/RF等）设计、开发及稳定性等工作；3、应用开发是指基于各类互联网、物联网协议（如TCP/UDP/HTTP/FTP/LWM2M/MQTT/NTP等）;4、3GPP协议是指LTE/5G-NR/NBIOT等协议族；任职要求：1、本科及以上学历，计算机科学与技术、软件工程、通信、电子、自动化等相关专业；2、良好的沟通能力和团队合作精神；3、吃苦耐劳，能承受一定的工作压力；4、熟悉C语言编程或Java；5、诚实，有责任心，能够用于担当重任。,已上市  |  500-1000人
软件开发工程师(东莞),苏州东荃资讯科技有限公司,4.5-6千,,,,01-28发布,50-150人,民营,计算机硬件,,,外资（非欧美）  |  少于50人
软件工程师,东莞技嘉电子有限公司,6千-1.2万,,,,01-28发布,500-1000人,已上市,计算机硬件,,,外资（非欧美）  |  1000-5000人
射频测试工程师-软件,康希通信科技（上海）有限公司,8千-1.2万·15薪,,,,01-28发布,50-150人,合资,电子技术/半导体/集成电路,,,民营  |  50-150人
软件工程师（嵌入式）-2023届校园招聘,深圳市有方科技股份有限公司,1-1.5万,东莞-松山湖区,本科,在校生/应届生,01-28发布,1000-5000人,民营,通信/电信/网络设备,,职责描述：嵌入式C1、负责嵌入式系统(Android/Linux/RTOS等)底层驱动，应用和3GPP协议代码的编写和调试；2、其中底层驱动是指驱动外设/总线（USB/TP/LCD/I2C/SPI/WIFI/BT/ETH/RF等）设计、开发及稳定性等工作；3、应用开发是指基于各类互联网、物联网协议（如TCP/UDP/HTTP/FTP/LWM2M/MQTT/NTP等）;4、3GPP协议是指LTE/5G-NR/NBIOT等协议族；任职要求：1、本科及以上学历，计算机科学与技术、软件工程、通信、电子、自动化等相关专业；2、良好的沟通能力和团队合作精神；3、吃苦耐劳，能承受一定的工作压力；4、熟悉C语言编程或Java；5、诚实，有责任心，能够用于担当重任。,已上市  |  500-1000人
嵌入式开发工程师,汤姆猫产业发展有限公司,9千-1.3万,,,,01-20发布,50-150人,合资,多元化业务集团公司,,,合资  |  50-150人
研发工程师,广州御银科技股份有限公司,7.5千-1.5万,广州-黄埔区,大专,在校生/应届生,01-18发布,500-1000人,已上市,仪器仪表/工业自动化,,任职要求：1、电子相关专业，大专以上学历(包含应届毕业生)；2、了解电子电路基本知识，熟悉C语言程序设计，具有良好的编程思想；3、能熟练使用电路设计软件，能吃苦，服从公司工作任务的安排；4、能够独立使用万用表、示波器等测试工具配合调试硬件程序；5、能够独立分析及解决开发过程中所遇到的技术问题；6、熟悉掌握STM32单片机或其他2种以上的MCU、ARM芯片的程序设计；7、熟悉各种总线的驱动开发，例如Uart、I2C、SPI、CAN、RS485、以太网等；8、Linux、安卓app开发应用工作经验优先；工作职责：1、编写设计相关文档，包括需求、方案、详细设计等；2、MCU程序编写、调试、完善改进；3、分析、解决、跟踪产品使用的问题；4、能独立完成简单的MCU硬件、软件开发工作；5、主要负责MCU的开发及维护工作；6、Linux、安卓app开发应用。注：御银产业园区企业招聘,民营  |  1000-5000人
嵌入式硬件工程师,上海西虹桥导航技术有限公司,7千-1万,上海-青浦区,本科,在校生/应届生,01-19发布,5000-10000人,外资（非欧美）,学术/科研,,1、参与或者主导硬件产品和无人系统的具体研发设计、系统验证和硬件方案优化工作；2、承担硬件子系统的设计和验证，直至批量生产或者上线。3、对现有产品进行技术维护升级；对接上下游合作伙伴，改善质量降低成本。4、搜集和了解行业、竞品信息，提高设计能力，研发创新。任职资格：1、在校有相关实验室或者MCU项目经历，实施动手能力强2、熟练掌握硬件和嵌入式软件设计工具，可快速上手应用；3、懂安卓、Linux操作和编程，可完成远程软件服务器搭建和维护；4、可鉴别嵌入式计算机系统方案的优劣选型；5、具备较强的供应链拓展能力；6、优秀表达和沟通协调能力；,合资  |  50-150人
软件工程师（嵌入式）-2023届校园招聘,深圳市有方科技股份有限公司,1-1.5万,,,,01-28发布,5000-10000人,国企,通信/电信/网络设备,,,已上市  |  500-1000人
多媒体软件开发工程师（23届校招）,三星（中国）半导体有限公司,17-34万/年,,,,01-22发布,50-150人,民营,计算机软件,,,外资（非欧美）  |  5000-10000人
软件测试工程师（2023届应届生）,上海市政工程设计研究总院（集团）有限公司,10-15万/年,,,,01-22发布,150-500人,民营,建筑/建材/工程,,,国企  |  5000-10000人
游戏开发工程师（实习岗）,上海萌果信息科技有限公司,150元/天,,,,01-17发布,5000-10000人,外资（非欧美）,网络游戏,,,民营  |  50-150人
软件工程师（应届生）,广东中强精英电子科技有限公司,6-8千,东莞-石龙镇,本科,在校生/应届生,01-15发布,150-500人,民营,计算机硬件,,岗位职责：1.负责产品软件的编辑及修改；2.与芯片代理商的协调与处理；3.与客户确认软件的各项规格；4.部门领导安排的其它事宜。岗位要求：1.本科（含）以上学历，接受优秀应届毕业生；2.1-3年显示器或TV产品软件开发经验；3.熟练应用C/C++语言；熟悉安卓系统；4.吃苦耐劳，具备敏锐的观察力、较强的分析问题和解决问题能力；5.有高度的责任感和良好的团队精神。,民营  |  150-500人
AI软件开发工程师（计算机视觉方向）（23届校/社招）,三星（中国）半导体有限公司,20-40万/年,,,,01-22发布,50-150人,民营,计算机软件,,,外资（非欧美）  |  5000-10000人
C/C++软件开发工程师,广州市溢信科技股份有限公司,10-20万/年,,,,01-20发布,50-150人,民营,计算机软件,,,民营  |  150-500人
前端开发工程师,杭州古稆科技有限公司,1-1.2万,杭州-上城区,本科,在校生/应届生,01-20发布,150-500人,民营,金融/投资/证券,,岗位职责：1、根据设计出的PSD图以及产品需求文档制作符合产品需求的静态页面，负责页面交互效果及其他特效实现，保证页面效果的实现与主流浏览器的兼容；2、负责移动设备前端H5网页、市场推广、运营活动页面开发；3、配合产品经理和UI设计师，研究并改善用户体验，配合后台工程师一起研讨技术实现方案，进行应用及系统整合。任职资格：1、本科以上学历，计算机相关专业；2、有Web前端开发工作经验，能完成开发全流程，主攻移动端的，对移动端的各种系统、机型、在不同软件上的页面适配都非常熟悉；3、精通JavaScript语言，熟悉canvas，熟悉对图片合成处理视频音频等H5新api的兼容适配，熟练使用vue、webpack；4、熟悉HTML5/CSS3等前端主流前端开发技术，了解IOS，Android移动平台Web开发技术标准，有移动设备前端应用开发经验更好；5、做过小程序优先；6、具备良好的团队合作能力，主动性强，善于沟通，良好的问题定位分析能力。,民营  |  50-150人
软件工程师,上海甲金通信科技有限公司,10-15万/年,上海-闵行区,大专,在校生/应届生,01-17发布,150-500人,外资（非欧美）,通信/电信/网络设备,,,民营  |  50-150人
软件开发助理工程师,惠州市源医科技有限公司,4-6千,惠州-仲恺区,本科,在校生/应届生,01-17发布,1000-5000人,外资（非欧美）,计算机服务(系统、数据服务、维修),,岗位职责：1、负责手机、平板、智能穿戴设备等产品的软件研发；2、负责定制应用的开发和维护，平台bug的解决；3、负责Android系统层功能可行性研究、设计、编码及调试工作；4、跟踪和整理android新功能、新应用，及相应方案的可行性研究。任职资格：1、计算机、通信、电子、应用数学等相关专业本科及以上学历；2、熟练掌握Java或C/C++语言，良好的编程习惯；3、自我驱动，有强烈的责任心，思维清晰敏捷，良好的沟通能力和团队协作精神，积极主动，抗压能力强；4、通过大学英语四级考试。,民营  |  150-500人
软件测试工程师,数源久融技术有限公司,7-9千,,,,01-13发布,50-150人,民营,电子技术/半导体/集成电路,,,外资（非欧美）  |  150-500人
软件工程师（23届应届生）,百富计算机技术（深圳）有限公司,8千-1.2万·14薪,,,,01-16发布,1000-5000人,外资（非欧美）,计算机软件,,,外资（非欧美）  |  1000-5000人
软件工程师,上海甲金通信科技有限公司,10-15万/年,上海,大专,在校生/应届生,01-17发布,少于50人,国企,通信/电信/网络设备,,,民营  |  50-150人
网络安全工程师（渗透测试方向）,普华永道商务服务（成都）有限公司,8千-1.6万,,,,01-16发布,少于50人,民营,会计/审计,,,外资（非欧美）  |  1000-5000人
桌面（IT）运维工程师,苏州苏软汇才人力资源服务有限公司,6.5-7.5万/年,,,,01-10发布,50-150人,外资（非欧美）,专业服务(咨询、人力资源、财会),,,国企  |  少于50人
应届软件开发工程师,苏州卓智创芯电子科技有限公司,1.1-1.5万·14薪,,,,01-12发布,150-500人,民营,电子技术/半导体/集成电路,,,民营  |  少于50人
软件开发工程师,恩梯梯数据通信软件工程（大连）有限公司,6千-1万,,,,01-14发布,150-500人,民营,计算机软件,,,外资（非欧美）  |  50-150人
嵌入式助理工程师,东莞凯韵科技有限公司,5-7千,,,,01-14发布,150-500人,外资（欧美）,计算机软件,,,民营  |  150-500人
硬件测试工程师,北京悦琦创通科技有限公司,8千-1.2万,,,,01-10发布,150-500人,民营,医疗设备/器械,,,民营  |  150-500人
软件测试工程师,广州诺特软件开发有限公司,4-6千·13薪,广州-越秀区,本科,在校生/应届生,01-14发布,50-150人,外资（非欧美）,计算机软件,,工作内容：1、负责公司产品的测试工作，测试的产品包括PC端Website、App（Android、IOS）客户端软件；2、参与需求评审，从用户及测试角度提高产品质量，能根据需求和设计文档独立的编写测试用例和设计测试数据；?3、根据产品测试需求完成测试环境的设计与配置工作，能熟练使用各类测试工具；?4、有效地执行具体测试任务并确认测试结果、缺陷跟踪，完成测试报告以及测试结果分析；5、在测试各环节与开发、产品等部门沟通保证测试输入和输出的正确性和完备性；?6、独立完成对产品的集成测试、系统测试、验收测试，探索性测试及其它方面的测试；7、对测试结果进行总结，对软件产品的测试结果负责、确保上线进度和上线质量；职位要求：1、热爱测试工作，0-3年软件测试经验；2、熟悉测试流程及其规范，独立设计测试方案，编写测试计划和测试报告；3、熟悉设计测试用例的方法；4、掌握测试需求管理、测试用例以及缺陷管理工具；5、熟悉MS-SQL数据库的基本操作和使用以及T-SQL；6、具备良好的自主工作能力和团队合作精神，逻辑清晰，思维敏捷；7、具备良好的英语沟通和读写能力，在以往工作中使用英语优先考虑；8、有自动化测试经验优先；,外资（欧美）  |  150-500人
软件工程师,深圳品网科技有限公司,7千-1.4万,深圳-宝安区,本科,在校生/应届生,01-14发布,500-1000人,民营,通信/电信/网络设备,,岗位职责：1、Android平台应用开发以及Framework系统定制2.处理客制化需求3、与团队共同完成应用软件的开发设计工作4、维护现有系统稳定，分析、解决问题5、具备参与应用软件架构设计的能力任职资格：1、本科以上，电子，计算机相关专业；应届生，长沙上班2.良好地客户沟通能力。3、熟悉Android系统，launcher，systemUI、setting和Camera模块等模块开发经验的优先。4、具备良好合作态度及团队精神，能承受一定的工作压力。5、熟悉MTK，展讯，的优先考虑,民营  |  150-500人
移动应用软件开发工程师,恩梯梯数据通信软件工程（大连）有限公司,6千-1万,,,,01-14发布,500-1000人,已上市,计算机软件,,,外资（非欧美）  |  50-150人
桌面运维工程师,上海中宁隆道资产管理有限公司,6-8千,上海-浦东新区,大专,在校生/应届生,01-11发布,50-150人,民营,金融/投资/证券,,"岗位职责：1、负责维护公司网络的正常运行；2、负责维护全公司电脑的正常运行,提供应用系统相关技术咨询;3、负责网盘、邮箱和VPN等相关软件的配置和分发;4、负责新员工入职的电脑配置等相关工作;5、负责公司新职场和现有职场的弱电建设和维护;6、完成上级领导临时交办的工作。任职要求：1.大专以上，计算机类专业2.了解excel、word、ppt、outlook、foxmail等基础操作？office重装、激活？outlook/foxmail邮箱添加&功能了解3.熟悉windows系统设置，熟悉MACOS、Linux更佳？bios设置调整？Windows各个功能优化调整，软件广告关闭等？PE系统功能了解4.熟悉iOS、Android手机、手表设置，配置邮箱等？了解手机APP设置，添加门禁卡、邮箱等功能5.熟悉打印机基础功能及操作？安装打印机驱动、复印、扫描、通讯簿等6.熟悉基础网络设置？了解router、switch、AP之间的关系7.熟悉PC、laptop的硬件配置？CPU、内存、显卡、声卡、网卡、外接设备的概念？各类硬件驱动8.熟悉会议室相关？MAXHUB操作、投屏等功能（笔记本、手机）小米电视操作、投屏等功能（笔记本、手机）其他说明：1.校招优先，社招其次，可以接受大四实习生，有留用机会。",民营  |  500-1000人
软件驱动工程师,上海移柯通信技术股份有限公司,6千-1万,,,,01-12发布,500-1000人,已上市,通信/电信/网络设备,,,已上市  |  500-1000人
全栈开发工程师（实习生）,云南道磊网络科技有限公司,3千及以下,,,,01-11发布,少于50人,民营,通信/电信/网络设备,,,民营  |  50-150人
现场应用工程师（软件）（2023届）(J10574),上海艾为电子技术股份有限公司,1.1-1.5万,,,,01-11发布,少于50人,民营,电子技术/半导体/集成电路,,,已上市  |  500-1000人
测试工程师,深圳和成视讯科技有限公司,6-8千·13薪,,,,01-05发布,1000-5000人,已上市,通信/电信/网络设备,,,民营  |  少于50人
嵌入式软件工程师,硕广达微电子（深圳）有限公司,1-1.5万,,,,01-07发布,150-500人,国企,电子技术/半导体/集成电路,,,民营  |  少于50人
驱动软件工程师 (MJ001050),上海移远通信技术股份有限公司,1-2万,,,,01-04发布,150-500人,民营,通信/电信/网络设备,,,已上市  |  1000-5000人
驱动工程师（青岛）(J10026),宸芯科技有限公司,20-36万/年,,,,01-04发布,50-150人,民营,电子技术/半导体/集成电路,,,国企  |  150-500人
销售工程师（应届生）,深圳博时特科技有限公司,4-8千,,,,01-03发布,150-500人,民营,电子技术/半导体/集成电路,,,民营  |  150-500人
linux驱动工程师,广州市定昌电子有限公司,1.5-2.5万,,,,01-07发布,10000人以上,民营,电子技术/半导体/集成电路,,,民营  |  50-150人
Java软件工程师（上海）,上海寰创通信科技股份有限公司,9千-1.8万·14薪,,,,01-04发布,10000人以上,已上市,通信/电信/网络设备,,,民营  |  150-500人
Unity3D开发工程师-游戏业务,字节跳动,2.5-5万,,,,01-04发布,5000-10000人,国企,互联网/电子商务,,,民营  |  10000人以上
软件测试工程师（外包校招）-上海,网易,6千-1万·13薪,,,,01-04发布,150-500人,民营,网络游戏,,,已上市  |  10000人以上
嵌入式软件工程师,大唐电信科技股份有限公司,1-2万,,,,01-04发布,10000人以上,民营,通信/电信/网络设备,,,国企  |  5000-10000人
Java软件工程师（武汉）,上海寰创通信科技股份有限公司,9千-1.8万·14薪,,,,01-04发布,10000人以上,已上市,通信/电信/网络设备,,,民营  |  150-500人
高性能计算开发工程师 — 抖音（工程优化方向）,字节跳动,2.5-5万,,,,01-04发布,500-1000人,民营,互联网/电子商务,,,民营  |  10000人以上
软件测试工程师（外包校招）-杭州,网易,6千-1万·13薪,,,,01-04发布,150-500人,国企,网络游戏,,,已上市  |  10000人以上
IT维护工程师-广福路,广东地球村计算机系统股份有限公司,3.5-5千,,,,12-30发布,10000人以上,民营,计算机服务(系统、数据服务、维修),,,民营  |  500-1000人
软件工程师,海信激光显示股份有限公司,1-1.5万,,,,12-27发布,150-500人,已上市,电子技术/半导体/集成电路,,,国企  |  150-500人
桌面端音视频研发工程师——抖音,字节跳动,2.5-5万,,,,01-04发布,少于50人,民营,互联网/电子商务,,,民营  |  10000人以上
初级嵌入式工程师 (MJ000221),广州朗国电子科技股份有限公司,1.5-2万,,,,12-24发布,150-500人,民营,电子技术/半导体/集成电路,,,已上市  |  150-500人
软件开发工程师（实习）,杭州译友网络科技有限公司,4-4.5千,,,,12-23发布,1000-5000人,国企,计算机软件,,,民营  |  少于50人
驱动工程师（应届生）,上海天奕达电子科技有限公司,7千-1万·13薪,,,,12-22发布,50-150人,合资,通信/电信/网络设备,,,民营  |  150-500人
机器视觉开发工程师,中邮科技股份有限公司,3-4.5千,,,,12-19发布,500-1000人,民营,交通/运输/物流,,,国企  |  1000-5000人
前端开发工程师,汤姆猫产业发展有限公司,0.8-1万,,,,12-20发布,150-500人,合资,多元化业务集团公司,,,合资  |  50-150人
测试工程师-2023届校招,卡莱特云科技股份有限公司,8千-1万·13薪,,,,12-20发布,少于50人,民营,计算机软件,,,民营  |  500-1000人
软件开发工程师,湖北芯擎科技有限公司,2-2.3万,,,,12-18发布,10000人以上,已上市,电子技术/半导体/集成电路,,,合资  |  150-500人
应用软件工程师（应届生）,南京达道电子科技有限公司,8千-1万,,,,12-11发布,500-1000人,民营,电子技术/半导体/集成电路,,,民营  |  少于50人
FAE（技术支持工程师）(R3169),中科创达软件股份有限公司,1.5-1.8万,,,,12-12发布,1000-5000人,民营,通信/电信/网络设备,,,已上市  |  10000人以上
测试工程师-2023届校招,卡莱特云科技股份有限公司,8千-1万·13薪,,,,12-20发布,少于50人,民营,计算机软件,,,民营  |  500-1000人
(2023届)驱动工程师,深圳市沃特沃德股份有限公司,6-9千,,,,12-16发布,500-1000人,已上市,通信/电信/网络设备,,,民营  |  1000-5000人
硬件工程师  双休+保险+绩效奖金,成都博铭电子科技有限公司,6-8千,,,,12-16发布,1000-5000人,民营,电子技术/半导体/集成电路,,,民营  |  少于50人
FAE 现场应用工程师（应届毕业生）,深圳市科通技术股份有限公司,6千-1.2万,,,,12-14发布,10000人以上,已上市,电子技术/半导体/集成电路,,,已上市  |  500-1000人
软件工程师（校招）,广州多益网络股份有限公司,1.2-1.4万·14薪,,,,12-14发布,10000人以上,"民营  </p><p data-v-5190a29c="""" class=""int at"">计算机软件</p><button data-v-5190a29c="""" track-type=""searchTrackButtonClick"" event-type=""99"" trace-name=""申请职位-职位下"" class=""p_but""> 申请职位 </button></div></div><div data-v-5190a29c="""" sensorsname=""JobShortExposure"" sensorsdata=""{&quot;pageCode&quot;:&quot;sou|sou|soulb&quot;,&quot;shortPageCode&quot;:&quot;sou|sou|soulb&quot;,&quot;requestId&quot;:&quot;4c10cf55ae113f38e0d769fb3a94ffab&quot;,&quot;policyType&quot;:&quot;搜索&quot;,&quot;jobRank&quot;:33,&quot;jobId&quot;:&quot;140876328&quot;,&quot;pageNum&quot;:4}"" class=""e sensors_exposure"" style=""overflow: visible;""><div data-v-5190a29c="""" class=""e_icons ick""></div><a data-v-5190a29c="""" href=""https://jobs.51job.com/zhuhai/140876328.html?s=sou_sou_soulb&amp;t=0_0&amp;req=4c10cf55ae113f38e0d769fb3a94ffab"" target=""_blank"" class=""el""><div data-v-5190a29c="""" class=""t"" style=""display: flex; align-items: center; height: 25px;""><span data-v-5190a29c="""" title=""校招 - 自动化工程师"" class=""jname at"">校招 - 自动化工程师</span><span data-v-5190a29c="""" class=""time"">12-12发布</span><div data-v-25fc73c5="""" data-v-5190a29c="""" class=""chat""><div data-v-25fc73c5="""" class=""chat-img""></div><span data-v-25fc73c5="""">立即沟通</span><div data-v-25fc73c5="""" class=""chat-detail""><div data-v-25fc73c5="""" class=""chat-detail-position""><div data-v-25fc73c5="""" class=""arrow""></div><div data-v-25fc73c5="""" class=""detail""><img data-v-25fc73c5="""" src=""data:image/png;base64,iVBORw0KGgoAAAANSUhEUgAAAFAAAABQCAYAAACOEfKtAAAAAXNSR0IArs4c6QAAAERlWElmTU0AKgAAAAgAAYdpAAQAAAABAAAAGgAAAAAAA6ABAAMAAAABAAEAAKACAAQAAAABAAAAUKADAAQAAAABAAAAUAAAAAAx4ExPAAATOElEQVR4Ac1cCXhT15X+nyTbsmVZNsbGGC8YG2MWAzYOW8zWEoY0hNBOEzJkAgn5aBaylQQnaWY6k6ZpWRoIdKYNbb9AaEM6YUjTpqF8nQzQj2xN2HeCCcTYBrzvsqzlzTlPiyVre096MnO+71r3nXvOuff+79z9Pgu4mfSzw0Nh15YBjjFUDAriGIjIAgQjxSnwL5PYSXEK9CvgOsUvEJOC5gK09mN4tqJJErsJf4RBzXPT1UTYG+bDgW8QUPMIjIkQxejKIAgi2TpJtg5Ag/3QZn6INbnmwapXdIWXU0oG6NVjs2B3LKeK3k0qKXLUopDpIDB3Q6vZiWfKDoEBjiHFDsCtFxPQ0/EABHEtAVcYwzoENy3gEkRhI5JSduDJ0ZbggpGnqA/g9st6NLQ8QkUi4MTsyIumoqYg1JO1jcgc8joeLOhV0TI5u5q07vAdZPHn5HEFcs3qW+tgqv4MhtozSGith8ZqhqhLgEMXD0d8IrqHl6Bz5GR05peTM0VZXAGXqWxP4PmKD+SWL5xclCVymX/1VC5slq1UuCXhMnSnJzZeRvahHTB9+YmbFfLXmpKJpokL0VS+GNYkU0jZsIkC3oMu4Uk8U3o1rGwYgegBXH94CbnGGzTFSAuTlyc5/fSHyNu3GYKtz8OTG3HE6dFYfhduTL8HtsRoxiOhlfrnlXiu4j25eQeSixzAd87E46veDQTcU4EMB+MNPbEXeX/ZHCxZNt+RYED9rOUSmKJGK1vPX1DYglH6KtwzXvnbJGORAfiLk2no6PsT6Vf6Fyg4J+n6RYz57VMQ7NbgQgpTeofmo2bh0+jKmaBQ00f8I6TEL8ZjE1t9uDIelAO46fgIWG37qL9TXOKSN59A0rXzMoqlUIQGl4Zbvov6OQ/CoY1TqOwSF3AacbqFWDO5TokBjRJhbDg2Glb7x5GAl/L1sdiAxxUQRWR+vhslO1ZD31KrqEoeYXYIrhvXUQHJ98D1R2lOJ35Chc1XYB9aay/Szu7HsM/3IKG5RolqRLIOvQGX73wB7YXTItKnlcvX1LPNxHPlPHcMS/IA3HwsFX32Q0o8TxAdyDj6PoYfehPaXtoHGEyiJn31tidogLkzsly5OcdrZ+H7ZW3hDIQHcNvhOLQJ/0ueNyucMXe6ztKNgj+8DOOVI27WTfmtnb8aDRWyp6a+ZRSEQ0gVv4mHK0KOeOH7wDasUwKexmrB6F1rbzp4jEbOh/+J1IvyJuq+6NETOwzXPQyFBnD90cXUbNeEseGTnL/3VSTeuOjDu5kPXJ74rubIisB133gkZD8QHMD1J3Joo3O7kpyT684g7dwBJSphZbUaDcrH5WLFXTOw6u5KFOZmhNXxFtCaO5D10e+8WcriDnEHJCwCq+kCs4kr2l6jv0OCpgdIyPr4rQBc5SytRsC0yUX41txyzKqcguS0dEBLRXXY8ciqHry/9yC2vLEXrR09soynn9onzREjWvqJjIGExXcDZRZ4ENlwZCEc4l8CKQTjaWhdO2nzkqCrjOllowmU0SguzEHG0CG03ynAYrWi19yL6w3NqLvWgua2DuRlZ2L+nHKkZw0HLfiDZYf2lmb87LWd2HvweFAZ74Sa27+Ppknf8mYpi2uE21E1Zd9AJX8AnRuhp8kFiwYKh3o21pygweNZPxF96hC8/qOVKJ04jo4wolmz+pnmjh4fHfoUP3nt97jR1B5AoJ/VNHkRLfkULdv7laWYUE0bsxMGbsz694HmjlVKwWP7CW3XBmRIjwTYj//9UZROLlUfPM6N5nuVs2di945X8J3bZ4Rc2PPeYnREDiVh42vFF0Ce84m0BR8Bafr8N3oTJkzHPGq2sSZDihEvvvAwtm95FqVj8gJm15uhaAEV0IaEDWPkRb4Atmvup7TAJfBSChQVRJsfe9GC6eR5/r2En6AqDAGlZaXY8foPsX3T0zAk6X2sRrzJ4GOFsHFi5OH6Aig6qjwpCiN9Rv/pxf0zVHjrCssB2o2ZOGUyDVYjfDStBkUTCh9dn4cBGPUDuPHoDJo08wF3RNRnyvLRE+L1yM0w+fAG7YH6xrElvgeBfaZh6mTPGDFWLuoH0O7g5hsxmTMLwdvtbtInJ7ujN+V34nivSYSgQR+dqahGXlg5AeTteQFLo8nAQRPdrvxJHhM6ncpTFo9leZHyySXU/Tr7X24d0W37D8iTsWLMiJwAXjHPpeYbdSfRWjLXk5Pd7vDEb0YkfYgJI0flSln3DqFVqZrEWDFmRE4ARbqrogK1lsyGXW+ULPX1RXRGo0Ip+k1YRWf1LGoDyFm4MHMBKKgCIB+GN1bcJdXAZonJTYp+dGTEWmhpyNQ71OmJMlTki4hOzDRYd9hE56Pl8jVDSzZU/CP4yBE0sbZa/eeGobXVTTW3t0u3HDpGTlHXMFtjzAg7DXSaSeSOqvX4Nn0yrk9zjkdXGkKvT9WvVb/FxsZW2ryxo27uSlhSaWNCbWLMCDsNbHSpUUUy6EQUL7gDNkMa/nbuuoqWlZmqrmuCeVgRGqd8W5miEmnCTkeuyLdCVaND05tQlmLFI8f/AX/77BRuGRaHbdvfQ319I+0taJBESyyTKRkpydTMKWO7nQIdQFksVujjdJhSNhZTp4xD4SjnyHn5Sh2+OHpOCj209ZUQHyfZieNpEk1Tujp70Nbeie6eXrJlx/BhQ/Hwyu9g//kWpC64Gz8s7sJPq43oU7GOHrAIOwHrj7xPi+RFHmYUkWy9A3XfcHpddU0Dlq/+CSztrcjPG45fbFqLrEzaGA1BnV09+Pm23djzx/3QJ9DUlNbRZrMF82ZNwYtrH0RaqnOED2aitb0Lz/xgC06c+pJ2nlLwwX9tRIpBj5mfDMWnbdK0LZhqhHzhfR05gUprHCBJ0/+ai/IyodcnoGz0BGRmDgkLHtfAmJyEb86pkADstfRPg2ZXloUFj/XTyLOnThlLXqpD/qh8CTzmW6O8Rcw2glAW7ZPzZW51qMXqu/NSOY/Op1cswFPPb5KdAV945ib85KNLkWI04Ffb/yBblwUvX7mGdS+thinFuZS0EXjnuqiasSAByRpawqm2aG2xatBgcU4tubz3L5oJgyERudnDcPFSrawqXPqqDk8/di/GFo/EiOEZeGDZHaR7VZZuc2s74qgfdYPHSic74tBt932xsozJEhKNGnrhqnkg57mjNsmT9eg85xbXPy9diJ1vf+Dhh4pc+foaxozu3wYrGDkCDTQlkUNv7/4rlt29wEf0y27VZmg+dqUHwo5GYf5MoL/v8pdSxvn1VQOqCrt8lHhEdThE7HjrzyjIH4G0NCPiaTTlbB0OB5qa2uhQqRGXLtdi4vhCH11+mFdZjh+89EvaonJ6ZWYGHUpptTwIo6/PivaObtSTfm19A8aVFPjo15hjCCBhR6Pw4RryQlXXOhfmNKDY4LsK4YqePFON7i4zXYKyQSRANXTmGx8XB31iPA0ARozIzkBiYv+WmDcSvTQaM0BtHV0w91jQRyd6DD6P1DqdDsnUVUwYW0gDl+9o+9iZVPzy6/5W4W0z6jhdwaFRWPoCKGpb3gYONsf7AcgeV0FzvEhJn5iAokLl77k6pk1Y6KRBRPRtb5HW0Evv83ZfL/BKGvTo2ViNwFJNRAJQRIDzyOjq+XHL/w8Af0P9cV1vDPtA4LqGtm0vRAeXv/b5bh34zb9dH+1ZrL9tuZxFh9Ox6pRJrnhkcoQdzTAZQPVGYXdJZn6agU6aWJeZbCgxhLxi51ZR7dfqEHBwUFqBcIFmvep7ICPRTuDxpv7ehgTVgJFr6O/UB3fbYjV59i4FA2iIP0GrkZi5yJ9uDD6A+xoHoQ9mzAg7DVaPp1FY+MIbVzXjh1oSUBvLyWyAwv75RuC5ZADRKFiEGWHnOhMR90dhKaQqN+PfXYvRRDZAzic648Ah5iQ6MXMCKNCX3jEkXgnwrshg0I+rVdsbCV1cF2ZOAKdO4S+7G0JrRJ7K69E912PfrP5ITfe/rw3C1ImxYsyInADOE3jhuityiMJrvnTRGFMvrO7R4qGTqeELoo7ELjgxcwHIRgXxt+rYDmyFNzV/Tf9zIibEd6dPGtFM+5GDQl5Y9edYVXGUmvHJWBbgZfJC2Pu36lXJi9cA7bWx23UeWEjGiLFyUT+AzBCEde6EWPy29tFA0l5PCx8em1WiDrJHh/gmre/2mUrW/c0MwMgXwJFl7xCK1f5a6nCkkZiaGzpuqANiZyOdGJmlTyAydTFbC3hVnrCRMOpn+QJ4j2CPpReScRq2aHeEm3EHbQJF8Mm/s+jUbrubCLxuskfLebKZkzAIALL3MUZe5AsgJ0wte5PqedpLRrUod1d2DS2z+KMZ3s/vJg/qbiGmgsqLVP4eOiOhz2j5Oq/0QjRxyNcrsBFJjRgTxmYA+QPIw7MgPDZATrXHXgd5oECBPZF/2Ru7m51AWujLI0egvozAttFtr166bcXNlj2XPU+y4/TAwkSVB6eBNWZMXFMX7ySqQQD6n1/VYP73RlHKpACpilg6arWFegtmp9lwb44Dc0zt0PJpEF27lQCQfumZyUFexJ5lJSClX+rfON5HgUHj/lOSZ122wS/BGR9ujKf/4pGBFK0DNjor6aTdGPZ4lWgn/XePLYFs0esLQkmaZ2F2LKBS+N4eDyIejP3aBCuyLTfoTkySFHRaqrjoem+MG9dy4C8bc/M4wnEmD8/56P2cobFiVZGOroLQ52O9Fhy3mvDE5yp4Jf+3uETCIgjR6wtCT5ZTW8EyKnVUc47l88qQnZ0tZaKhHUINNz3uA7n/Elxx6Zf7M3qW0r3ibnnvNEmfZUnOZUtLp7M60So5ZmZmBpZWFAWpmBK2VPdlcGIRUDE4gCz+XMUBess/Cqgpg1lgioeRTtOmTp2K4uJimHT0LqRmR5XnpufuBxkcN9/Nk/o38lTp2SvdLcegS82XmzEHHfRiL3JyciivMcgwJmJoIslEQ1x3xiAEhQaQFavKXyYQ94awETRp6nCDlCZQf1VQUICS8mn0AW2e08skj3J5Gh2S00m5i89e5Yqzd7GXMYh09ivx3WnMk9JYhuJDcpFTPAnDhvX3ODOynfkHLWCoBK4z1z0MhQdQIDdOlf7v39/D2PJLvjXHd2tJl0D7ggXTgeK5gImatQcMAkFqxgSED2/As9tT3TL8a6TLZaNnk90Z0Cb4rrXn5EV4a0UQPpPqzHUPQ+7uOYwYJf/HuXR0dX9EsZLwwk6JUyvHYUKGb6W8dR3mNmgaL9Hyjk9WFY6ZyZlAZhFgCH7n8FSjGRPfOOudpZz4ebrmUInHx9LcKjzJB5BtSZ++2/5Kk+Cx4Uznp8TjyqOl4cSkdButZcXmK4hrq3HO94JpcVNNzYGYXgDB9TlFMFE3v2jbaVxqozmkHBKEc9RXLMBzk2rliLNM+CbsbYkNx+kraaj7zJsdKF411XkzK1DaQJ6OvquLo/8TKJbMR19eBexG8i5pjuKSTDTBkV1K6QuAERNlg8faa25hWzKI68R1UwAeW1UGIGusGU+Xj+n/qQBB76vNSHfg24XJ0p1lVpFLAo2q8abh0I6chu68mdi27zCuGcnZi2ZDkz6SBlvqKxWQlS4g3ZmXgDVjBZjiQnYRH0h14ropJGVN2Nu4SJ8BbTjyIrH+jbovalvAqCQH1pal4Hu3FkvfqfHtKf5iKY5uYPF1NLnU1d6C+x94CDU1NUhNTcWO32xDbgH1dzLJZrNJ+XKeCQnOY9UuuqC+/Yuv8Ma5bhxvc/mNAN4YeIn+F8Ir1KrCDhiBso8cQJe1rM1fzF2cr9u1bMKw4bOLsqgc/iYt9NUS36Dna2jx8bSZEIJ6e7qx9N5/Qm1dnUfKYDDgnd/vQlZ2joc3MCLS5gTnwS+M43q9PuhLu3ijFbtP1l/bfcm87PijtxwcaEvJs39tlWi7ZKnAQym6nsKDFALa5MqZzXQ3kJoVA8mg8P1Ab2KPXbFiBc6e9R8509PT8e677yJ5wGe0DBbbdH+bx97u9jpv215xbsvbKVTRy5Y10nrp+kV9a+CXLI9BBWmi8BBJV1I4EUiLmxNXngOD2dTUhJaWFlq30gjMW1tEW7duDQgepzU3N6OqqkqSZXlupqzb1dVF35hYPC8lDHhctkouqxrgcbkCegsnREpUOe7s7qPwAoWgc0auPHskV549kQFZvJj+05QLzED5s9yePXvoinCalEwgSM2Uu4Uwfex5UvgphbdIh/s91UgVD/QuDReQwk7ijadwD4XD3unuOPdRDERGRgZ9uWSSBovbbrvNnRzwl5s3y3MzZX3uBhITE0OBx3lzGcZzmdQGjwupugey0YFEXjWBeMspsGc6t2YGCtFzT08PNm7ciAMHDqCzs9MjwR5233334fHHH/fwQkTolAlvUWDAYrKz7p236h7obdwd54pQqKLnXAq3UvhXCgco9FLwEO8ZLlmyRGraHiZFeJAoLQ26qmEbbIttsu1czmswwKO8BscDOaNARJ6pb++xjneI9jHU9Y3p7u4a8y/Pr81qbWkxkryRQEhmPZLrSkpK7nxl44bOIWnp10n2AnV/FzSC9oIpKe4Myfm8iEB5xYr3fwhNyOCVZit/AAAAAElFTkSuQmCC"" alt="""" class=""detail-img""><div data-v-25fc73c5="""" class=""detail-info""><p data-v-25fc73c5="""" class=""detail-info-name""></p><p data-v-25fc73c5="""" class=""detail-info-job""><span data-v-25fc73c5="""" class=""detail-info-job-posi""></span><!----></p><div data-v-25fc73c5="""" class=""detail-info-tag""><!----></div></div><div data-v-25fc73c5="""" class=""detail-download""><div data-v-25fc73c5="""" class=""detail-download-qrcode""><img data-v-25fc73c5="""" src=""https://img01.51jobcdn.com/we/images/logo.png"" alt="""" class=""logo""></div><p data-v-25fc73c5="""" class=""detail-download-tip"">来App与HR沟通！</p></div></div></div></div></div></div><p data-v-5190a29c="""" class=""info""><span data-v-5190a29c="""" class=""sal"">6-8千</span><span data-v-5190a29c="""" class=""d at""><span data-v-5190a29c="""">珠海</span><span data-v-5190a29c="""">|</span><span data-v-5190a29c="""">在校生/应届生</span><span data-v-5190a29c="""">|</span><span data-v-5190a29c="""">本科</span></span></p><p data-v-5190a29c="""" class=""tags""><span data-v-5190a29c="""" title=""带薪年假""><i data-v-5190a29c="""">带薪年假</i></span><span data-v-5190a29c="""" title=""五险一金""><i data-v-5190a29c="""">五险一金</i></span><span data-v-5190a29c="""" title=""节日福利""><i data-v-5190a29c="""">节日福利</i></span><span data-v-5190a29c="""" title=""专业培训""><i data-v-5190a29c="""">专业培训</i></span><span data-v-5190a29c="""" title=""提供班车""><i data-v-5190a29c="""">提供班车</i></span><span data-v-5190a29c="""" title=""季度奖金""><i data-v-5190a29c="""">季度奖金</i></span><span data-v-5190a29c="""" title=""年终奖金""><i data-v-5190a29c="""">年终奖金</i></span><span data-v-5190a29c="""" title=""绩效奖金""><i data-v-5190a29c="""">绩效奖金</i></span><span data-v-5190a29c="""" title=""定期体检""><i data-v-5190a29c="""">定期体检</i></span><span data-v-5190a29c="""" title=""餐饮补贴""><i data-v-5190a29c="""">餐饮补贴</i></span></p></a><div data-v-5190a29c="""" class=""er""><a data-v-5190a29c="""" href=""https://jobs.51job.com/all/coBmFSMgRkAj4CYA1oUTw.html"" target=""_blank"" title=""伟创力科技（珠海）有限公司"" class=""cname at"">伟创力科技（珠海）有限公司</a><p data-v-5190a29c="""" class=""dc at"">外资（欧美）",网络游戏,,,民营  |  1000-5000人
Java开发工程师(D6108),中科创达软件股份有限公司,9千-1.4万·13薪,,,,12-08发布,1000-5000人,民营,通信/电信/网络设备,,,已上市  |  10000人以上
手机测试工程师,广州研方信息技术有限公司,3.5-6.5千,,,,12-12发布,50-150人,民营,计算机软件,,,民营  
校招 - 自动化工程师,伟创力科技（珠海）有限公司,6-8千,,,,12-12发布,150-500人,民营,电子技术/半导体/集成电路,,,外资（欧美）  |  10000人以上
软件工程师（校招）,广州多益网络股份有限公司,1.2-1.4万·14薪,,,,12-14发布,50-150人,民营,网络游戏,,,民营  |  1000-5000人
安全工程师,湖南皖湘科技有限公司,4-8千,,,,12-12发布,少于50人,民营,计算机服务(系统、数据服务、维修),,,民营  |  50-150人
软件工程师,珠海万力达电气自动化有限公司,8-16万/年,,,,12-08发布,50-150人,民营,电气/电力/水利,,,民营  |  150-500人
运维服务工程师（双休+五险一金）,安徽卓智教育科技有限责任公司,4-6千,,,,12-10发布,150-500人,民营,计算机服务(系统、数据服务、维修),,,民营  |  50-150人
中间件软件工程师（应届生）,南京达道电子科技有限公司,8千-1万,,,,12-11发布,50-150人,民营,电子技术/半导体/集成电路,,,民营  |  少于50人
安全工程师,湖南皖湘科技有限公司,4-8千,,,,12-12发布,50-150人,创业公司,计算机服务(系统、数据服务、维修),,,民营  |  50-150人
手机软件开发工程师（实习生）,武汉捌加柒科技有限公司,6-8千,,,,12-07发布,1000-5000人,民营,计算机软件,,,民营  |  150-500人
运维服务工程师（双休+五险一金）,安徽卓智教育科技有限责任公司,4-6千,,,,12-10发布,150-500人,民营,计算机服务(系统、数据服务、维修),,,民营  |  50-150人
嵌入式软件工程师（机器人方向）,深圳市天博智科技有限公司,7.5千-1.5万,,,,12-10发布,50-150人,民营,计算机软件,,,创业公司  |  50-150人
软件研发工程师（招23届）,北斗星通智联科技有限责任公司,8千-1.5万,,,,12-07发布,50-150人,已上市,汽车,,,民营  |  1000-5000人
流媒体开发工程师（23届校招）,深圳市潮流网络技术有限公司杭州分公司,1.2-1.8万·14薪,,,,12-07发布,1000-5000人,外资（非欧美）,通信/电信/网络设备,,,民营  |  150-500人
运维服务工程师（双休+五险一金）,安徽卓智教育科技有限责任公司,4-6千,,,,12-10发布,150-500人,民营,计算机服务(系统、数据服务、维修),,,民营  |  50-150人
C++开发工程师,拓维信息系统股份有限公司,1.2-2万,,,,12-01发布,150-500人,国企,通信/电信/网络设备,,,已上市  |  50-150人
深圳-25w年薪-软件开发工程师,51JOB代招聘,20-30万/年,,,,12-04发布,,,专业服务(咨询、人力资源、财会),,,外资（非欧美）  |  1000-5000人
Linux驱动开发工程师（23届）,深圳市潮流网络技术有限公司杭州分公司,1.2-1.6万·14薪,,,,12-07发布,,,通信/电信/网络设备,,,民营  |  150-500人
校招-网络安全软件工程师（研）,武汉三江航天网络通信有限公司,6千-1万,,,,12-01发布,,,通信/电信运营、增值服务,,,国企  |  150-500人
