职位名称,薪酬,城市地区,工作经验要求,学历要求,公司福利,公司名称,规模类型,公司标签,地区,*n薪,最低年薪,最高年薪,薪酬_n,月薪最小值,月薪最大值
商场楼管/楼层管理,3-5千,孝感,1年,大专,"五险一金
员工旅游
专业培训
绩效奖金
餐饮补贴
运营
管理
商场管理
楼层管理
商户管理
店铺管理
商超
商业综合体",湖北涢都置业有限公司,民营  |  150-500人,物业管理/商业中心,孝感,,,,3000-5000,3000,5000
管理培训生（南通）,5-6千·13薪,南通·崇川区,1年,本科,"提供工作餐
五险一金
做五休二
带薪年假
节日福利
年底双薪
免费工作餐
补充医疗保险
生日假",麦德龙商业集团有限公司（东2东3区）,外资（欧美）  |  500-1000人,批发/零售,南通,13,,,5000-6000,5000,6000
管培生/管理实习生（五险一金+晋升+包住）,3.5-7千,兰州·城关区,无需经验,大专,"储备干部
管培生
管理
实习生
绩效奖金
提供住宿
五险一金
节日福利
专业培训
全勤奖",兰州美烁信息科技有限公司,民营  |  少于50人,批发/零售,兰州,,,,3500-7000,3500,7000
高级运营管理师,1-1.5万·15薪,芜湖,5-7年,本科,"管理
运营管理
企业管理
经营管理
经营计划
五险一金
补充医疗保险
餐饮补贴
通讯补贴
绩效奖金
年终奖金",奇瑞新能源汽车股份有限公司,国企  |  1000-5000人,新能源,芜湖,15,,,10000-15000,10000,15000
会员管理主管/专员,3-6千,南昌·新建区,1年,大专,"五险一金
包吃
免费班车
节日福利
绩效奖金
会员管理
医药
客诉
社区",江西洪兴大药房连锁有限公司,民营  |  1000-5000人,医疗/护理/卫生,南昌,,,,3000-6000,3000,6000
项目管理,7千-1.4万,上海·嘉定区,1年,本科,"管理
汽车
数字化做表
五险一金",上海前锐汽车工程技术有限公司,民营  |  50-150人,汽车,上海,,,,7000-14000,7000,14000
资产管理部  副部长（主持工作）,20-25万/年,武汉,5-7年,本科,"周末双休
弹性工作
通讯补贴
五险一金
餐饮补贴
年终奖金
交通补贴
绩效奖金
定期体检",航天科工武汉磁电有限责任公司,国企  |  150-500人,石油/化工/矿产/地质,武汉,,200000,250000,nan,,
物业管理储备干部,6-8万/年,宁波,5-7年,大专,"物业
物业主管
物业项目经理",新联合物业服务集团有限公司,民营  |  1000-5000人,物业管理/商业中心,宁波,,60000,80000,60000-80000,60000,80000
日语管理员,5-6千,惠州·博罗县,无需经验,大专,"带薪年假
五险一金
包吃
包住宿
免费班车
绩效奖金
全勤奖
节日福利
交通补贴
加班补贴",住电装储运（惠州）有限公司,外资（非欧美）  |  150-500人,交通/运输/物流,惠州,,,,5000-6000,5000,6000
综合管理员,12-15万/年,无锡·江阴市,3-4年,大专,"五险一金
专业培训",江苏华西村海洋工程服务有限公司,国企  |  500-1000人,石油/化工/矿产/地质,无锡,,120000,150000,nan,,
食堂管理员,6-8千·13薪,广州·番禺区,1年,大专,"食堂
餐厅
食堂管理员
年终奖金
员工旅游
定期体检
包住宿
加班费
伙食补贴",深圳市卓越物业管理有限责任公司,民营  |  5000-10000人,物业管理/商业中心,广州,13,,,6000-8000,6000,8000
企业管理工程师,3-5千,烟台,2年,大专,"免费班车
餐饮补贴
通讯补贴
出国机会
弹性工作
周末双休",烟台海德专用汽车有限公司,民营  |  1000-5000人,汽车,烟台,,,,3000-5000,3000,5000
酒店管理经理人,6-8千,昆明,3-4年,大专,"酒店管理
酒店经营",云南志远物业管理有限公司,民营  |  50-150人,建筑/建材/工程,昆明,,,,6000-8000,6000,8000
生产管理（嘉善),1-1.8万,嘉兴·嘉善县,5-7年,大专,"专业培训
员工旅游
绩效奖金",上海逸航汽车零部件有限公司,民营  |  150-500人,汽车,嘉兴,,,,10000-18000,10000,18000
运营管理（总监特助）,2-3万,苏州,5-7年,本科,"五险一金
交通补贴
餐饮补贴
年终奖金
定期体检",江苏烽禾升智能科技有限公司,民营  |  1000-5000人,仪器仪表/工业自动化,苏州,,,,20000-30000,20000,30000
门店营运管理（管培生）,6.5-8千,武汉·洪山区,无需经验,本科,"市场
运营
带薪年假
专业培训
提供住宿
出国旅游
年终奖金
单休
五险一金
绩效奖金
定期体检
定期团建",悦活里,民营  |  1000-5000人,批发/零售,武汉,,,,6500-8000,6500,8000
直播内容质量资深管理岗,1.2-2.5万,天津,3-4年,本科,"下午茶
六险一金
团队氛围好
晋升空间大
扁平管理
餐补
薪资优厚
租房补贴",字节跳动,民营  |  10000人以上,互联网/电子商务,天津,,,,12000-25000,12000,25000
管理培训生,4.5-6千,上海·闵行区,无需经验,本科,"管培生
助理
运营助理
市场助理
产品助理
采购助理
做五休二
带薪年假
节日福利
专业培训
免费班车
员工旅游
定期体检
交通补贴
五险一金",上海新川崎食品有限公司,民营  |  150-500人,快速消费品(食品、饮料、化妆品),上海,,,,4500-6000,4500,6000
现场管理人员,7-9千,上海·闵行区,5-7年,大专,"带薪年假
绩效奖金
节日福利
专业培训
餐饮补贴
年终奖金
五险一金
定期体检
加班补助",上海典屹实业有限公司,民营  |  50-150人,建筑/建材/工程,上海,,,,7000-9000,7000,9000
供应链管理（采购）,6.5-8千,武汉·洪山区,无需经验,本科,"采购
新零售
商务采购
食品
零售
批发
烟酒行业
带薪年假
专业培训
提供住宿
年终奖金
单休
五险一金
定期体检
绩效奖金
生日假
定期团建",悦活里,民营  |  1000-5000人,批发/零售,武汉,,,,6500-8000,6500,8000
生产管理,5-9千,张家港,2年,大专,"五险一金
专业培训
免费班车
年终奖金
绩效奖金
租房补贴",苏州莱能士光电科技股份有限公司,民营  |  150-500人,电子技术/半导体/集成电路,张家,,,,5000-9000,5000,9000
道路服务专员岗——服务质量管理方向(G3986),7千-1.1万,成都·武侯区,2年,大专,"互联网车企
扁平化管理
体系化培训
sop
服务质量",NIO蔚来,已上市  |  10000人以上,汽车,成都,,,,7000-11000,7000,11000
营销管理,0.8-1万,武汉·武昌区,3-4年,大专,"市场
营销
拓展经理
市场分析
调研人员
补充医疗保险
补充公积金
员工旅游
专业培训
绩效奖金
年终奖金
弹性工作
定期体检
五险一金
出国机会",武汉飞凌德胜科技有限公司,民营  |  50-150人,互联网/电子商务,武汉,,,,08000-10000,08000,10000
农业园区管理管培生,8千-1万,襄阳·襄州区,无需经验,本科,"农业园区管理
金融
政府协调
项目开发
工程管理
五险一金
交通补贴
餐饮补贴
通讯补贴
年终奖金
弹性工作
定期体检
周末双休
带薪年假
节日福利",正大农业科技（浙江）有限公司,外资（非欧美）  |  150-500人,农/林/牧/渔,襄阳,,,,8000-10000,8000,10000
计划管理经理,8千-1万,北京·大兴区,3-4年,本科,"物流
物流管理
五险一金
交通补贴
通讯补贴",北京中都星徽物流有限公司,国企  |  1000-5000人,交通/运输/物流,北京,,,,8000-10000,8000,10000
总经理助理（经营管理方向）,3-4万·13薪,广州·番禺区,3-4年,本科,"经营管理
人才管理
团队建设
跨境电商行业
周末双休
五险一金
绩效奖金
节日福利
员工旅游
定期体检",香港灏力国际有限公司广州代表处,外企代表处  |  50-150人,贸易/进出口,广州,13,,,30000-40000,30000,40000
大客户管理/销售经理,20-40万/年,杭州·西湖区,2年,本科,"销售团队管理
沟通谈判
内部控制
销售经理
拜访重点客户
周末双休
带薪年假
五险一金
绩效奖金
专业培训
补充医疗保险
定期体检",“前程无忧”51job.com（杭州）,外资（非欧美）  |  150-500人,互联网/电子商务,杭州,,200000,400000,nan,,
子公司中层干部（项目管理）,30-40万/年,杭州·萧山区,10年以上,本科,"建筑
团队管理
中高层管理
统筹管控
工程建设
土木
政策法规
五险一金
员工旅游
餐饮补贴
通讯补贴
定期体检
补充医疗保险
企业年金",杭州市临空建设投资集团有限公司,国企  |  150-500人,多元化业务集团公司,杭州,,300000,400000,nan,,
体系管理工程师,8千-1.5万·13薪,肇庆,3-4年,大专,"质检
品检
售后
餐饮补贴
绩效奖金
节日福利
专业培训
通讯补贴
年终奖金
包吃包住",扬格艺术餐具有限公司,民营  |  150-500人,批发/零售,肇庆,13,,,8000-15000,8000,15000
综合管理岗,6-8千·13薪,北京·西城区,1年,本科,"五险一金
定期体检
补充医疗保险
年终奖金
通讯补贴",北京外企人力资源服务有限公司,国企  |  10000人以上,专业服务(咨询、人力资源、财会),北京,13,,,6000-8000,6000,8000
电缆储备管理人员,5-5.5千,东莞·东坑镇,2年,大专,"包吃
节日福利
高温补贴
带薪年假
加班补贴
人才引进补贴
专业培训
包住
双休",广东中德电缆有限公司,民营  |  1000-5000人,通信/电信/网络设备,东莞,,,,5000-5500,5000,5500
公寓运营管理部门负责人,15-19万/年,上海·青浦区,3-4年,本科,"运营管理
五险一金
年终奖金
补充医疗保险
补充公积金
企业年金",上海实业发展股份有限公司,国企  |  1000-5000人,建筑/建材/工程,上海,,150000,190000,nan,,
流程管理专员/流程经理,8千-1.6万·13薪,苏州·工业园区,2年,本科,"管理
人力资源
经济学
流程优化
工商管理
总经理助理
员工旅游
绩效奖金
年终奖金
定期体检
节日福利
加班补贴
五险一金
交通补贴
股票期权",苏州苏纳光电有限公司,民营  |  150-500人,电子技术/半导体/集成电路,苏州,13,,,8000-16000,8000,16000
退休回聘护工管理老师,4-7千,上海·黄浦区,5-7年,中技/中专,"五险一金
带薪年假",上海舒孝养老投资股份有限公司,民营  |  500-1000人,医疗/护理/卫生,上海,,,,4000-7000,4000,7000
总裁办副主任（运营管理专业岗）,2.5-3万,深圳·龙华区,5-7年,本科,"战略管理
运营管理
经营目标
发展战略规划
计划管控
房地产
带薪年假
住房补贴
加班补贴
餐饮补贴
五险一金",深圳市方兴利投资控股集团有限公司,民营  |  150-500人,房地产,深圳,,,,25000-30000,25000,30000
保安公司管理部保安经理,4-6千,西安,5-7年,大专,"交通补贴
弹性工作
年终奖金
绩效奖金
餐饮补贴
专业培训
通讯补贴
五险一金
定期体检
补充医疗保险",陕西军卫安保服务有限公司,民营  |  500-1000人,生活服务,西安,,,,4000-6000,4000,6000
标准化管理员,3-5千,南昌·新建区,2年,本科,"制度执行
五险
免费班车
餐饮补贴
交通补贴
绩效奖金
年终奖金
补充医疗保险",江西洪兴大药房连锁有限公司,民营  |  1000-5000人,医疗/护理/卫生,南昌,,,,3000-5000,3000,5000
精英管理培训生/精英储备干部,1.2-1.5万,成都·郫都区,无需经验,本科,"五险一金
绩效奖金
餐饮补贴
带薪年假
节日福利
专业培训",成都宝创汽车销售服务有限公司,外资（非欧美）  |  50-150人,汽车,成都,,,,12000-15000,12000,15000
管理培训生（化学化工材料专业）,6-7千,惠州·惠东县,1年,大专,"机电化工材料
五险一金
节日福利
定期体检
带薪年假
包住宿
高温补贴
包吃
绩效奖金
专业培训",杰森石膏板（惠州）有限公司,合资  |  150-500人,建筑/建材/工程,惠州,,,,6000-7000,6000,7000
规划管理经理,8千-1万,北京·大兴区,3-4年,本科,"五险一金
交通补贴
通讯补贴",北京中都星徽物流有限公司,国企  |  1000-5000人,交通/运输/物流,北京,,,,8000-10000,8000,10000
综合管理,2-3万·14薪,杭州·上城区,3-4年,大专,"管理
企业文化推广
五险一金
补充医疗保险
补充公积金
年终奖金
弹性工作
专业培训
定期体检
绩效奖金
交通补贴",九江世瑞人力资源有限公司,民营  ,专业服务(咨询、人力资源、财会),杭州,14,,,20000-30000,20000,30000
综合管理部经理,6-8千,武汉,5-7年,本科,"综合人事
周末双休
带薪年假
绩效奖金
节日福利
专业培训
交通补贴
餐饮补贴
五险",武汉科力协管理顾问有限公司,民营  |  少于50人,专业服务(咨询、人力资源、财会),武汉,,,,6000-8000,6000,8000
酒店管理公司总经理,3.5-5.5万,杭州·萧山区,10年以上,大专,"五险一金
绩效奖金
年终奖金
专业培训
定期体检
交通补贴
通讯补贴",浙江英冠控股集团有限公司,民营  |  50-150人,房地产,杭州,,,,35000-55000,35000,55000
物业管理经理/物业经理,1-1.5万,上海·青浦区,10年以上,大专,"五险一金
交通补贴
餐饮补贴
通讯补贴
物业管理经理",上海美高投资集团有限公司,民营  |  50-150人,房地产,上海,,,,10000-15000,10000,15000
寻找楼盘的项目经理，有管理经验的来,5千-1万,昆明·官渡区,3-4年,大专,"销售
管理
绩效管理
销售团队
绩效标准
团队经理
销售经理
团队管理
稳定平台
专业培训
绩效奖金
无需找客户
无需带客户
只做管理",昆明旅投广告媒体发展有限公司,民营  |  50-150人,房地产,昆明,,,,5000-10000,5000,10000
运营管理员,3-5千,南昌·新建区,2年,大专,"五险
免费班车
餐饮补贴
住宿",江西洪兴大药房连锁有限公司,民营  |  1000-5000人,医疗/护理/卫生,南昌,,,,3000-5000,3000,5000
物业管理经理,1-1.5万,广州·黄埔区,5-7年,大专,"购买社保
做五休二
餐饮补贴
通讯补贴
年终奖金
员工旅游
定期体检
物业经理",广州莱迪创新科技园管理有限公司,民营  |  50-150人,物业管理/商业中心,广州,,,,10000-15000,10000,15000
项目总经理（商业管理项目总）,2.5-3万,成都·成华区,3-4年,本科,"商业地产
商业综合体
团队管理
商业管理
招商运营物业
带薪年假
五险一金",成都东立置业有限公司,民营  |  150-500人,房地产,成都,,,,25000-30000,25000,30000
现场管理主管/物业主管,6千-1万,广州,5-7年,大专,"全勤奖
五险一金
年终奖金
工作餐
旅游
节日福利",广东艾买菜物联科技有限公司,民营  |  50-150人,租赁服务,广州,,,,6000-10000,6000,10000
企业管理专员,4.5-6千,德阳,2年,本科,"弹性工作
专业培训",四川宽窄印务有限责任公司,国企  |  150-500人,印刷/包装/造纸,德阳,,,,4500-6000,4500,6000
综合管理-岚图汽车佛山,8千-1万,佛山·南海区,3-4年,本科,"带薪年假
五险二金
年终奖金
补充商业保险
交通补贴
餐饮补贴
通讯补贴",东风汽车集团股份有限公司,国企  |  10000人以上,汽车,佛山,,,,8000-10000,8000,10000
仓库协调管理员 - Warehousing Coordinator,5-8千,深圳·龙岗区,2年,大专,"五险一金
餐饮补贴
年终奖金
定期体检
补充医疗保险
带薪年假
节日福利
仓库管理
外企
双休",力勤国际货物运输代理（上海）有限公司CHARLES KENDALL FREIGHT (CHINA) LIMITED,外资（欧美）  |  少于50人,交通/运输/物流,深圳,,,,5000-8000,5000,8000
IT 资产管理（英语）,1.5-2万·13薪,北京,8-9年,大专,"带薪年假
五险一金
节日福利
专业培训
做五休二
周末双休
加班补贴",HCL Technologies (Shanghai) Limited,外资（非欧美）  |  500-1000人,计算机软件,北京,13,,,15000-20000,15000,20000
固定资产管理员,6-8千·13薪,深圳,1年,本科,"补充医疗保险
免费班车
员工旅游
专业培训
绩效奖金
年终奖金
弹性工作
定期体检
节日福利
六险一金",上海微创软件股份有限公司深圳分公司,合资  |  500-1000人,计算机软件,深圳,13,,,6000-8000,6000,8000
系统管理员,8千-1万·13薪,深圳·罗湖区,5-7年,本科,"周末双休
带薪年假
五险一金
年终双薪
补充商业保险
生日会",美嘉玩具（深圳）有限公司,外资（欧美）  |  150-500人,贸易/进出口,深圳,13,,,8000-10000,8000,10000
项目管理工程师,5-7千,长沙,2年,大专,"调试
安装
带薪年假
五险一金
绩效奖金
节日福利
餐饮补贴
交通补贴
通讯补贴
补充医疗保险
年终奖金
弹性工作",亚萨合莱自动门系统（上海）有限公司,外资（欧美）  |  150-500人,建筑/建材/工程,长沙,,,,5000-7000,5000,7000
文档管理QA工程师,6千-1万·14薪,苏州·工业园区,1年,大专,"五险一金
餐饮补贴
年终奖金
绩效奖金
定期体检
专业培训",苏州博腾生物制药有限公司,创业公司  |  150-500人,制药/生物工程,苏州,14,,,6000-10000,6000,10000
仓库管理员（包吃住无经验亦可）,4.5-6千,广州·白云区,无需经验,初中及以下,"理货员
仓库
仓库管理员
理货
仓管
物流
仓管员",广州市穗丰万里汽车配件有限公司,民营  |  150-500人,汽车,广州,,,,4500-6000,4500,6000
仓库管理员,3-4千,衢州,2年,大专,"节日福利
专业培训
购买社保
加班工资
仓库管理员
仓管
仓库
仓库管理
仓管员
物流
仓库主管
仓储",吴江市邦达物流有限公司,民营  |  150-500人,交通/运输/物流,衢州,,,,3000-4000,3000,4000
质量管理/测试经理(QA/QC经理),5-8千,青岛·黄岛区,无需经验,本科,"食品
测试
品检
质检
质量
双休
微生物
数据分析
监督
调查
五险一金
补充公积金
员工旅游
餐饮补贴
通讯补贴
专业培训
出国机会
年终奖金",孚雷德食品（青岛）有限公司,外资（欧美）  |  50-150人,贸易/进出口,青岛,,,,5000-8000,5000,8000
仓库管理员（五险一金包食宿）,3-3千,武汉·东西湖区,无需经验,高中,"包食宿
带薪休假",湖北策马服装实业有限公司,民营  |  50-150人,服装/纺织/皮革,武汉,,,,3000-3000,3000,3000
连锁药店运营管理,5千-1万,武汉,2年,大专,"年终奖金
五险
交通补贴
免费住宿
周末双休
员工旅游
专业培训",武汉璟泓科技股份有限公司,已上市  |  150-500人,医疗设备/器械,武汉,,,,5000-10000,5000,10000
中山阿丁莱湾区学校-泳馆管理以及水质管理员,5-8千,中山,1年,大专,"五险一金
做五休二
餐饮补贴",广州朗德至尚国际教育咨询有限公司,民营  |  50-150人,教育/培训/院校,中山,,,,5000-8000,5000,8000
海外调度管理专员,1-2万,佛山,3-4年,本科,"五险一金
餐饮补贴
定期体检
岗位晋升",美的集团-国际物流共享平台,外资（欧美）  |  500-1000人,交通/运输/物流,佛山,,,,10000-20000,10000,20000
机械工程师（项目管理方向）,1.5-2.5万·14薪,常熟,5-7年,本科,"化工行业
动力行业
机械设计
项目管理
英语熟练
五险一金
年终奖金",巴施帝信息科技（上海）有限公司,外资（欧美）  |  50-150人,计算机软件,常熟,14,,,15000-25000,15000,25000
IT Help Desk网络管理员,4.5-6千·13薪,东莞,1年,本科,"Helpdesk
软件工程师
系统管理
五险一金
补充医疗保险
免费班车
做五休二
带薪年假",东莞利威鞋业有限公司,外资（欧美）  |  500-1000人,贸易/进出口,东莞,13,,,4500-6000,4500,6000
供应商质量管理工程师,2-2.3万·13薪,上海·浦东新区,8-9年,本科,"SQE
供应商质量
五险一金
绩效奖金
补充医疗保险
补充公积金
员工旅游
通讯补贴
弹性工作
定期体检",西屋运输系统有限公司上海分公司,外资（欧美）  |  150-500人,交通/运输/物流,上海,13,,,20000-23000,20000,23000
Product Supervisor （偏工艺和生产管理）,1.2-1.8万,东莞·长安镇,8-9年,本科,"五险一金
带薪年假
餐饮补贴
通讯补贴
定期体检
年终奖金
补充医疗保险",诺兰特科技（东莞）有限公司,外资（欧美）  |  50-150人,原材料和加工,东莞,,,,12000-18000,12000,18000
工程管理部 工作人员,4-6.5千,上海·闵行区,2年,本科,"五险一金
交通补贴
定期体检
年终绩效
午餐补贴
轮岗机会",上海马桥人力资源咨询服务有限公司,国企  ,政府/公共事业,上海,,,,4000-6500,4000,6500
订单管理专员/助理,6-8千,广州·越秀区,1年,大专,"五险一金
补充医疗保险
专业培训
出国机会
弹性工作
年终奖金
定期体检
绩效奖金",广州攀欧贸易有限公司,外资（欧美）  |  50-150人,贸易/进出口,广州,,,,6000-8000,6000,8000
质量管理部经理,20-40万/年,嘉兴,5-7年,本科,"五险一金
免费班车
餐饮补贴
绩效奖金
年终奖金
定期体检
带薪年假",浙江冠豪新材料有限公司,国企  |  500-1000人,印刷/包装/造纸,嘉兴,,200000,400000,nan,,
项目管理（翻译方向）Translation Project Manager,1.5-2万,大连·甘井子区,3-4年,本科,"项目管理
本地化语言
翻译
语言格式
语言版式调整
五险一金
补充公积金
交通补贴
餐饮补贴
通讯补贴
专业培训
年终奖金
弹性工作
周末双休
团队氛围好",艾昆纬医药科技（上海）有限公司,外资（欧美）  |  500-1000人,制药/生物工程,大连,,,,15000-20000,15000,20000
运维专员(应急管理平台）,6-8千,苏州,3-4年,本科,五险一金,苏州高铁新城人力资源管理有限公司,国企  |  150-500人,专业服务(咨询、人力资源、财会),苏州,,,,6000-8000,6000,8000
质量管理员,5-8千,杭州·萧山区,2年,大专,"五险一金
员工旅游
交通补贴
餐饮补贴
通讯补贴
专业培训
绩效奖金
定期体检",浙江浙盾检测技术研究有限公司,民营  |  50-150人,检测，认证,杭州,,,,5000-8000,5000,8000
仓库管理员,6千-1.2万,徐州·邳州市,3-4年,高中,"包住宿
免费班车
绩效奖金
采购
分拣
配货
出入库
对账
送货
样品管理",江苏兰蒂斯木业有限公司,民营  |  500-1000人,贸易/进出口,徐州,,,,6000-12000,6000,12000
福富管理处监控员,2.9-3.1千·13薪,福州·晋安区,3-4年,中技/中专,"消监控值班
五险一金
年终奖金
交通补贴
定期体检
过节费",福建省邮电物业管理有限公司,国企  |  1000-5000人,物业管理/商业中心,福州,13,,,2900-3100,2900,3100
报告存档管理（外包岗）,3-4千,焦作,无需经验,本科,"周末双休
带薪年假
包三餐
包住宿",中国汽车工程研究院股份有限公司,国企  |  1000-5000人,汽车,焦作,,,,3000-4000,3000,4000
综合管理部主管,6千-1.2万,福州·马尾区,5-7年,本科,"五险一金
年终奖金
股票期权
免费班车
定期体检",福建星云电子股份有限公司,民营  |  500-1000人,仪器仪表/工业自动化,福州,,,,6000-12000,6000,12000
职能管理,6-7千,大连,无需经验,硕士,"五险一金
补充医疗保险
定期体检
专业培训
绩效奖金",大连东软信息学院,非营利组织  |  500-1000人,教育/培训/院校,大连,,,,6000-7000,6000,7000
运营内控管理岗,12-16万/年,北京·大兴区,3-4年,本科,"房地产
企业管理
内控管理
制度流程
企业运营
管理制度
运营管理
五险一金
专业培训
年终奖金
定期体检
带薪年假
补充医疗保险",北京经开投资开发股份有限公司,国企  |  150-500人,房地产,北京,,120000,160000,nan,,
班主任（学生管理）(J11349),5-7千,惠州,1年,大专,"餐饮补贴
提供住宿
免费班车
五险一金",广东利元亨智能装备股份有限公司,民营  |  5000-10000人,机械/设备/重工,惠州,,,,5000-7000,5000,7000
区域项目管理经理,1.2-1.5万,成都·武侯区,3-4年,本科,"项目管理
档案管理
目标计划管理
绩效计划
人员安全管理
生产效率管理
项目方案
人员管理
客户沟通
项目验收
专业培训
餐饮补贴
绩效奖金
全勤奖
员工旅游
节日福利",成都开方数据科技有限公司,民营  |  150-500人,计算机服务(系统、数据服务、维修),成都,,,,12000-15000,12000,15000
商品管理总监,20-30万/年,上海·杨浦区,5-7年,大专,"五险一金
交通补贴
通讯补贴
年终奖金
定期体检
商品",永兴东润服饰股份有限公司,合资  |  500-1000人,服装/纺织/皮革,上海,,200000,300000,nan,,
安全管理员,5-6千,广安,2年,大专,"安全员
五险一金
带薪年假
绩效奖金
节日福利
加班补贴",成都化润药业有限公司,合资  |  少于50人,制药/生物工程,广安,,,,5000-6000,5000,6000
销售项目管理培训生,4-8千·18薪,杭州·滨江区,1年,中技/中专,"培训
关系维护
项目运行
市场挖掘
客户拜访
机电一体化
工程
项目决策
销售项目管理
五险一金
员工旅游
交通补贴
餐饮补贴
通讯补贴
年终奖金
绩效奖金
出国机会
专业培训
弹性工作",浙江智达环保工程有限公司,民营  |  少于50人,环保,杭州,18,,,4000-8000,4000,8000
外教管理,9千-1.2万·13薪,上海·徐汇区,2年,本科,"外教管理
外教招聘
招聘专员
人事管理
五险一金
专业培训
绩效奖金
年终奖金
员工旅游
出国机会",上海奕夏开文教育科技有限公司,民营  |  50-150人,教育/培训/院校,上海,13,,,9000-12000,9000,12000
现场管理经理,8千-1万,北京·大兴区,3-4年,本科,"五险一金
交通补贴
通讯补贴",北京中都星徽物流有限公司,国企  |  1000-5000人,交通/运输/物流,北京,,,,8000-10000,8000,10000
储备生产管理人员,5-8千·13薪,贵阳,1年,本科,"生产计划
生产管理
倒班工作制
包吃包住
绩效奖金
年终奖金
五险一金",贵阳南明老干妈风味食品有限责任公司,民营  |  1000-5000人,快速消费品(食品、饮料、化妆品),贵阳,13,,,5000-8000,5000,8000
高薪公司资产管理专员,8千-1.6万,西安·雁塔区,1年,大专,"金融
五险一金
专业培训
绩效奖金
年终奖金
弹性工作
周末双休
带薪年假
13薪",陕西顺源安盈企业咨询有限公司,民营  |  50-150人,金融/投资/证券,西安,,,,8000-16000,8000,16000
销售经理（中层管理岗）,1.5-3万·14薪,南京·江宁区,5-7年,大专,"团队管理
销售团队管理
市场分析
建筑工程
MRO
带薪年假
五险一金
住房补贴
通讯补贴
交通补贴
包吃
包住宿
专业培训
节日福利",江苏鑫方盛电子商务有限公司,民营  |  5000-10000人,互联网/电子商务,南京,14,,,15000-30000,15000,30000
生产管理总监,20-30万/年,广州·增城区,10年以上,高中,"全勤奖
节日福利
包三餐
包住宿
专业培训
带薪年假
定期体检
五险一金",赫禧（广州）生物科技有限公司,民营  |  150-500人,快速消费品(食品、饮料、化妆品),广州,,200000,300000,nan,,
商务专员/渠道管理,6-8千,上海·静安区,2年,大专,"商务
渠道管理
医疗器械
五险一金
餐饮补贴
通讯补贴
定期体检
专业培训
绩效奖金
带薪年假
高温补贴",上海泰美医疗器械有限公司,国企  |  150-500人,医疗设备/器械,上海,,,,6000-8000,6000,8000
知识管理员,5-8千,深圳·龙华区,1年,本科,"办公软件
管理
技术资料整理
方案执行
五险一金
员工旅游
通讯补贴
专业培训
绩效奖金
年终奖金
补充医疗保险",华谋咨询技术（深圳）有限公司,民营  |  150-500人,专业服务(咨询、人力资源、财会),深圳,,,,5000-8000,5000,8000
物业管理总监（高端豪宅）,1.5-3万,上海·闵行区,5-7年,大专,五险一金,上海熙壤实业集团有限公司,民营  |  50-150人,房地产,上海,,,,15000-30000,15000,30000
项目管理经理（交付为主）,1.5-2万·13薪,肇庆·鼎湖区,5-7年,本科,"项目管理
流程优化
工程
制度流程建设
ipd
流程管控
机械
机电
五险一金
专业培训
年终奖金
餐饮补贴
免费班车",肇庆兆阳智能设备有限公司,合资  |  1000-5000人,机械/设备/重工,肇庆,13,,,15000-20000,15000,20000
销售管理（光华门）,1.5-2万,南京,3-4年,大专,"直销销售
电话销售
面销
五险一金
员工旅游
绩效奖金
专业培训
弹性工作",江苏云巨石科技有限公司,民营  |  500-1000人,教育/培训/院校,南京,,,,15000-20000,15000,20000
某大型央企招聘人事管理岗,5.8-7.5千,成都·郫都区,3-4年,本科,"五险一金
餐饮补贴
年终奖金",四川全盛人才服务有限责任公司,国企  |  50-150人,专业服务(咨询、人力资源、财会),成都,,,,5800-7500,5800,7500
资产管理经理,1-1.5万,西安·雁塔区,3-4年,本科,"资产管理
资管
资产管理体系
五险一金
通讯补贴
餐饮补贴
全勤奖
加班补助
周末双休",西安华纲建设工程管理有限公司,民营  ,建筑/建材/工程,西安,,,,10000-15000,10000,15000
物业管理经理,1.2-1.5万,杭州·临安区,5-7年,大专,"五险一金
餐饮补贴
专业培训
年终奖金
物业管理",上海宝龙物业管理有限公司宁波奉化分公司,民营  ,物业管理/商业中心,杭州,,,,12000-15000,12000,15000
运营总监（公司管理+市场方向）,30-60万/年,上海·静安区,3-4年,本科,"出国机会
五险一金
员工旅游
通讯补贴",意梓（上海）电子商务有限公司,外资（欧美）  |  50-150人,互联网/电子商务,上海,,300000,600000,nan,,
教学管理,8千-1.6万,常州,3-4年,本科,"学科组长
教学主管
学科负责人
教学校长
副校长
理科
文科
教学管理
老师
教师
五险一金
绩效奖金
弹性工作
员工旅游
带薪年假
节日福利",江苏云巨石科技有限公司,民营  |  500-1000人,教育/培训/院校,常州,,,,8000-16000,8000,16000
生产管理培训生,3-4.5千,青岛·即墨区,无需经验,本科,"管培生
管理培训生
生产
精益生产
节日福利
专业培训
带薪年假
五险一金",佛吉亚（即墨）排气控制技术有限公司,外资（欧美）  |  150-500人,汽车,青岛,,,,3000-4500,3000,4500
项目管理,8千-1.2万,上海·松江区,2年,本科,"汽车
运营
做五休二",上海发之源电气有限公司,民营  |  150-500人,汽车,上海,,,,8000-12000,8000,12000
项目经理（光明物业管理方向）,7千-1万·13薪,深圳·光明区,3-4年,大专,"五险一金
免费班车
年终奖金
定期体检
绩效奖金
免费工作餐
高温补贴
免费住宿
物业管理
运营管理
物业服务
客服
物业管家
管家",深圳华强高新产业园投资发展有限公司,民营  |  150-500人,房地产,深圳,13,,,7000-10000,7000,10000
物业管理经理,8千-1.2万·13薪,宁波·江北区,3-4年,大专,"五险一金
高温补贴
节日福利
物业
物业经理
物业主管
物业项目经理",宁波保税区亿贸石化有限公司,民营  ,石油/化工/矿产/地质,宁波,13,,,8000-12000,8000,12000
行政管理,6千-1.2万,济宁,3-4年,大专,"运营
行政管理
接待
五险一金
定期体检
交通补贴
免费班车
通讯补贴",山东荣信集团有限公司,民营  |  1000-5000人,石油/化工/矿产/地质,济宁,,,,6000-12000,6000,12000
生产管理工程师,8千-1.5万,成都,3-4年,本科,"项目管理
质量管理
成本管理
账务管理
生产管理
成本管理体系
生产管理体系
五险一金
交通补贴
餐饮补贴
通讯补贴
专业培训
绩效奖金
定期体检",中电科航空电子有限公司,国企  |  1000-5000人,通信/电信/网络设备,成都,,,,8000-15000,8000,15000
英语连锁家具店经营管理,1-1.5万,大连·中山区,无需经验,大专,"销售
销售经理
渠道销售
导购
销售代表
业务员
五险一金
通讯补贴
绩效奖金
免费班车
出国机会
年终奖金
餐饮补贴
交通补贴",大连森柏特国际贸易有限公司,民营  |  150-500人,贸易/进出口,大连,,,,10000-15000,10000,15000
仓库管理员,5-6千,南通·如东县,1年,高中,"餐饮补贴
年终奖金
五险
库存盘点
管理",江苏海瑞电源有限公司,民营  |  1000-5000人,电气/电力/水利,南通,,,,5000-6000,5000,6000
协调管理岗,6-8千,三亚,2年,本科,"带薪年假
五险一金
餐饮补贴
高温补贴
节日福利
年终奖
年金
朝九晚六
周末双休
央企",太平置业（海南）有限公司,国企  |  少于50人,房地产,三亚,,,,6000-8000,6000,8000
仓库管理员 (虹口区),5-7千·14薪,上海,3-4年,大专,"五险一金
通讯补贴
餐饮补贴
年终奖金
定期体检",国药控股菱商医院管理服务（上海）有限公司,合资  |  150-500人,医疗设备/器械,上海,14,,,5000-7000,5000,7000
项目管理部经理,1.5-2万,深圳·宝安区,3-4年,大专,"机械
客户关系
售后技术服务
对接客户
pcb行业
客户沟通
项目管理
技术管理
项目开展
机电一体化
员工旅游
年终奖金
提供住宿
带薪年假
节日福利
全勤奖
餐饮补贴
加班补贴
通讯补贴
包住宿",深圳市科汇龙科技有限公司,民营  |  50-150人,机械/设备/重工,深圳,,,,15000-20000,15000,20000
招聘护工管理人员（拱墅区）,7-9千,杭州·拱墅区,2年,高中,"派单
养老机构
护工
重症
护工管理
培训
医疗机构
招聘
护士长
康复",宁波舒心康护信息技术有限公司,民营  |  150-500人,医疗/护理/卫生,杭州,,,,7000-9000,7000,9000
设备管理高级工程师,1-1.5万,常州·新北区,5-7年,本科,五险一金,江苏高正健康产业集团有限公司,民营  |  5000-10000人,物业管理/商业中心,常州,,,,10000-15000,10000,15000
商品猪现场销售管理,4.5-6.5千,阜阳,1年,中技/中专,"五险一金
节日福利
绩效奖金
包住宿
年终奖金
餐补
异地探亲补贴
现场销售
市场信息收集
维护管理",阜阳市立华畜禽有限公司,民营  |  50-150人,农/林/牧/渔,阜阳,,,,4500-6500,4500,6500
质量体系管理员,5-8千,武汉·江夏区,5-7年,本科,"体系
免费班车
包住
节日福利
生日津贴
年底双薪",武汉新创芯科技有限责任公司,民营  |  150-500人,电子技术/半导体/集成电路,武汉,,,,5000-8000,5000,8000
培训管理督导,5-5.5千,成都·锦江区,3-4年,大专,"五险一金
通讯补贴
绩效奖金
年终奖金
定期体检",成都上海家化有限公司,民营  ,计算机服务(系统、数据服务、维修),成都,,,,5000-5500,5000,5500
信贷销售管理培训生,1-1.5万,深圳·龙岗区,无需经验,大专,"六险二金
员工旅游
绩效奖金
定期体检
专业培训
降温补助
个税扣减
小组团建
节日福利
生日福利
信贷销售
管理培训生",平安普惠投资咨询有限公司深圳龙岗营业部,民营  |  10000人以上,银行,深圳,,,,10000-15000,10000,15000
信息管理员,6.5-7.5千,深圳·宝安区,2年,大专,"网络
网管
网络管理
网络管理员
技术支持
计算机
it
五险一金
员工旅游
专业培训
绩效奖金
年终奖金
定期体检
周末双休
带薪年假",深圳市满京华物业管理有限公司,民营  |  150-500人,物业管理/商业中心,深圳,,,,6500-7500,6500,7500
QA质量管理员,5.5-6千·13薪,连云港,1年,本科,"质量
质量管理
五险一金
免费班车
交通补贴
餐饮补贴
绩效奖金
年终奖金",江苏康缘药业股份有限公司,已上市  |  1000-5000人,制药/生物工程,连云,13,,,5500-6000,5500,6000
医疗器械管理者代表,7千-1万,广州·黄埔区,3-4年,本科,"质量管理体系
体系考核
内部评审
质量体系
医学检验
质量管理
培训
专业培训
餐饮补贴
绩效奖金
年终奖金
五险一金",广州华一生物科技有限公司,民营  |  少于50人,医疗设备/器械,广州,,,,7000-10000,7000,10000
信贷销售管理培训生,1-1.5万,深圳·龙岗区,2年,本科,"信贷销售
管理培训生
六险二金
员工旅游
绩效奖金
定期体检
专业培训
降温补助
个税扣减
小组团建
节日福利
生日福利",平安普惠投资咨询有限公司深圳龙岗营业部,民营  |  10000人以上,银行,深圳,,,,10000-15000,10000,15000
种植类-基地管理员（红河）,4-6千·16薪,红河州,无需经验,大专,"植保
水果种植
无土栽培
农业
蓝莓
年终奖金
定期体检
节日礼金
高温补贴
生日福利
五险一金
员工旅游
补充医疗保险
通讯补贴",红河佳裕农业科技有限公司,合资  |  50-150人,农/林/牧/渔,红河,16,,,4000-6000,4000,6000
医疗器械管理者代表,8千-1.5万,成都·高新区,3-4年,本科,"补充医疗保险
五险一金
绩效奖金
定期体检
专业培训
年终奖金
通讯补贴
餐饮补贴
员工旅游",成都恩普生医疗科技有限公司,民营  |  50-150人,医疗设备/器械,成都,,,,8000-15000,8000,15000
项目管理,4.5-6千·15薪,成都·成华区,3-4年,大专,"项目管理
定期体检
年终奖金
带薪年假
包吃",江油市三力钻井工程技术服务有限公司,民营  |  10000人以上,石油/化工/矿产/地质,成都,15,,,4500-6000,4500,6000
供应链管理,6千-1万,成都·高新区,3-4年,本科,"供应链管理
供应链采购
供应链专员
采购
采购员
五险
绩效奖金
团队活动
通讯补贴
餐饮补贴
交通补贴
下午茶",四川省立源化工有限公司,民营  |  500-1000人,石油/化工/矿产/地质,成都,,,,6000-10000,6000,10000
销售与策划管理,25-35万/年,上海·浦东新区,3-4年,本科,"带薪年假
五险一金
绩效奖金
高温补贴
补充医疗保险
补充公积金
定期体检",上海市浦东新区房地产（集团）有限公司,国企  |  150-500人,房地产,上海,,250000,350000,nan,,
销售部经理(管理),8千-1.5万,深圳·坪山区,2年,大专,"市场部经理
销售经理
锂电池
石墨烯
新能源
电芯
负极材料
五险一金
交通补贴
餐饮补贴
通讯补贴
年终奖金
住房补贴
节假日福利",深圳市本征方程石墨烯技术股份有限公司,民营  |  50-150人,新能源,深圳,,,,8000-15000,8000,15000
生产管理部-经理（建湖）,1.2-2万·13薪,盐城·建湖县,5-7年,大专,"材料
EVA
太阳能组件
新能源
光伏
机械
化工
带薪年假
五险一金
包吃
包住宿
节日福利
绩效奖金
免费班车
专业培训
年终奖金
周末双休",江苏鹿山新材料有限公司,已上市  |  500-1000人,新能源,盐城,13,,,12000-20000,12000,20000
优才青英计划（管理方向为主）,1-1.2万,郑州·管城回族区,1年,大专,"弹性工作
绩效奖金
专业培训
年终奖金",中国人寿保险股份有限公司郑州市分公司,国企  ,保险,郑州,,,,10000-12000,10000,12000
设备管理员,6-8千,南京·江北新区,无需经验,大专,"设备
五险一金
免费班车
交通补贴
餐饮补贴
通讯补贴
专业培训
绩效奖金
年终奖金
定期体检",南京钛白化工有限责任公司,民营  |  500-1000人,石油/化工/矿产/地质,南京,,,,6000-8000,6000,8000
质量管理/测试主管(QA/QC主管),6千-1万,常熟,3-4年,大专,"机械设计
质量管理
汽车
船舶
客诉
工作统筹
部门协调
五险一金
专业培训
绩效奖金
晋升机会多",苏州奥欣复合材料有限公司,民营  |  150-500人,服装/纺织/皮革,常熟,,,,6000-10000,6000,10000
麦当劳管理培训生-钦州,3-5千,钦州,无需经验,中技/中专,"带薪年假
专业培训
弹性工作
做五休二
包吃
绩效奖金
年终双薪
节日福利
学历补贴
管培
餐厅管理
管理
顾客服务
区域管理",广西禾唛餐饮有限公司,民营  |  1000-5000人,餐饮业,钦州,,,,3000-5000,3000,5000
质量管理/测试主管(QA/QC主管),6千-1万,常熟,3-4年,大专,"机械设计
质量管理
汽车
船舶
客诉
工作统筹
部门协调
五险一金
专业培训
绩效奖金
晋升机会多",苏州奥欣复合材料有限公司,民营  |  150-500人,服装/纺织/皮革,常熟,,,,6000-10000,6000,10000
经营管理委员会运营,1-1.5万,杭州·萧山区,3-4年,本科,"五险一金
餐饮补贴
交通补贴
绩效奖金
年终奖金",浙江碳银数智绿能科技有限公司,民营  |  150-500人,建筑/建材/工程,杭州,,,,10000-15000,10000,15000
麦当劳管理培训生-横州,3-5千,南宁·横县,无需经验,中技/中专,"带薪年假
专业培训
弹性工作
做五休二
包吃
绩效奖金
年终双薪
节日福利
学历补贴
管理
餐厅营运
管培
顾客服务
餐厅管理
铺面管理
区域管理",广西禾唛餐饮有限公司,民营  |  1000-5000人,餐饮业,南宁,,,,3000-5000,3000,5000
销售管理/运营管理,6-8千,郑州·郑东新区,2年,大专,"带薪年假
五险一金
节日福利
专业培训
周末双休
定期体检
绩效奖金",湖南武陵酒销售有限公司,民营  |  500-1000人,快速消费品(食品、饮料、化妆品),郑州,,,,6000-8000,6000,8000
数据及档案管理分析员,6千-1.1万,郑州·二七区,无需经验,大专,"绩效奖金
全勤奖
节日福利
专业培训
包住宿
弹性工作
五险一金
上六休一
员工旅游
年终奖金",河南乐体教育科技有限公司,民营  |  少于50人,制药/生物工程,郑州,,,,6000-11000,6000,11000
物业管理主管,6-7千,深圳·南山区,1年,本科,"五险一金
定期体检
做五休二
物业管理
消防
安全管理
写字楼管理",深圳市南山区图书馆,民营  ,电子技术/半导体/集成电路,深圳,,,,6000-7000,6000,7000
麦当劳管理培训生-南宁,3-5千,广西,无需经验,大专,"带薪年假
专业培训
弹性工作
做五休二
包吃
绩效奖金
年终双薪
节日福利
学历补贴
管理
餐厅营运
顾客服务
管培
铺面管理
餐厅管理
区域管理
实习",广西禾唛餐饮有限公司,民营  |  1000-5000人,餐饮业,广西,,,,3000-5000,3000,5000
企业管理员,8千-1.2万,保定,2年,本科,"管理
活动策划
行政管理
管理理念
企管
月休6天
带薪年假
五险一金
包住宿
免费班车
餐饮补贴
住房补贴
全勤奖
绩效奖金
年终奖",河北旭阳能源有限公司,民营  |  1000-5000人,新能源,保定,,,,8000-12000,8000,12000
项目管理,8千-1.2万,北京·朝阳区,3-4年,本科,"五险一金
餐饮补贴
绩效奖金
节日补助",中国保健协会,非营利组织  |  少于50人,非营利组织,北京,,,,8000-12000,8000,12000
管理课程顾问,3-6千,南昌·东湖区,无需经验,大专,"培训
客户接待
企业培训
客户关系
推广
管理课程
销售
招生
大客户
咨询
五险一金
专业培训
定期体检
餐饮补贴
绩效奖金
年终奖金
员工旅游",江西新商界商务咨询有限公司,民营  |  50-150人,专业服务(咨询、人力资源、财会),南昌,,,,3000-6000,3000,6000
教育培训部-讲师管理岗,10-15万/年,武汉,1年,本科,"五险一金
补充医疗保险
餐饮补贴
专业培训
年终奖金
定期体检
节日福利
企业年金",太平人寿保险有限公司湖北分公司,国企  |  500-1000人,保险,武汉,,100000,150000,nan,,
企业管理员,8千-1.2万,保定,2年,本科,"管理
活动策划
行政管理
管理理念
企管
月休6天
带薪年假
五险一金
包住宿
免费班车
餐饮补贴
住房补贴
全勤奖
绩效奖金
年终奖",河北旭阳能源有限公司,民营  |  1000-5000人,新能源,保定,,,,8000-12000,8000,12000
集团销售管理经理,2-4万,深圳·罗湖区,10年以上,本科,"带薪年假
包住宿
专业培训
节日福利
绩效奖金",深圳市大兴汽车集团,民营  |  1000-5000人,汽车,深圳,,,,20000-40000,20000,40000
储备管理岗,8.3千-1.2万,昆山,无需经验,本科,"干部储备
轮岗培养
五险一金
交通补贴
年终奖金
绩效奖金
定期体检
股票期权",昆山鹿城村镇银行股份有限公司,已上市  |  150-500人,银行,昆山,,,,8300-12000,8300,12000
生产合同管理员,4-6千,成都,5-7年,本科,"合同管理
订单计划
六险一金
租房补贴
餐补
年终奖金
带薪年假
专业培训
定期体检
生日礼金",四川永星电子有限公司,民营  |  500-1000人,电子技术/半导体/集成电路,成都,,,,4000-6000,4000,6000
企业管理员,8千-1.2万,保定,2年,本科,"管理
活动策划
行政管理
管理理念
企管
月休6天
带薪年假
五险一金
包住宿
免费班车
餐饮补贴
住房补贴
全勤奖
绩效奖金
年终奖",河北旭阳能源有限公司,民营  |  1000-5000人,新能源,保定,,,,8000-12000,8000,12000
国际市场管理部长,1-1.5万,徐州,3-4年,本科,"五险
餐饮补贴
专业培训",淮海控股集团,民营  |  5000-10000人,贸易/进出口,徐州,,,,10000-15000,10000,15000
经营管理专员（韩语）,8千-1.3万,上海·闵行区,2年,本科,"做五休二
弹性工作
带薪年假
五险一金
节日福利
专业培训
餐饮补贴
通讯补贴",CJ CGV国际影城中国总部,外资（非欧美）  |  1000-5000人,影视/媒体/艺术/文化传播,上海,,,,8000-13000,8000,13000
仓库管理岗,10-17万/年,深圳·罗湖区,2年,本科,"五险一金
定期体检
带薪年假
高温补贴
节日福利
账实相符
器材管理
盘点",深圳市天威视讯股份有限公司,国企  |  1000-5000人,通信/电信运营、增值服务,深圳,,100000,170000,nan,,
质量管理专员,4-8千,广州·天河区,无需经验,大专,"质量管理
质检
体系
质量
质管员
文员
管理
品控
认证
五险一金
餐饮补贴
年终奖金
专业培训
节日福利
周末双休",广州瑞源科学仪器有限公司,民营  |  少于50人,医疗设备/器械,广州,,,,4000-8000,4000,8000
项目管理工程师,6千-1.2万,上海,5-7年,大专,"绩效奖金
五险一金
餐饮补贴
交通补贴
带薪年假
员工旅游
定期体检
高温补贴
通讯补贴",上海三凯工程咨询有限公司,民营  |  1000-5000人,建筑/建材/工程,上海,,,,6000-12000,6000,12000
基金管理部部长,1.4-1.8万,成都·新津县,5-7年,本科,"五险一金
定期体检
朝九晚五
免费工作餐
带薪年假
节日福利
周末双休",成都新津城市产业发展集团有限公司,国企  |  500-1000人,建筑/建材/工程,成都,,,,14000-18000,14000,18000
管理部主管,7.5-9千,广州·黄埔区,5-7年,大专,"管理
管理部主管
行政主管
五险一金
节日福利
提供食宿
定期体检",广州旺旺食品有限公司,外资（非欧美）  |  1000-5000人,快速消费品(食品、饮料、化妆品),广州,,,,7500-9000,7500,9000
物流管理部——保管员,3-4.5千,佛山·禅城区,1年,高中,"周末双休
带薪年假
五险一金
节日福利
绩效奖金
餐饮补贴
住房补贴
加班补贴
仓库
物流",华润佛山医药有限公司,国企  |  50-150人,医疗/护理/卫生,佛山,,,,3000-4500,3000,4500
门店管理_沙家浜,4.2-6千,常熟,无需经验,大专,"专业培训
晋升空间
绩效奖金
年度调薪
五险一金
做五休二
带薪年假
节日福利
商业医疗保险
年度健康体检",苏州肯德基有限公司,合资  |  10000人以上,餐饮业,常熟,,,,4200-6000,4200,6000
项目管理,5千-1万,成都·高新区,无需经验,本科,"五险一金
员工旅游
定期体检
年终奖金
绩效奖金
专业培训
加班补贴",成都华兴大地科技有限公司,民营  |  50-150人,电子技术/半导体/集成电路,成都,,,,5000-10000,5000,10000
项目销售渠道管理经理,1-1.5万·13薪,深圳·罗湖区,3-4年,本科,"周末双休
带薪年假
五险一金
节日福利
通讯补贴
定期体检",中燃宝电气（深圳）有限公司,合资  |  150-500人,电气/电力/水利,深圳,13,,,10000-15000,10000,15000
仓库稽核管理岗,1-1.7万·15薪,合肥·包河区,3-4年,本科,"餐饮补贴
五险一金
年终奖金
专业培训
稽核
仓库管理",安徽巨一科技股份有限公司,已上市  |  1000-5000人,新能源,合肥,15,,,10000-17000,10000,17000
业务管理师,1-1.5万·13薪,苏州,3-4年,本科,"ppt
客户维护
来访接待
英语表达
合同条款
五险一金
员工旅游
年终奖金
绩效奖金
定期体检
补充医疗保险
节日福利
带薪年假",泰永电子（苏州）有限公司,外资（非欧美）  |  150-500人,电子技术/半导体/集成电路,苏州,13,,,10000-15000,10000,15000
品质管理（武汉）,6-8千,武汉·东西湖区,2年,本科,"质量、品质
五险一金
交通补贴
专业培训
年终奖金
定期体检
工作餐
带薪年假",松下冷链（大连）有限公司,合资  |  1000-5000人,机械/设备/重工,武汉,,,,6000-8000,6000,8000
财务专员-资产管理,5-7千,昆明·呈贡区,1年,大专,"资产管理
会计
出纳
财务
包吃
包住宿
全勤奖
节日福利
年终奖金
定期体检
专业培训
绩效奖金
员工旅游",云南肆只猫实业有限公司,民营  |  150-500人,快速消费品(食品、饮料、化妆品),昆明,,,,5000-7000,5000,7000
品牌管理部主管,7-9千,成都·高新区,2年,本科,"市场
品牌管理
项目管理
品牌营销
五险一金
定期体检
年终奖金
绩效奖金
员工旅游",四川长江生态文化旅游发展有限公司,国企  |  1000-5000人,房地产,成都,,,,7000-9000,7000,9000
模具管理员,6-8千,南京·江宁区,1年,大专,"五险一金
员工旅游
年终奖金
绩效奖金
专业培训
免费班车
餐饮补贴
通讯补贴
节日礼金",南京贝迪新材料科技股份有限公司,民营  |  150-500人,电子技术/半导体/集成电路,南京,,,,6000-8000,6000,8000
质量管理/测试主管(QA/QC主管),5千-1万,宁波·高新区,2年,大专,"质检
测试
数据分析
环保
过滤
新材料
五险一金
员工旅游
专业培训
通讯补贴
餐饮补贴
绩效奖金
交通补贴
年终奖金",格锐德过滤科技（浙江）有限公司,民营  |  少于50人,环保,宁波,,,,5000-10000,5000,10000
行政管理人员,4-8千,成都·彭州市,5-7年,中技/中专,行政主管,成都市彭州铭众化工有限公司,民营  |  50-150人,石油/化工/矿产/地质,成都,,,,4000-8000,4000,8000
健康管理师（五险+包住）,1-1.5万,广州·花都区,1年,大专,"员工旅游
专业培训
年终奖金
弹性工作
医保社保
全勤奖
营养师
医疗
出差",广东润和生物科技有限公司,民营  |  50-150人,计算机软件,广州,,,,10000-15000,10000,15000
管理培训生（特聘）,6千-1.2万,广州·黄埔区,无需经验,本科,"培训
管理
客户沟通
补充医疗保险
员工旅游
年终奖金
绩效奖金
专业培训
弹性工作
定期体检",中国人寿保险股份有限公司广州市分公司,国企  |  10000人以上,保险,广州,,,,6000-12000,6000,12000
物业管理员,5.5-6千,深圳·龙华区,2年,大专,"五险一金
节日福利
绩效奖金
带薪年假
周末双休
年终双薪
年终奖金
包住宿
物业
客服",深圳市金雄达投资有限公司,民营  |  50-150人,房地产,深圳,,,,5500-6000,5500,6000
管理规划主任师,1.5-2.5万,苏州,5-7年,硕士,"五险一金
补充医疗保险
免费班车
餐饮补贴
绩效奖金
专业培训
定期体检",永卓控股有限公司,外资（非欧美）  ,计算机软件,苏州,,,,15000-25000,15000,25000
生产管理,5-6千,上海·松江区,1年,大专,"制药
中药
五险一金
餐饮补贴
绩效奖金
定期体检",上海松华药业有限公司,民营  |  少于50人,制药/生物工程,上海,,,,5000-6000,5000,6000
销售-管理体系,1-1.5万·13薪,上海·静安区,3-4年,本科,"周末双休
带薪年假
五险一金
交通补贴
补充医疗保险
带薪病假",华赛天成管理技术（北京）有限公司,外资（非欧美）  |  50-150人,检测，认证,上海,13,,,10000-15000,10000,15000
行业管理师,7-9千,上海·普陀区,3-4年,本科,"行业发展报告
行业管理
电机行业
五险一金
补充公积金
员工旅游
绩效奖金
年终奖金
定期体检
交通补贴
餐饮补贴
通讯补贴",上海电机系统节能工程技术研究中心有限公司,民营  |  150-500人,多元化业务集团公司,上海,,,,7000-9000,7000,9000
设备工程管理岗,9-14万/年,上海,无需经验,本科,"运营管理
展览
工商管理
建筑
工程管理
设备运行管理
电气
土木
绿化养护
植物生产
五险一金
补充公积金
通讯补贴
绩效奖金
年终奖金
定期体检
交通补贴",国家会展中心（上海）有限责任公司,国企  |  150-500人,公关/市场推广/会展,上海,,90000,140000,nan,,
物业管理员,5-7千,广州·海珠区,5-7年,中技/中专,"交通补贴
五险一金
加班补贴
全勤奖
绩效奖金
通讯补贴
车费补贴
节日福利
弹性工作
房屋
物业
装修
接待
消防
绿化",广州亚洲行领带服饰有限公司,合资  |  50-150人,服装/纺织/皮革,广州,,,,5000-7000,5000,7000
营养师/健康管理师/健康顾问,8千-1.2万,上海·静安区,无需经验,大专,"健康管理师
带薪年假
绩效奖金
节日福利
五险一金
专业培训
家属福利
做五休二
出国机会
全勤奖",中科健康产业集团股份有限公司,民营  |  500-1000人,制药/生物工程,上海,,,,8000-12000,8000,12000
项目管理,6千-1万,珠海,2年,大专,"带薪年假
绩效奖金
五险一金
员工旅游
专业培训
双休
员工下午茶
年底双薪",珠海初态新能源有限公司,民营  |  少于50人,新能源,珠海,,,,6000-10000,6000,10000
体育运营管理经理,5-8千,深圳·南山区,1年,本科,"市场拓展计划
业务督导
体育培训
体育场馆运营",深圳市侨城汇网络科技有限公司,国企  |  少于50人,互联网/电子商务,深圳,,,,5000-8000,5000,8000
综合管理员,6-9万/年,杭州·萧山区,1年,本科,"后勤
综合专员
网络调试
采购维修配件
驾驶证
节日福利
高温补贴
年终奖金
定期体检
专业培训
五险二金
餐饮补贴
免费班车",浙江省建设工程机械集团有限公司,国企  |  1000-5000人,机械/设备/重工,杭州,,60000,90000,60000-90000,60000,90000
教务管理部部长,7千-1万,佛山·三水区,2年,大专,"教育行业
考核管理
退费控制
校区招生
人才梯队建设
专业培训
绩效奖金
年终奖金
五险一金",佛山市三水区青少年宫科技有限公司,非营利组织  |  50-150人,教育/培训/院校,佛山,,,,7000-10000,7000,10000
仓库管理员,4-6千,长沙·天心区,2年,大专,"五险
专业培训
节日福利
绩效奖金
餐饮补贴
仓库管理员",江西沃刻饮水设备有限公司,民营  |  500-1000人,环保,长沙,,,,4000-6000,4000,6000
经营管理（财务方向）,7千-1.4万,沈阳·浑南区,5-7年,本科,"经营指标
经营管理制度
免费班车
年终奖金
绩效奖金
五险",中煤科工集团沈阳研究院有限公司,国企  |  1000-5000人,机械/设备/重工,沈阳,,,,7000-14000,7000,14000
运营管理岗,1.5-2.5万,成都·高新区,3-4年,本科,"医院管理
医疗行业投资
医院供应链
周末双休
带薪年假
五险一金
包吃
节日福利
补充医疗保险
年终奖金
定期体检
交通补贴
通讯补贴",成都医投质子重离子医院管理有限公司,国企  |  少于50人,医疗/护理/卫生,成都,,,,15000-25000,15000,25000
物业管理经理,1-1.5万·15薪,苏州,5-7年,大专,"带薪年假
五险一金
绩效奖金
节日福利
高温补贴
餐饮补贴
住房补贴
专业培训
加班补贴
通讯补贴",华发物业服务有限公司上海分公司,国企  |  10000人以上,物业管理/商业中心,苏州,15,,,10000-15000,10000,15000
研发项目管理经理,1.5-2.5万·14薪,珠海·珠海高新区,5-7年,本科,"医疗器械研发
项目管理
五险一金
补充公积金
股票期权
年终奖金
绩效奖金
定期体检
免费班车
交通补贴",健帆生物科技集团股份有限公司,已上市  |  1000-5000人,医疗设备/器械,珠海,14,,,15000-25000,15000,25000
研发项目申报及综合管理主管,8千-1万,上海·松江区,5-7年,本科,"五险一金
员工旅游
餐饮补贴
绩效奖金
定期体检",上海诺德生物实业有限公司,民营  |  50-150人,制药/生物工程,上海,,,,8000-10000,8000,10000
生产管理,16-30万/年,常州·新北区,5-7年,本科,"五险一金
通讯补贴
定期体检
年终奖金",常州雅美特窗饰股份有限公司,已上市  |  150-500人,服装/纺织/皮革,常州,,160000,300000,nan,,
技术管理部经理,8千-1.2万,惠州·惠阳区,8-9年,大专,"包吃包住
年终奖金
绩效奖金
五险一金
定期体检",惠州市惠阳区力行环保有限公司,民营  |  150-500人,环保,惠州,,,,8000-12000,8000,12000
实验室管理员,8千-1万·13薪,广州·黄埔区,1年,本科,"五险一金
专业培训
绩效奖金
年终奖金
定期体检
交通补贴
餐饮补贴",广州市黄埔区新侨学校,民营  |  50-150人,教育/培训/院校,广州,13,,,8000-10000,8000,10000
质量管理专员,6千-1万·13薪,广州·天河区,5-7年,本科,"质量管理
员工旅游
年终奖金
社会保险
月度聚餐
节日礼金
加班餐补
准时发薪",广州创艾新生物科技有限公司,民营  |  少于50人,医疗设备/器械,广州,13,,,6000-10000,6000,10000
技术管理部经理,8千-1.2万,惠州·惠阳区,8-9年,大专,"包吃包住
年终奖金
绩效奖金
五险一金
定期体检",惠州市惠阳区力行环保有限公司,民营  |  150-500人,环保,惠州,,,,8000-12000,8000,12000
试剂生产管理,8千-1.5万,武汉·江汉区,5-7年,大专,"试剂生产
生产管理
GMP
EHS
五险一金
交通补贴
餐饮补贴
通讯补贴
绩效奖金
年终奖金",武汉德晟行生物技术有限公司,民营  |  50-150人,医疗设备/器械,武汉,,,,8000-15000,8000,15000
华中大区场景获客管理经理（管理岗）,1.5-2.4万,长沙,5-7年,本科,"周末双休
带薪年假
五险一金
节日福利
补充医疗保险
年终奖金
定期体检
生日福利
专业培训
绩效奖金",广发银行股份有限公司信用卡中心,国企  |  10000人以上,银行,长沙,,,,15000-24000,15000,24000
仓库管理员,6-8千,合肥·瑶海区,2年,高中,"绩效奖金
年终奖金
交通补贴
餐饮补贴
通讯补贴
现场管理
仓库管理员",安徽注力供应链有限责任公司,民营  |  50-150人,快速消费品(食品、饮料、化妆品),合肥,,,,6000-8000,6000,8000
技术管理部经理,8千-1.2万,惠州·惠阳区,8-9年,大专,"包吃包住
年终奖金
绩效奖金
五险一金
定期体检",惠州市惠阳区力行环保有限公司,民营  |  150-500人,环保,惠州,,,,8000-12000,8000,12000
场馆运行管理主管岗,15-20万/年,合肥·新站区,5-7年,本科,"五险一金
通讯补贴
定期体检
年终奖金
交通补贴",招商蛇口-江南区域,国企  |  10000人以上,物业管理/商业中心,合肥,,150000,200000,nan,,
设备管理员,5-6千,南京·浦口区,2年,大专,"五险一金
免费班车
通讯补贴
高温补贴
工作餐
年终奖金",南京天奥医疗仪器制造有限公司,民营  |  150-500人,医疗设备/器械,南京,,,,5000-6000,5000,6000
行政管理,4.5-6千·13薪,重庆·长寿区,3-4年,大专,"行政管理
采购管理
文秘
考勤管理
办公软件
五险一金
免费班车
年终奖金
工作餐
节日福利
绩效奖金
定期体检",重庆博俊工业科技有限公司,已上市  |  150-500人,汽车,重庆,13,,,4500-6000,4500,6000
产业园产业招商管理岗(J11832),13-26万/年,长沙·雨花区,3-4年,本科,"五险一金
补充医疗保险
通讯补贴
餐饮补贴
交通补贴
专业培训
年终奖金
定期体检",五矿二十三冶建设集团东润投资有限公司,国企  |  50-150人,建筑/建材/工程,长沙,,130000,260000,nan,,
质量管理,7千-1万,上海·松江区,2年,大专,"QC主管
QE主管
质量管理
五险一金
补充公积金
年终奖金
餐饮补贴",维聂特实业（上海）有限公司,合资  |  少于50人,批发/零售,上海,,,,7000-10000,7000,10000
财富管理部总经理,1-2万,南通·崇川区,3-4年,大专,"团队管理
理财
团队筹建
基金
信托
五险一金
补充医疗保险
通讯补贴
专业培训
弹性工作
股票期权
员工旅游
交通补贴
定期体检",大唐财富投资管理有限公司,民营  ,金融/投资/证券,南通,,,,10000-20000,10000,20000
宿舍管理员（江西工作）,4-5千,鹰潭,1年,中技/中专,"高温补贴
周末双休
餐饮补贴
五险
年底奖金",浙江新月控股集团有限公司,民营  |  1000-5000人,贸易/进出口,鹰潭,,,,4000-5000,4000,5000
人员管理岗,4-6千,湘潭,2年,本科,"五险一金
补充医疗保险
餐饮补贴
绩效奖金
定期体检
带薪年假
周末双休",民生人寿保险股份有限公司湖南分公司,民营  |  150-500人,保险,湘潭,,,,4000-6000,4000,6000
物业环境管理员,5-6万/年,武汉·东西湖区,3-4年,高中,"包住宿
节日福利
带薪年假
五险一金
环境品质管理",武汉欣万物业服务有限公司,民营  |  150-500人,物业管理/商业中心,武汉,,50000,60000,50000-60000,50000,60000
空调现场施工管理员,0.8-1万,广州·天河区,2年,中技/中专,"现场管理
施工管理
施工
项目
工程",广东羊城水电设备工程有限公司,民营  |  50-150人,建筑/建材/工程,广州,,,,08000-10000,08000,10000
分公司房地产评估管理人员,8-15万/年,深圳·福田区,2年,大专,"周末双休
包住宿
五险一金
估价师
房地产评估
评估",深圳市鹏信资产评估土地房地产估价有限公司,民营  |  150-500人,中介服务,深圳,,80000,150000,nan,,
绩效及人力资源配置管理,15-25万/年,上海·闵行区,2年,本科,"五险一金
专业培训
年终奖金
定期体检
企业年金
商业保险",上海临港浦江国际科技城发展有限公司,国企  |  50-150人,房地产,上海,,150000,250000,nan,,
行政管理師,6-8千,北京·东城区,5-7年,本科,"五险一金
周末双休",台泥（杭州）环保科技有限公司,外资（非欧美）  |  少于50人,环保,北京,,,,6000-8000,6000,8000
综合管理岗（上海）,8千-1万,上海·黄浦区,5-7年,本科,五险一金,上海创娱生态文化发展合伙企业（有限合伙）,民营  ,贸易/进出口,上海,,,,8000-10000,8000,10000
管理中心主任,1.5-2万,金华·永康市,5-7年,大专,"行政
人力资源
员工活动
项目申报
绩效管理
培训计划
协调管理
招聘
五险一金
员工旅游
专业培训
绩效奖金",浙江德硕科技股份有限公司,民营  |  1000-5000人,机械/设备/重工,金华,,,,15000-20000,15000,20000
健康管理研究发展岗,1-2万,上海,2年,本科,"做五休二
弹性工作
带薪年假
五险一金
绩效奖金",瑞华健康保险股份有限公司,民营  |  150-500人,保险,上海,,,,10000-20000,10000,20000
管理员,2.5-3.5千,昆山,3-4年,中技/中专,"年终奖金
社保
物业、收费",昆山博阳物业管理有限公司,民营  |  150-500人,物业管理/商业中心,昆山,,,,2500-3500,2500,3500
市场主任（项目管理）,9千-1.2万·13薪,东莞,3-4年,大专,"项目管理
英语
外贸主管
市场经理
业务主管
外贸跟单
五险一金
员工旅游
带薪年假
年终奖金
专业培训
节日福利
生日礼物
双休
免费班车
环境优美",东莞凤岗嘉辉塑胶五金有限公司,已上市  |  1000-5000人,办公用品及设备,东莞,13,,,9000-12000,9000,12000
专利高级代理人（团队管理人）,1-2万,武汉·武昌区,1年,本科,"团队管理人
汉口武昌可选
薪资面商
带薪年假
知识产权
专利代理人
专利工程师
员工旅游
餐饮补贴
专业培训
年终奖金
定期体检",武汉中北知识产权代理有限公司,民营  |  少于50人,法律,武汉,,,,10000-20000,10000,20000
仓库管理员,4.6-6.8千,东莞·麻涌镇,3-4年,中技/中专,"五险一金
补充医疗保险
免费班车
员工旅游
年终奖金
定期体检
免费食堂
住宿补贴
加班工资
财务
仓储
发运
数据处理",邦基（东莞）粮油有限公司,外资（欧美）  |  50-150人,原材料和加工,东莞,,,,4600-6800,4600,6800
综合管理,1.2-2万,深圳·福田区,5-7年,本科,"周末双休
五险一金
带薪年假
定期体检",南方国际租赁有限公司,外资（非欧美）  |  少于50人,金融/投资/证券,深圳,,,,12000-20000,12000,20000
营销管理,1.5-2万·13薪,中山,5-7年,本科,"五险一金
员工旅游
年终奖金
定期体检
免费住宿
工作餐
免费班车
带薪年假
包住宿
项目奖金",广东三和化工科技有限公司,已上市  |  1000-5000人,石油/化工/矿产/地质,中山,13,,,15000-20000,15000,20000
知识管理部市场拓展主管,8千-1万,厦门·思明区,3-4年,本科,"市场拓展
项目管理
能源
体系
销售
五险一金
员工旅游
餐饮补贴
免费班车
年终奖金
定期体检
带薪年假
节日福利
高温补贴
专业培训",SGS通标标准技术服务有限公司厦门分公司,合资  |  150-500人,检测，认证,厦门,,,,8000-10000,8000,10000
品质客服管理岗,6千-1万·17薪,徐州,3-4年,大专,"餐饮补贴
绩效奖金
带薪年假
全勤奖
节日福利
高温补贴
通讯补贴
年终奖金
五险一金",润嘉物业管理（北京）有限公司徐州分公司,国企  |  150-500人,物业管理/商业中心,徐州,17,,,6000-10000,6000,10000
风险管理主管,1.5-1.7万,大连·高新园区,8-9年,本科,"五险一金
补充医疗保险
免费班车
专业培训
出国机会
年终奖金
弹性工作
定期体检",信华信（大连）软件服务股份有限公司,合资  |  10000人以上,计算机软件,大连,,,,15000-17000,15000,17000
营销管理,1.5-2万·13薪,中山,5-7年,本科,"五险一金
员工旅游
年终奖金
定期体检
免费住宿
工作餐
免费班车
带薪年假
包住宿
项目奖金",广东三和化工科技有限公司,已上市  |  1000-5000人,石油/化工/矿产/地质,中山,13,,,15000-20000,15000,20000
投资管理,1-1.4万,成都,3-4年,本科,"投资
金融
周末双休
节日福利
带薪年假
提供早午餐
定期体检
五险两金",成都空港科创投资集团有限公司,国企  |  150-500人,金融/投资/证券,成都,,,,10000-14000,10000,14000
仓库管理员,6-8千,上海·嘉定区,1年,高中,"五险一金
仓库管理员
仓管
仓库
仓库管理",上海雅轩办公家具有限公司,民营  |  150-500人,家具/家电/玩具/礼品,上海,,,,6000-8000,6000,8000
拓展物业管理,1-1.5万·14薪,上海·黄浦区,5-7年,本科,"物业资产管理
五险一金
交通补贴
餐饮补贴
通讯补贴
绩效奖金
年终奖金
定期体检",国药控股国大药房有限公司,国企  |  10000人以上,批发/零售,上海,14,,,10000-15000,10000,15000
战略管理主管,1.5-2万,佛山·顺德区,5-7年,本科,"战略
战略规划
策划",广州赛意信息科技股份有限公司,已上市  |  5000-10000人,计算机软件,佛山,,,,15000-20000,15000,20000
市场管理主管,8千-1.2万,台州,3-4年,大专,"通讯补贴
弹性工作
带薪年假
包住宿
五险一金
绩效奖金
交通补贴
专业培训
节日福利",台州中淳高科桩业有限公司,民营  |  1000-5000人,建筑/建材/工程,台州,,,,8000-12000,8000,12000
设备副经理（管理人员）（5人）,15-30万/年,宜春,5-7年,本科,"五险一金
绩效奖金
全勤奖
年终奖金",宜春银锂新能源有限责任公司,民营  |  1000-5000人,石油/化工/矿产/地质,宜春,,150000,300000,nan,,
机械助理工程师（管理培训生）,4.5-6千,郴州,无需经验,本科,"水泥
硅酸盐
无机非金属
管培生
技术员
机械制造
职能
设备
包住宿
五险一金
绩效奖金
高温补贴
加班补贴
餐饮补贴
带薪年假
专业培训
做五休二
节日福利",湖南金磊南方水泥有限公司,国企  |  150-500人,建筑/建材/工程,郴州,,,,4500-6000,4500,6000
营养师/健康管理师/健康顾问,6千-1万,上海·静安区,无需经验,大专,"营养师
健康管理师
销售代表
电话销售
电销
营养学
护理
带薪年假
五险一金
绩效奖金
节日福利
专业培训
加班补贴
员工旅游
年终奖金",上海禾健营养食品公司,已上市  |  500-1000人,快速消费品(食品、饮料、化妆品),上海,,,,6000-10000,6000,10000
财富规划师/卓越管理精英/营销管理/留学硕士专聘LICC5,30-60万/年,成都·成华区,1年,本科,"理财
保险
基金
证券
信托
房地产
财务
营销
补充医疗保险
补充公积金
员工旅游
专业培训
出国机会
绩效奖金
年终奖金
弹性工作
定期体检",中国人民人寿保险股份有限公司四川省分公司,国企  ,金融/投资/证券,成都,,300000,600000,nan,,
销售管理经理,1-1.5万,深圳·光明区,5-7年,大专,"五险一金
员工旅游
专业培训
绩效奖金
年终奖金
弹性工作
定期体检",深圳市德力凯医疗设备股份有限公司,民营  |  150-500人,医疗设备/器械,深圳,,,,10000-15000,10000,15000
健康管理培训师+五险一金包住双休,8千-1万,广州·番禺区,1年,高中,"培训讲师
健康管理讲师
会销
讲师助理
五险一金
交通补贴
年终奖金
绩效奖金
弹性工作
定期体检
专业培训
通讯补贴",广州普训健康咨询服务有限公司,创业公司  |  50-150人,生活服务,广州,,,,8000-10000,8000,10000
服务标准化管理,7千-1.2万·13薪,南阳,3-4年,本科,"五险一金
专业培训
绩效奖金
年终奖金",卧龙控股集团有限公司,民营  |  10000人以上,机械/设备/重工,南阳,13,,,7000-12000,7000,12000
项目管理高级工程师-A3107W,2.5-3万,阳江,5-7年,本科,绩效奖金,中广核铀业发展有限公司,国企  |  150-500人,新能源,阳江,,,,25000-30000,25000,30000
研发项目管理工程师,1-1.6万·14薪,成都·双流区,5-7年,本科,"五险一金
带薪年假
节日福利
绩效奖金
年终奖金
弹性工作
定期体检",烟台睿创微纳技术股份有限公司,已上市  |  1000-5000人,电子技术/半导体/集成电路,成都,14,,,10000-16000,10000,16000
风险管理岗,1.5-2.5万,上海·浦东新区,3-4年,本科,"风控
风险控制
风险管理
风控专员
做五休二
周末双休
带薪年假
工作餐
绩效奖金
六险二金
通讯补贴",弘创融资租赁有限公司,国企  |  50-150人,租赁服务,上海,,,,15000-25000,15000,25000
（中粮大悦城）场地及广告位管理,5-7千·13薪,沈阳·沈河区,3-4年,本科,"市场推广
广告发布
商场推广
场地管理
开发方案
品牌沟通
合同签署
市场营销
年终奖金
带薪年假
法定三薪
补充医疗保险
交通补贴
餐饮补贴
定期体检
六险二金",沈阳大悦城发展有限公司,国企  |  500-1000人,房地产,沈阳,13,,,5000-7000,5000,7000
建筑工程管理/项目经理,1.2-1.8万,长沙·岳麓区,3-4年,本科,"五险一金
补充医疗保险
通讯补贴
餐饮补贴
交通补贴
定期体检
年终奖金",湖南湘江智能科技创新中心有限公司,国企  |  150-500人,新能源,长沙,,,,12000-18000,12000,18000
物业管理员,4.8-5.5千,广州·越秀区,3-4年,大专,"带薪年假
五险一金
包住宿
绩效奖金
全勤奖
节日福利
餐饮补贴
高温补贴
物业
管理员",广州市益民实业有限公司,民营  |  150-500人,房地产,广州,,,,4800-5500,4800,5500
品牌管理部副部长,9千-1.3万,成都·高新区,2年,本科,"农产品销售
项目管理
品牌管理
市场
资源拓展
内容把控
快销品
品质把控
拓展管理
五险一金
定期体检
年终奖金
绩效奖金
员工旅游",四川长江生态文化旅游发展有限公司,国企  |  1000-5000人,房地产,成都,,,,9000-13000,9000,13000
招采(管理岗）,7千-1万,广州·天河区,5-7年,本科,"通讯补贴
绩效奖金
年终奖金
专业培训
节日福利
员工旅游
五险一金
餐饮补贴
带薪年假
供应链
供应商
采购主管
供应商管理
采购",J2厚华设计有限公司,民营  |  150-500人,家居/室内设计/装潢,广州,,,,7000-10000,7000,10000
物业管理专员/助理,4.5-5.5千,东莞·常平镇,2年,大专,"五险一金
员工旅游
餐饮补贴
年终奖金
绩效奖金
定期体检
物业
处理业主投诉
电话接听
空置房管理
来访接待",深圳市颐安物业服务有限公司,民营  |  150-500人,物业管理/商业中心,东莞,,,,4500-5500,4500,5500
生产车间管理,3.5-7千,江门·新会区,1年,大专,"五险一金
餐饮补贴
绩效奖金",广东新巨电子有限公司,民营  |  少于50人,电子技术/半导体/集成电路,江门,,,,3500-7000,3500,7000
行政管理,4.5-6千·13薪,成都·龙泉驿区,3-4年,本科,"接待
后勤
财务
五险一金
餐饮补贴
通讯补贴
专业培训
绩效奖金
年终奖金
定期体检",四川科志人防设备股份有限公司,民营  |  150-500人,机械/设备/重工,成都,13,,,4500-6000,4500,6000
供应链管理助理,2-3万,上海,5-7年,本科,"五险一金
餐饮补贴
专业培训
出国机会
绩效奖金
年终奖金
定期体检
生日趴
节日福利",上海毕得医药科技股份有限公司,民营  |  500-1000人,制药/生物工程,上海,,,,20000-30000,20000,30000
企业管理咨询项目经理,8千-1.2万,南京·建邺区,3-4年,本科,"战略规划
组织管理
集团管控
人力资源管理
内控管理
国资国企改革
做五休二
周末双休
带薪年假
五险一金
绩效奖金
节日福利
交通补贴
餐饮补贴
通讯补贴",南京睿立方投资咨询有限公司,民营  |  少于50人,专业服务(咨询、人力资源、财会),南京,,,,8000-12000,8000,12000
项目经理（护工管理经理）,1-1.5万,上海·杨浦区,5-7年,大专,"管理
护理
办公室软件
生活护理
护工管理
五险一金
员工旅游
做五休二
周末双休
带薪年假",上海卫事康卫生管理服务有限公司,民营  |  1000-5000人,医疗/护理/卫生,上海,,,,10000-15000,10000,15000
投资管理部专员,7-9万/年,宁波·余姚市,无需经验,本科,"c1驾驶证
项目资料
文本撰写
听说
投资
投资管理
投资专员
周末双休
带薪年假
五险一金
包吃
节日福利
专业培训
高温补贴",宁波甬羿光伏科技有限公司,国企  |  少于50人,新能源,宁波,,70000,90000,70000-90000,70000,90000
安全管理员,6-8千·13薪,苏州·吴江区,3-4年,大专,"周末双休
带薪年假
五险一金
绩效奖金
节日福利
包吃
高温补贴",泰伦机械（苏州）有限公司,合资  |  150-500人,仪器仪表/工业自动化,苏州,13,,,6000-8000,6000,8000
市场管理员,4.5-6千,杭州,1年,高中,"节日福利
包吃
绩效奖金
高温补贴
加班补贴",浙江正北实业有限公司,民营  |  50-150人,物业管理/商业中心,杭州,,,,4500-6000,4500,6000
综合风险管理岗,30-35万/年,上海·浦东新区,3-4年,本科,"风险管理
风险指标
五险一金
补充公积金
交通补贴
餐饮补贴
通讯补贴
专业培训
年终奖金
绩效奖金
定期体检",华宝证券股份有限公司,国企  |  10000人以上,金融/投资/证券,上海,,300000,350000,nan,,
行政岗（资产管理）,7千-1.2万·13薪,深圳·南山区,3-4年,大专,"五险一金
餐饮补贴
专业培训
绩效奖金
年终奖金
定期体检
法定节假日
下午茶",深圳市互盟科技股份有限公司,已上市  |  150-500人,通信/电信/网络设备,深圳,13,,,7000-12000,7000,12000
车险产品管理岗（保险内勤）,5-6千,广州·越秀区,1年,大专,"保险
内勤
车险
健康险
寿险
财产险
周末双休
绩效奖金
专业培训
五险
年终奖金
五险一金",年安保险销售服务有限公司,民营  |  500-1000人,保险,广州,,,,5000-6000,5000,6000
业务助理订单管理,7-9千·14薪,上海·浦东新区,无需经验,大专,"订单
出口
化学
销售
助理
周末双休
带薪年假
五险一金
绩效奖金
节日福利",上海矩阵化工有限公司,民营  |  少于50人,石油/化工/矿产/地质,上海,14,,,7000-9000,7000,9000
综合管理经理,1-1.5万,佛山,5-7年,大专,"招聘
运营
薪酬
员工关系
行政管理
培训
包吃
包住宿
绩效奖金
全勤奖
节日福利
购买社保
定期体检
员工旅游",佛山市盈特金属制品有限公司,合资  |  500-1000人,家具/家电/玩具/礼品,佛山,,,,10000-15000,10000,15000
综合管理员,5-6千·13薪,成都·高新区,1年,本科,"五险一金
年终奖金
定期体检
周末双休
专业培训",重庆医药集团感控科技有限公司,国企  |  50-150人,医疗/护理/卫生,成都,13,,,5000-6000,5000,6000
客户管理专员,5-7千,武汉·武昌区,1年,大专,"五险一金
员工旅游
年终奖金
通讯补贴
定期体检
节日福利",北京雪迪龙科技股份有限公司,民营  |  1000-5000人,环保,武汉,,,,5000-7000,5000,7000
高级项目管理,1.3-2万·13薪,昆山,5-7年,本科,五险一金,苏州星泓工业技术有限公司,民营  |  50-150人,专业服务(咨询、人力资源、财会),昆山,13,,,13000-20000,13000,20000
供应链管理总监,1.8-3.6万·13薪,深圳·宝安区,10年以上,大专,"五险一金
绩效奖金
年终奖金",深圳市联域光电股份有限公司,民营  |  1000-5000人,电子技术/半导体/集成电路,深圳,13,,,18000-36000,18000,36000
项目管理部经理,8千-1.2万·13薪,大连,5-7年,本科,"五险一金
免费班车
免费早午餐
周末双休
带薪年假
包住宿
包吃",大连融科储能装备有限公司,民营  |  150-500人,新能源,大连,13,,,8000-12000,8000,12000
储备店长/门店管理_海安,4-6千,南通·海安市,无需经验,大专,"专业培训
晋升空间
绩效奖金
年度调薪
五险一金
做五休二
带薪年假
节日福利
商业医疗保险
年度健康体检",苏州肯德基有限公司,合资  |  10000人以上,餐饮业,南通,,,,4000-6000,4000,6000
项目管理（汽车产品方向）,9-18万/年,成都·新都区,1年,本科,"项目管理
项目工程师
项目经理
汽车
项目
五险一金
交通补贴
餐饮补贴
通讯补贴
专业培训
绩效奖金
年终奖金
定期体检",成都万友滤机有限公司,国企  |  150-500人,汽车,成都,,90000,180000,nan,,
图书管理员,3-5千,南京,1年,大专,"教学
办公软件
汉语言文学
图书管理
excel
word
后勤
文员",南京市第二十七高级中学,政府机关  |  150-500人,教育/培训/院校,南京,,,,3000-5000,3000,5000
营养师/健康管理师/社群管理,1-1.5万,北京·丰台区,5-7年,本科,"五险一金
绩效奖金
年终奖金
专业培训
周末双休
员工旅游
定期体检",北京邮汇点科技有限公司,民营  |  50-150人,批发/零售,北京,,,,10000-15000,10000,15000
质量管理员/QA,4.5-5.5千,福州·晋安区,无需经验,大专,"GMP
药品生产
现场管理
QA
五险一金
免费班车
餐饮补贴
年终奖金
高温补贴
员工食堂
带薪年假
节日福利
加班补贴
专业培训",福州海王金象中药制药有限公司,民营  |  150-500人,制药/生物工程,福州,,,,4500-5500,4500,5500
技术管理,7千-1.2万·13薪,北京·密云区,3-4年,本科,"五险一金
年终奖金
绩效奖金
定期体检",同方威视技术股份有限公司,国企  |  1000-5000人,机械/设备/重工,北京,13,,,7000-12000,7000,12000
项目管理工程师,20-30万/年,无锡·无锡新区,5-7年,本科,"五险一金
年终奖金
餐饮补贴
定期体检
弹性工作
员工旅游",芯带科技（无锡）有限公司,民营  |  少于50人,电子技术/半导体/集成电路,无锡,,200000,300000,nan,,
安全生产管理员,5-7千,成都·郫都区,1年,大专,"五险一金
补充医疗保险
补充公积金
专业培训
定期体检
免费班车
餐饮补贴",成都维信电子科大新技术有限公司,合资  |  150-500人,医疗设备/器械,成都,,,,5000-7000,5000,7000
食品安全管理员,6-8千,深圳·南山区,2年,大专,"包吃
包住宿
全勤奖
绩效奖金",深圳市鑫辉餐饮服务管理有限公司,民营  |  1000-5000人,餐饮业,深圳,,,,6000-8000,6000,8000
仓库管理员,5-6.5千,常熟,2年,大专,"五险一金
交通补贴
餐饮补贴
免费班车
带薪年假
全勤奖
节日福利
办公软件
发货
盘库
开叉车",常熟希那基汽车零件有限公司,外资（非欧美）  |  150-500人,汽车,常熟,,,,5000-6500,5000,6500
安质管理（福建分公司）,8千-1万,漳州,2年,本科,"五险一金
年终奖金
餐饮补贴
定期体检",连云港金辰实业有限公司,国企  |  1000-5000人,多元化业务集团公司,漳州,,,,8000-10000,8000,10000
总公司-资产管理中心-风险控制部负责人,50-100万/年,北京·东城区,5-7年,硕士,"五险一金
补充医疗保险
交通补贴
餐饮补贴
通讯补贴
绩效奖金
定期体检",亚太财产保险有限公司,民营  |  1000-5000人,保险,北京,,500000,1000000,50000--100000,"50000', '",100000
物业管理员（宿松路）,4-5千·13薪,合肥·包河区,1年,本科,"五险一金
节日福利
专业培训
交通补贴
餐饮补贴
住房补贴
通讯补贴
高温补贴",合肥海诚科技产业服务有限公司,合资  |  500-1000人,物业管理/商业中心,合肥,13,,,4000-5000,4000,5000
财务管理部-报表主管,7-8千·13薪,上海·普陀区,3-4年,本科,"五险一金
免费班车
定期体检
绩效奖金
年终奖金
周末双休
带薪年假
节日福利
专业培训
交通补贴",联华超市股份有限公司,国企  |  10000人以上,批发/零售,上海,13,,,7000-8000,7000,8000
项目管理助理工程师,5千-1万,常州,3-4年,本科,"项目管理助理
五险一金
包吃
绩效奖金
节日福利
加班补贴",安费诺定制连接器（常州）有限公司,外资（欧美）  |  500-1000人,电子技术/半导体/集成电路,常州,,,,5000-10000,5000,10000
北工投资---高级行政（偏公文/档案管理）,1-1.5万,北京·东城区,3-4年,本科,"档案管理
品牌宣传
报告撰写
宣传稿件",北京工业发展投资管理有限公司,国企  |  少于50人,金融/投资/证券,北京,,,,10000-15000,10000,15000
仓库管理员,5-8千,深圳·福田区,1年,高中,"五险一金
餐饮补贴
绩效奖金
年终奖金
弹性工作
员工旅游
仓库盘点",深圳市君鸿实业有限公司,民营  |  少于50人,家具/家电/玩具/礼品,深圳,,,,5000-8000,5000,8000
建筑工程管理/项目经理,30-45万/年,杭州·余杭区,5-7年,大专,"项目管理
运营管理
施工进度计划
施工项目管理
五险一金
岗位晋升
节日福利
午餐补助
带薪年假",浙江英冠控股集团有限公司,民营  |  50-150人,房地产,杭州,,300000,450000,nan,,
01 项目管理主管,1-1.5万·13薪,苏州·工业园区,3-4年,本科,"项目管理
英文
客户交流
出差
五险一金
年终奖金
员工旅游
餐饮补贴
定期体检
绩效奖金",苏州瑞丰达工业科技有限公司,民营  |  少于50人,汽车,苏州,13,,,10000-15000,10000,15000
车辆管理员,4.4-5.5千,遂宁,1年,大专,"带薪年假
五险
招聘
安全管理
司机
安全
车辆管理
年审
安全培训
表格
车辆年检
安全工作",成都中锦供应链管理有限公司,民营  |  150-500人,交通/运输/物流,遂宁,,,,4400-5500,4400,5500
专职消防管理员,7-8千,杭州·西湖区,1年,大专,"消防管理
安全
五险一金
高温补贴
交通补贴
带薪年假
包住宿
餐饮补贴",东方航空杭州疗养院,事业单位  |  50-150人,酒店/旅游,杭州,,,,7000-8000,7000,8000
质量管理,4-6千,广州,2年,高中,"办公软件
家电
检测设备
供应链
提供食宿
五险一金",广州煌子西厨设备制造有限公司,民营  |  150-500人,机械/设备/重工,广州,,,,4000-6000,4000,6000
仓库管理员,3-4千,青岛·城阳区,1年,高中,"五险一金
周末双休
带薪年假
节日福利
高温补贴",上海艾茵精密仪器科技有限公司,民营  |  少于50人,制药/生物工程,青岛,,,,3000-4000,3000,4000
生产管理,20-25万/年,常州·金坛区,8-9年,大专,"生产管理
金属板材加工
交通补贴
餐饮补贴
通讯补贴
绩效奖金
住宿",江苏瀚信新材科技有限公司,外资（非欧美）  ,计算机软件,常州,,200000,250000,nan,,
销售管理,8千-1万,广州·天河区,1年,大专,"周末双休
弹性工作
专业培训
绩效奖金
补充医疗保险
员工旅游
出国机会
定期体检
销售",中国太平洋人寿保险股份有限公司广州市天河支公司,国企  |  10000人以上,保险,广州,,,,8000-10000,8000,10000
质量管理专员,6-12万/年,哈尔滨·平房区,2年,本科,"质量管理
质量问题分析
质量问题处理
质保
核电
机械
电气
周末双休
带薪年假
免费班车
定期体检
午餐补贴
高温假
法定节假日
实物福利
出差补助
五险二金",哈尔滨电气动力装备有限公司,国企  |  1000-5000人,机械/设备/重工,哈尔,,60000,120000,nan,,
项目管理专员,6千-1万,上海·浦东新区,2年,本科,"周末双休
带薪年假
五险一金
绩效奖金
餐饮补贴
住房补贴
节日福利",上海博志研新药物技术有限公司,民营  |  150-500人,制药/生物工程,上海,,,,6000-10000,6000,10000
生产管理,20-25万/年,常州·金坛区,8-9年,大专,"生产管理
金属板材加工
交通补贴
餐饮补贴
通讯补贴
绩效奖金
住宿",江苏瀚信新材科技有限公司,外资（非欧美）  ,计算机软件,常州,,200000,250000,nan,,
日程管理（新产品）,6-8千·14薪,无锡·滨湖区,1年,高中,"生管
数据分析
入库
运营
物控
仓储
生产管理
主管
项目经理
五险一金
员工旅游
定期体检
年终奖金
餐饮补贴
交通补贴",爱信（无锡）车身零部件有限公司,合资  |  50-150人,汽车,无锡,14,,,6000-8000,6000,8000
项目管理（事业单位直招，偏市场营销）,9千-1.5万,广州·黄埔区,1年,硕士,"免费班车
五险一金
餐饮补贴
市场营销
技术转移
产品研发
成果转化
商务谈判",中新国际联合研究院,事业单位  |  150-500人,学术/科研,广州,,,,9000-15000,9000,15000
客户管理专员,6.5-7.5千,深圳·南山区,1年,大专,"专业培训
包吃
五险一金
绩效奖金
带薪年假
节日福利
售后
客服
大客户维护",深圳市创企驿站科技有限公司,民营  |  150-500人,互联网/电子商务,深圳,,,,6500-7500,6500,7500
施工管理项目经理（铁道工程）,8千-1.3万,无锡·惠山区,3-4年,本科,"铁路工程
施工管理
建设
五险一金
绩效奖金
年终奖金
定期体检",无锡润惠建设工程有限公司,国企  |  50-150人,建筑/建材/工程,无锡,,,,8000-13000,8000,13000
设备管理员,4.5-6千,常州,无需经验,大专,"设备管理员
五险一金
专业培训
包住宿
全勤奖
节日福利
加班补贴",江苏江南创佳型材有限公司,民营  |  500-1000人,建筑/建材/工程,常州,,,,4500-6000,4500,6000
项目工程档案管理专员（射洪）(J10216),4-6千,成都·高新区,3-4年,本科,"工程档案管理
档案管理
归档
五险一金
补充医疗保险
年终奖金",舍得酒业股份有限公司,民营  |  5000-10000人,快速消费品(食品、饮料、化妆品),成都,,,,4000-6000,4000,6000
品质管理,5千-1万,青岛·城阳区,3-4年,大专,"质量异常
iso质量管理
品管体系
质检
品质管理
质检员
五险
周末双休
节日福利",青岛冠鼎贸易有限公司,民营  |  少于50人,贸易/进出口,青岛,,,,5000-10000,5000,10000
26613D-资产管理经理,20-30万/年,上海·浦东新区,2年,本科,"五险一金
带薪年假
节日福利",平安国际融资租赁有限公司,合资  |  1000-5000人,租赁服务,上海,,200000,300000,nan,,
网络管理员,3-4.5千,昆明·官渡区,1年,大专,"五险一金
绩效奖金
餐饮补贴
专业培训
定期体检",云南中德骨科医院有限公司,民营  |  500-1000人,医疗/护理/卫生,昆明,,,,3000-4500,3000,4500
销售管理-大客户管理,1.5-2.5万,上海·闵行区,5-7年,本科,"五险一金
绩效奖金
餐饮补贴
定期体检
交通补贴
专业培训
通讯补贴
年终奖金",江苏威尔曼科技有限公司上海分公司,民营  ,电子技术/半导体/集成电路,上海,,,,15000-25000,15000,25000
生产计划/物料管理(PMC),5千-1万,上海·松江区,1年,大专,"包吃
绩效奖金
全勤奖
住房补贴
节日福利",上海霄正电子材料有限公司,合资  |  少于50人,电子技术/半导体/集成电路,上海,,,,5000-10000,5000,10000
综合管理员,5-6.5千·13薪,广州·南沙区,1年,本科,"500强
年底双薪
绩效奖金
免费班车
五险一金",东芝家用电器制造（南海）有限公司,已上市  |  1000-5000人,家具/家电/玩具/礼品,广州,13,,,5000-6500,5000,6500
质量管理部经理,1.5-2万·13薪,珠海·珠海高新区,10年以上,本科,"质量管理
供应商管理
质量体系
质量改善
五险一金
补充医疗保险
员工旅游
交通补贴
餐饮补贴
专业培训
绩效奖金
年终奖金
定期体检",珠海汇金科技股份有限公司,已上市  |  150-500人,银行,珠海,13,,,15000-20000,15000,20000
车辆管理员,6千-1万,佛山·南海区,2年,高中,"弹性工作
年终奖金",厦门金龙联合汽车工业有限公司,国企  |  1000-5000人,汽车,佛山,,,,6000-10000,6000,10000
生产计划管理,5-6.5千,成都,3-4年,大专,"生产计划
把控生产进度
物料管理
物料采购计划
餐饮补贴
绩效奖金
专业培训",成都岸宝科技集团有限公司,民营  |  500-1000人,印刷/包装/造纸,成都,,,,5000-6500,5000,6500
（标书制作）销售支持岗/中介管理岗,6-8千·15薪,宁波·鄞州区,1年,本科,"业务推动
保险内勤
销售内勤
标书撰写
内勤
办公软件
office
五险一金
年终奖金
绩效奖金
定期体检
补充医疗保险
周末双休",太平财产保险有限公司宁波分公司,国企  |  150-500人,保险,宁波,15,,,6000-8000,6000,8000
小学行政助理（校医及餐厅管理）,8千-1.5万·13薪,深圳·福田区,2年,本科,"五险一金
补充医疗保险
员工旅游
餐饮补贴
专业培训
绩效奖金
年终奖金
定期体检
团建活动
丰富福利",深圳市福田区城市绿洲学校,事业单位  |  500-1000人,教育/培训/院校,深圳,13,,,8000-15000,8000,15000
药品研发项目管理,8千-1.4万·13薪,北京·通州区,1年,本科,"药品研发
项目管理
五险一金
年终奖金",银谷制药有限责任公司,民营  |  500-1000人,制药/生物工程,北京,13,,,8000-14000,8000,14000
不罚款，不开夕会，团队氛围好，管理颗粒度细,8-16万/年,济南·槐荫区,1年,高中,"带薪年假
包住宿
全勤奖
专业培训
五险一金
定期团建
节日福利
新房二手房
销售专员
销售代表
销售精英
储备店长
管培生
房屋评估",济南住诚房地产经纪有限公司,民营  |  少于50人,房地产,济南,,80000,160000,nan,,
生产管理,8千-1.2万·14薪,上海·闵行区,3-4年,本科,"生产管理
生产计划
仓库
五险一金
定期体检
年终奖金
专业培训
生日礼品
员工旅游",上海海姆希科半导体有限公司,合资  |  50-150人,电子技术/半导体/集成电路,上海,14,,,8000-12000,8000,12000
生产管理员,6-9千,广州·番禺区,2年,大专,"生产管理
生产计划
五险
带薪年假
包吃
节日福利
专业培训
生日福利
季度福利
绩效奖金
包住宿
高温补贴",广州万友砼结构构件有限公司,民营  |  1000-5000人,建筑/建材/工程,广州,,,,6000-9000,6000,9000
设备管理主管,1-2万,宁波,2年,本科,"周末双休
五险一金
交通补贴
节日福利
住房补贴
餐饮补贴
带薪年假
高温补贴
免费班车",爱敬(宁波)化工有限公司,外资（非欧美）  |  50-150人,石油/化工/矿产/地质,宁波,,,,10000-20000,10000,20000
车队管理,6-8千,云浮,1年,高中,"五险一金
交通补贴
绩效奖金
年终奖金
股票期权
弹性工作
专业培训
车辆
物流行业
安全教育
车辆档案管理
车务管理
运管
保养
证件办理
违章处理",上海融和骏玖新能源科技有限公司,民营  |  少于50人,新能源,云浮,,,,6000-8000,6000,8000
信贷管理经理,6-8万/年,荆门,3-4年,本科,"银行
会计
管培生
金融
风险
信贷
控制",沙洋中银富登村镇银行有限公司,合资  |  50-150人,银行,荆门,,60000,80000,60000-80000,60000,80000
招商管理总监,2-2.5万·15薪,杭州,8-9年,大专,"带薪年假
全勤奖
节日福利
五险一金
年终奖金
周末双休
招商管理
招商总监
价格制定
业态定位
市场调研
管理策划
产业园",浙江一亿中流信息科技有限公司,民营  |  150-500人,多元化业务集团公司,杭州,15,,,20000-25000,20000,25000
渠道管理经理,1.5-2万,深圳·宝安区,5-7年,本科,"渠道管理
六险一金
餐饮补贴
通讯补贴
绩效奖金
年终奖金
定期体检",深圳市刚竹医疗科技有限公司,民营  |  50-150人,医疗/护理/卫生,深圳,,,,15000-20000,15000,20000
质量管理部经理,1.5-2万,上海·浦东新区,8-9年,本科,"五险一金
交通补贴
餐饮补贴
通讯补贴
年终奖金
定期体检",科宝智慧医疗科技（上海）有限公司,民营  |  50-150人,医疗设备/器械,上海,,,,15000-20000,15000,20000
高级销售顾问（储备管理方向）,4-8千,广州·天河区,2年,高中,"做一休一
带薪年假
五险一金
绩效奖金
节日福利
专业培训
高温补贴
带薪病假
年终奖金
销售
珠宝
领班
门店管理
珠宝销售
店长
营业员",周生生（中国）商业有限公司,外资（非欧美）  |  5000-10000人,奢侈品/收藏品/工艺品/珠宝,广州,,,,4000-8000,4000,8000
系统信息管理员,5-6千,成都·武侯区,2年,大专,"erp
财务系统
供应链
运营及维护
连锁行业
信息
计算机
节日福利
五险
餐饮补贴",成都聚乐互动便利店管理有限公司,民营  |  50-150人,批发/零售,成都,,,,5000-6000,5000,6000
营销管理经理,1-1.5万,上海·黄浦区,8-9年,本科,"五险一金
交通补贴
餐饮补贴
通讯补贴
绩效奖金
年终奖金
定期体检",国药控股国大药房有限公司,国企  |  10000人以上,批发/零售,上海,,,,10000-15000,10000,15000
生产管理工程师,6千-1万·14薪,苏州,1年,本科,"人员日常管理
现场稽核
五险一金
免费班车
绩效奖金
年终奖金
带薪年假
包住宿
节日福利
员工旅游
补充医疗保险
周末双休",颀中科技（苏州）有限公司,合资  |  1000-5000人,电子技术/半导体/集成电路,苏州,14,,,6000-10000,6000,10000
仓库管理员（卢湾区中心医院）,3-4.5千,上海·黄浦区,1年,中技/中专,"做五休二
周末双休
带薪年假
交通补贴
餐饮补贴
加班补贴
高温补贴
节日福利
年终奖金
专业培训
仓管",上海泛航医疗供应链管理有限公司,民营  |  50-150人,医疗设备/器械,上海,,,,3000-4500,3000,4500
药品质量管理员,6-8千,海口,1年,大专,"质量管理
GSP
质管员
验收员
五险一金
餐饮补贴
定期体检
绩效奖金
周末双休
年终奖金",海南国药海鸿医药有限公司,民营  |  少于50人,批发/零售,海口,,,,6000-8000,6000,8000
金融信贷管理销售专员,8千-1.5万,武汉·武昌区,无需经验,大专,"通讯补贴
弹性工作
交通补贴
年终奖金
绩效奖金
股票期权
员工旅游
出国机会
专业培训
周末双休
销售
销售代表
电话销售
业务员
贷款销售
区域销售",武汉市惠诚致诚商务服务有限公司,民营  |  50-150人,金融/投资/证券,武汉,,,,8000-15000,8000,15000
安全管理员 — 原料药厂,5-6.5千,重庆·长寿区,2年,大专,"五险一金
交通补贴
通讯补贴
绩效奖金
弹性工作
定期体检",重庆朗天制药有限公司,民营  |  50-150人,制药/生物工程,重庆,,,,5000-6500,5000,6500
医疗耗材/器械仓库管理员,4.2-4.5千,佛山·顺德区,1年,中技/中专,"医用耗材
消耗管理
医疗器械管理
五险一金
专业培训
双休
做五休二",广东方胜人力资源服务有限公司,民营  |  500-1000人,专业服务(咨询、人力资源、财会),佛山,,,,4200-4500,4200,4500
业务部负责人(财富管理类）,1-1.5万,江门,3-4年,本科,"客户开发
团队管理
产品销售
渠道开发
渠道维护
资产管理
五险一金
补充医疗保险
绩效奖金
餐饮补贴
通讯补贴
周末双休",兴业证券股份有限公司广东分公司,已上市  |  5000-10000人,金融/投资/证券,江门,,,,10000-15000,10000,15000
深理工教务信息化管理主管,1-2万,深圳·南山区,2年,硕士,"餐饮补贴
五险一金
定期体检
年终奖金",中国科学院深圳先进技术研究院,事业单位  |  1000-5000人,学术/科研,深圳,,,,10000-20000,10000,20000
销售管理,8千-1.5万,南京·雨花台区,无需经验,大专,"销售
销售代表
渠道销售
销售经理
销售主管
区域销售
销售助理
五险一金
餐饮补贴
绩效奖金
年终奖金",江苏新起点实业有限公司,民营  |  150-500人,多元化业务集团公司,南京,,,,8000-15000,8000,15000
战略管理主管/专员,1.5-2.5万,深圳,2年,本科,"制造业
战略调研
战略分析
带薪年假
五险一金
全勤奖
节日福利
内部培训
晋升空间大
领导优秀
提供住宿
专业培训
年终奖金",海目星激光科技集团股份有限公司,已上市  |  5000-10000人,仪器仪表/工业自动化,深圳,,,,15000-25000,15000,25000
安全管理,20-30万/年,上海·闵行区,2年,本科,"注册安全工程
消防工程师
五险一金
专业培训
年终奖金
定期体检
企业年金
商业保险",上海临港浦江国际科技城发展有限公司,国企  |  50-150人,房地产,上海,,200000,300000,nan,,
项目管理主管/专员,8千-1.5万·13薪,南京·江北新区,3-4年,硕士,"项目管理
五险一金
周末双休
年终奖金
餐饮补贴
通讯补贴
绩效奖金
定期体检
专业培训
员工旅游
带薪年假",远大赛威信生命科学（南京）有限公司,合资  |  50-150人,制药/生物工程,南京,13,,,8000-15000,8000,15000
设备管理员（太仓）,5-8千,苏州,3-4年,大专,"药企
设备管理
设备台账
设备维护
设备验证
设备维修
GMP规范
五险一金
餐饮补贴
专业培训
绩效奖金
定期体检
员工宿舍",上海欧米尼医药科技有限公司,合资  |  150-500人,制药/生物工程,苏州,,,,5000-8000,5000,8000
安全管理员（全国）,10-15万/年,南昌·东湖区,3-4年,大专,"安全管理
五险一金
交通补贴
餐饮补贴
通讯补贴
年终奖金
绩效奖金
定期体检",江西核工业建设有限公司,国企  |  500-1000人,建筑/建材/工程,南昌,,100000,150000,nan,,
设备管理室主任,1-1.5万,重庆,5-7年,本科,"免费班车
餐饮补贴
专业培训",中联重科工程起重机械分公司,合资  |  10000人以上,机械/设备/重工,重庆,,,,10000-15000,10000,15000
QA专员（质量体系管理）-绍兴,6千-1万,绍兴·上虞区,3-4年,本科,"五险一金
餐饮补贴
定期体检
免费班车
绩效奖金
免费停车
带薪年假",康龙化成（北京）新药技术股份有限公司,合资  |  10000人以上,制药/生物工程,绍兴,,,,6000-10000,6000,10000
高级客户主管（银行贷款管理）,1.1-1.5万,武汉·汉阳区,3-4年,大专,"管理
带队
信贷
节日福利
绩效奖金
团建
生日福利",顺臻企业管理（武汉）有限公司,民营  |  少于50人,房地产,武汉,,,,11000-15000,11000,15000
内控管理,1-1.5万·15薪,上海·徐汇区,2年,本科,"五险一金
绩效奖金
年终奖金",上海科技绿洲发展有限公司,国企  |  500-1000人,专业服务(咨询、人力资源、财会),上海,15,,,10000-15000,10000,15000
仓储管理,5-6千,金华·永康市,1年,大专,"绩效奖金
专业培训",浙江飞哲科技股份有限公司,民营  |  1000-5000人,家具/家电/玩具/礼品,金华,,,,5000-6000,5000,6000
供应商管理,1-1.5万,深圳·宝安区,3-4年,大专,"供应商管理
开发新供应商
熟悉服装生产
熟悉服装工艺
商务谈判
跨境服装
服装纺织
五险一金
员工旅游
餐饮补贴
年终奖金
带薪年假
节日福利
团建活动",深圳市伟跃科技有限公司,民营  |  50-150人,互联网/电子商务,深圳,,,,10000-15000,10000,15000
生产管理员,4-8千·14薪,绍兴·上虞区,3-4年,本科,"五险一金
通讯补贴
年终奖金
绩效奖金
定期体检
弹性工作
专业培训
员工旅游",浙江智达环保工程有限公司,民营  |  少于50人,环保,绍兴,14,,,4000-8000,4000,8000
综合管理员,1-1.5万,上海,1年,硕士,"人力资源管理
行政管理
法学
党务
汉语言文学
新闻传播
工作报告
公共事业管理
群团
文化传媒
五险一金
交通补贴
餐饮补贴
专业培训
绩效奖金
定期体检
带薪休假
节日福利
通讯补贴
免费班车",上海市医疗器械检验研究院,事业单位  |  150-500人,检测，认证,上海,,,,10000-15000,10000,15000
仓库管理员（街道口妇幼）,3.5-4.5千,武汉,1年,高中,"交通补贴
通讯补贴
绩效奖金
年终奖金
高温补贴
过节福利
缴纳社保
物品管理
账目管理
数字敏感",武汉世纪圣洁洗涤有限公司,民营  |  150-500人,医疗/护理/卫生,武汉,,,,3500-4500,3500,4500
仓库管理员,5-6千,南京·栖霞区,3-4年,大专,"免费午餐
免费住宿
缴纳五险
每周日休息
仓库管理员
仓库管理
仓管员
数据处理",镇江卓星机电有限公司,民营  |  50-150人,机械/设备/重工,南京,,,,5000-6000,5000,6000
品质管理员/品管,6千-1万,上海·奉贤区,1年,本科,"质量管理
质检
品控
质量
做五休二
带薪年假
五险一金
包吃
包住宿
绩效奖金
高温补贴
全勤奖
加班补贴
年终奖金",上海正阳桑林企业发展有限公司,民营  |  50-150人,汽车,上海,,,,6000-10000,6000,10000
品质管理部经理,8千-1万,合肥·庐江县,2年,大专,"五险一金
员工旅游
定期体检",安徽华源达科技有限公司,民营  |  少于50人,汽车零配件,合肥,,,,8000-10000,8000,10000
电站运维管理主管,1-1.2万·15薪,合肥·高新区,8-9年,大专,"五险一金
免费班车
补充医疗保险
交通补贴
通讯补贴
专业培训
绩效奖金
年终奖金
弹性工作
餐饮补贴",阳光新能源开发股份有限公司,民营  |  1000-5000人,新能源,合肥,15,,,10000-12000,10000,12000
资产管理/经营分析,1-1.8万,东莞,3-4年,本科,"资产管理
经营数据分析
续约
降租
闭店
数据分析
统筹管理
资管
五险一金
餐饮补贴
年终奖金
晋升空间大
平台前景好
周末双休
定期体检
员工旅游
免费班车",东莞市悦客企业管理服务有限公司,民营  |  5000-10000人,批发/零售,东莞,,,,10000-18000,10000,18000
促销管理 南宁,9千-1.3万·13薪,南宁,3-4年,大专,"促销费用
销售促销
快速消费品
促销活动执行
市场
零售销售
促销物资
五险一金
定期体检
公司规模大
带薪年假
节日礼物",雀巢（中国）有限公司,外资（欧美）  |  10000人以上,快速消费品(食品、饮料、化妆品),南宁,13,,,9000-13000,9000,13000
工程施工管理师,1-2万,无锡,2年,大专,"带薪年假
五险一金
年终奖金
餐饮补贴
交通补贴
定期体检
出国机会
通讯补贴",雅迪科技集团有限公司,已上市  |  10000人以上,交通/运输/物流,无锡,,,,10000-20000,10000,20000
养户管理员,6千-1.2万,广西,1年,大专,"五险
餐饮补贴
专业培训
绩效奖金
带薪年假
通讯补贴",双胞胎（集团）股份有限公司,民营  |  10000人以上,农/林/牧/渔,广西,,,,6000-12000,6000,12000
环天青水澜湾项目策划管理岗,1-1.5万,眉山,3-4年,大专,"五险一金
补充医疗保险
餐饮补贴
年终奖金",眉山天府新区投资集团有限公司,国企  |  150-500人,金融/投资/证券,眉山,,,,10000-15000,10000,15000
招聘管理师,6-8千,宁波·宁海县,3-4年,本科,"五险一金
免费班车
员工旅游
股票期权
年终奖金
绩效奖金
专业培训",东方日升新能源股份有限公司宁海基地,已上市  |  10000人以上,新能源,宁波,,,,6000-8000,6000,8000
金融市场经理（资产管理总部）,6千-1.2万,上海·长宁区,1年,大专,"五险一金
补充医疗保险
员工旅游
交通补贴
餐饮补贴
绩效奖金
年终奖金
定期体检
补充公积金",信达期货有限公司,国企  |  150-500人,金融/投资/证券,上海,,,,6000-12000,6000,12000
急聘装修工程项目管理,1-1.8万,深圳·龙华区,3-4年,大专,"项目经理
工程
工程管理
项目管理
工程监理
工程经理
建筑
工程项目经理
五险一金
绩效奖金
通讯补贴
弹性工作
年终奖金
生日福利
节假日礼品",深圳市华艺同创装饰工程有限公司,民营  |  50-150人,家居/室内设计/装潢,深圳,,,,10000-18000,10000,18000
净化项目经理/项目管理/项目经理,7千-1.4万,广州·番禺区,3-4年,大专,"现场施工管理
项目经理
工程概预算
台帐
工程图纸
统计
暖通
竣工验收
技术指导
验收
餐饮补贴
弹性工作
专业培训
五险",广东三汇净化科技有限公司,民营  |  少于50人,环保,广州,,,,7000-14000,7000,14000
土建采购管理,1-1.6万,北京·东城区,5-7年,大专,五险一金,北京中冶和坤天冕工程技术有限公司,民营  |  150-500人,建筑/建材/工程,北京,,,,10000-16000,10000,16000
精品部仓库管理员,0.8-1万,深圳,1年,大专,"带薪年假
五险一金
绩效奖金
专业培训",香奈儿（中国）贸易有限公司,外资（欧美）  |  1000-5000人,奢侈品/收藏品/工艺品/珠宝,深圳,,,,08000-10000,08000,10000
信息技术管理岗,8千-1万,北京·海淀区,2年,本科,"弹性工作
带薪年假
五险一金
绩效奖金
免费班车
节日福利
专业培训
高温补贴",北京语言大学出版社,国企  |  50-150人,文字媒体/出版,北京,,,,8000-10000,8000,10000
仓库管理兼行政司机,4.5-6千,广州·增城区,3-4年,大专,"五险一金
年终奖金
周末双休
仓库管理员",广州邦展工业科技有限公司,民营  |  少于50人,贸易/进出口,广州,,,,4500-6000,4500,6000
采购管理,1-1.4万,北京·东城区,5-7年,大专,五险一金,北京中冶和坤天冕工程技术有限公司,民营  |  150-500人,建筑/建材/工程,北京,,,,10000-14000,10000,14000
材料物资管理（派驻项目）,6千-1.1万,江苏省,2年,大专,"仓库管理
ERP
物资管理
材料
餐饮补贴
五险一金
弹性工作
包住宿",柏诚系统科技股份有限公司,民营  |  500-1000人,建筑/建材/工程,江苏,,,,6000-11000,6000,11000
财务管理,1.5-2.5万,广州·天河区,5-7年,本科,"财务管理
财务报销
财务软件
财务
会计学
经济学
资金预算
经济合同
审计法规
税务
周末双休
弹性工作
专业培训
全勤奖
节日福利
绩效奖金",广州扑扑网网络科技有限公司,民营  |  150-500人,网络游戏,广州,,,,15000-25000,15000,25000
客户管理专员,6千-1.2万·16薪,常州·溧阳市,1年,本科,"销售
回款
汽车
定期体检
绩效奖金
六险一金
餐补
年终奖金
免费班车
专业培训
带薪年假",上汽时代动力电池系统有限公司,合资  |  150-500人,新能源,常州,16,,,6000-12000,6000,12000
仓库管理员,4.5-6千,上海·青浦区,1年,高中,"绩效奖金
年终奖金
五险一金
餐饮补贴
出入库
对账
仓库
管理",氢友（上海）智能科技有限公司,民营  ,机械/设备/重工,上海,,,,4500-6000,4500,6000
项目管理,6-8千,南通,1年,大专,"项目管理
项目助理
项目工程师
五险一金
员工旅游
专业培训
绩效奖金
交通补贴
餐饮补贴
通讯补贴
弹性工作",南通宽住家居装饰有限公司,民营  |  50-150人,家居/室内设计/装潢,南通,,,,6000-8000,6000,8000
投后管理,8千-1.3万,深圳,3-4年,本科,"财务
运营
审计
金融
财务报表
经济
法律
风险控制
财经
信息披露
五险一金
绩效奖金
餐饮补贴
通讯补贴",爱能森新能源（深圳）有限公司,外资（非欧美）  |  150-500人,新能源,深圳,,,,8000-13000,8000,13000
客户管理专员,6千-1.2万·16薪,常州·溧阳市,1年,本科,"销售
回款
汽车
定期体检
绩效奖金
六险一金
餐补
年终奖金
免费班车
专业培训
带薪年假",上汽时代动力电池系统有限公司,合资  |  150-500人,新能源,常州,16,,,6000-12000,6000,12000
QA物料管理员,6千-1万,昆山,1年,本科,"五险一金
免费班车
员工旅游
交通补贴
餐饮补贴
专业培训
绩效奖金
年终奖金
定期体检",苏州泽璟生物制药股份有限公司,合资  |  500-1000人,制药/生物工程,昆山,,,,6000-10000,6000,10000
市场管理员,3.2-3.8千,东莞·道滘镇,5-7年,高中,"五险一金
定期体检",深圳市中集集鲜生商业管理有限公司,民营  ,生活服务,东莞,,,,3200-3800,3200,3800
客户管理专员,6千-1.2万·16薪,常州·溧阳市,1年,本科,"销售
回款
汽车
定期体检
绩效奖金
六险一金
餐补
年终奖金
免费班车
专业培训
带薪年假",上汽时代动力电池系统有限公司,合资  |  150-500人,新能源,常州,16,,,6000-12000,6000,12000
QA物料管理员,6千-1万,昆山,1年,本科,"五险一金
免费班车
员工旅游
交通补贴
餐饮补贴
专业培训
绩效奖金
年终奖金
定期体检",苏州泽璟生物制药股份有限公司,合资  |  500-1000人,制药/生物工程,昆山,,,,6000-10000,6000,10000
运营管理主管/经理,1-1.2万,上海·静安区,3-4年,本科,"标书编制
公共关系维护
场馆运营
体育行业
五险一金
餐饮补贴
通讯补贴
年终奖金
定期体检
节日福利",龙元明城投资管理（上海）有限公司,已上市  |  50-150人,金融/投资/证券,上海,,,,10000-12000,10000,12000
医疗器械仓库管理员,6-8千·13薪,苏州·高新区,3-4年,中技/中专,"5s管理
仓库管理
五险一金
餐饮补贴",科美诊断技术（苏州）有限公司,民营  ,制药/生物工程,苏州,13,,,6000-8000,6000,8000
物业管理部秘书,7-8千,上海,3-4年,大专,"带薪年假
节日福利",上海嘉英物业管理有限公司,外资（欧美）  |  50-150人,物业管理/商业中心,上海,,,,7000-8000,7000,8000
QA物料管理员,6千-1万,昆山,1年,本科,"五险一金
免费班车
员工旅游
交通补贴
餐饮补贴
专业培训
绩效奖金
年终奖金
定期体检",苏州泽璟生物制药股份有限公司,合资  |  500-1000人,制药/生物工程,昆山,,,,6000-10000,6000,10000
仓库管理员,5-7千,上海·金山区,2年,高中,"带薪年假
五险一金
包住宿
餐饮补贴
高温补贴
补充医疗保险
交通补贴
通讯补贴
定期体检
erp
office
盘点
包装
oa
打包
库房管理
家电行业
出入库
5s管理",上海雅宴贸易有限公司,民营  |  50-150人,贸易/进出口,上海,,,,5000-7000,5000,7000
仓库管理员,3.5-5千·13薪,武汉·蔡甸区,1年,中技/中专,"交通补贴
五险
年终奖金
高温补贴
节日福利
6天8小时",武汉聚鹏精密制造有限责任公司,民营  |  50-150人,汽车零配件,武汉,13,,,3500-5000,3500,5000
科学主任（动物成像设备管理）,1-2万,深圳·南山区,2年,博士,"动物成像
药理仪器
动物医学
药理
活体成像
光学成像
五险一金
带薪年假
周末双休
高温补贴
政府生育津贴
团建活动
通讯补贴
专业培训
地铁周边
免费停车",香港理工大学深圳研究院,外资（非欧美）  |  50-150人,学术/科研,深圳,,,,10000-20000,10000,20000
QA物料管理员,6千-1万,昆山,1年,本科,"五险一金
免费班车
员工旅游
交通补贴
餐饮补贴
专业培训
绩效奖金
年终奖金
定期体检",苏州泽璟生物制药股份有限公司,合资  |  500-1000人,制药/生物工程,昆山,,,,6000-10000,6000,10000
环安专员（现场管理）双休,6千-1万·13薪,合肥·新站区,1年,本科,"化工
环保
安全
消防演练
安全培训
ehs
安全工程
审批
隐患排查
五险一金
交通补贴
餐饮补贴
绩效奖金
定期体检
专业培训
节日福利
年终奖金
免费工作餐",北京鼎材科技有限公司,民营  |  50-150人,石油/化工/矿产/地质,合肥,13,,,6000-10000,6000,10000
营运管理高级专员,5-6千·14薪,成都·武侯区,2年,大专,"五险一金
带薪年假
绩效奖金
节日福利
餐饮补贴
通讯补贴
专业培训
营运
综合体",新城控股集团股份有限公司,民营  |  150-500人,物业管理/商业中心,成都,14,,,5000-6000,5000,6000
国际客户质量管理工程师,1-1.5万·13薪,惠州·仲恺区,3-4年,本科,"五险一金
弹性工作
定期体检
员工旅游
专业培训
绩效奖金
做五休二",惠州市德赛西威汽车电子股份有限公司,已上市  |  1000-5000人,汽车,惠州,13,,,10000-15000,10000,15000
仓库管理员,4-6千,上海·松江区,2年,高中,"高温补贴
全勤奖
交保险
绩效奖金
节日福利
加班补贴
带薪年假
包住宿
五险一金
做六休一
仓库管理
立即上岗",上海开为医药科技有限公司,民营  |  50-150人,医疗设备/器械,上海,,,,4000-6000,4000,6000
订单管理主管,8千-1.5万,成都,3-4年,本科,"五险一金
交通补贴
餐饮补贴
通讯补贴
专业培训
绩效奖金
定期体检
erp
供应商管理
供应链
经济
计划",中电科航空电子有限公司,国企  |  1000-5000人,通信/电信/网络设备,成都,,,,8000-15000,8000,15000
仓库管理员,4-5千,苏州·工业园区,3-4年,高中,"周末双休
节日福利
五险一金",苏州赛恩斯仪器有限公司,民营  |  少于50人,仪器仪表/工业自动化,苏州,,,,4000-5000,4000,5000
质量管理部部长,5-7千,哈尔滨·南岗区,2年,大专,"质量管理体系
质量管理
法律法规
医疗产品注册
五险
员工旅游
专业培训
年终奖金
双休",哈尔滨奥博医疗器械有限公司,民营  |  50-150人,医疗设备/器械,哈尔,,,,5000-7000,5000,7000
教学管理,1-1.5万,南京·鼓楼区,2年,本科,"五险一金
绩效奖金
弹性工作
员工旅游
带薪年假
节日福利
专业培训",江苏云巨石科技有限公司,民营  |  500-1000人,教育/培训/院校,南京,,,,10000-15000,10000,15000
仓库管理员(016819),7千-1万,上海,1年,本科,"五险一金
交通补贴
餐饮补贴
通讯补贴
绩效奖金
定期体检",江苏先声药业有限公司,民营  |  5000-10000人,制药/生物工程,上海,,,,7000-10000,7000,10000
仓库管理员（临港）,6-8千,上海·金山区,1年,大专,"五险一金
补充公积金
员工旅游
定期体检
年底双薪
带薪年假
仓库管理员
仓库管理",美登思电气（上海）有限公司,外资（非欧美）  |  50-150人,机械/设备/重工,上海,,,,6000-8000,6000,8000
质量管理文员,3.7-4千,无锡·惠山区,2年,高中,"质量管理
资料管理
包工作餐
五险",无锡骋业金属制品有限公司,民营  ,机械/设备/重工,无锡,,,,3700-4000,3700,4000
仓库管理员,5.5-6.5千·13薪,上海·嘉定区,2年,高中,"五险一金
餐饮补贴
专业培训
出国机会
定期体检
仓库
验收
配货
仓储管理
采购
物流单据
办公软件",上海红樽坊贸易有限公司,外资（非欧美）  |  50-150人,快速消费品(食品、饮料、化妆品),上海,13,,,5500-6500,5500,6500
项目管理专员,6-8千·13薪,上海·闵行区,3-4年,大专,"写字楼物业
机电工程
物业设备维保
运维管理
物业工程
免费班车
免费工作餐
专业培训
五险一金",上海旺旺食品集团有限公司,外资（非欧美）  |  10000人以上,快速消费品(食品、饮料、化妆品),上海,13,,,6000-8000,6000,8000
财务管理岗,8千-1.5万,苏州·姑苏区,3-4年,本科,"会计
财务
审计
财务管理
成本管理
会计核算
注册会计师
财务决算
税务管理
补充医疗保险
专业培训
定期体检
通讯补贴
餐饮补贴
年终奖金
绩效奖金
带薪年假
五险一金
企业年金",中铁建苏州设计研究院有限公司,国企  |  50-150人,建筑/建材/工程,苏州,,,,8000-15000,8000,15000
资金管理主管,1.5-2万,北京·朝阳区,1年,本科,"五险一金
年终奖金",首建博睿（北京）科技发展有限公司,合资  |  500-1000人,金融/投资/证券,北京,,,,15000-20000,15000,20000
项目管理工程师/项目经理,1.2-1.8万,上海·徐汇区,5-7年,大专,工程项目管理,上海淳赫建筑咨询有限公司,民营  |  少于50人,建筑/建材/工程,上海,,,,12000-18000,12000,18000
仓库管理员,5-5.5千,杭州·余杭区,1年,高中,"五险一金
交通补贴
高温补贴
通讯补贴
住房补贴
节日福利
全勤奖
丰厚年终奖
免费工作餐
带薪高温假
仓库管理员
仓管
仓管员
仓库管理
仓库
物流
仓储",杭州新坐标科技股份有限公司,已上市  |  150-500人,机械/设备/重工,杭州,,,,5000-5500,5000,5500
综合行政管理,4-5.5千,武汉,3-4年,本科,"五险年底双薪
人事
招聘
人事专员
行政
绩效奖金
年终奖金
专业培训
立即上岗
带薪年假",武汉朗和怡家环境系统工程技术有限公司,民营  |  50-150人,建筑/建材/工程,武汉,,,,4000-5500,4000,5500
资金管理经理,2-3万,北京·朝阳区,2年,本科,"五险一金
年终奖金",首建博睿（北京）科技发展有限公司,合资  |  500-1000人,金融/投资/证券,北京,,,,20000-30000,20000,30000
仓库管理员,4-5千·13薪,杭州·西湖区,1年,高中,"五险一金
员工旅游
餐饮补贴
专业培训
绩效奖金
年终奖金
定期体检",杭州日盛净化设备有限公司,民营  |  150-500人,机械/设备/重工,杭州,13,,,4000-5000,4000,5000
质量管理工程师,1-1.5万,常州·新北区,10年以上,大专,"质量管理
工程质量
项目
五险一金
员工旅游
餐饮补贴
专业培训
绩效奖金
年终奖金
定期体检",恩宜瑞（江苏）环境发展有限公司,民营  |  50-150人,环保,常州,,,,10000-15000,10000,15000
安全管理岗（客户风险防控）,9千-1.1万·13薪,东莞·谢岗镇,5-7年,本科,"五险一金
补充医疗保险
通讯补贴
定期体检
话费补贴",深圳市东深投资控股有限公司,国企  |  50-150人,租赁服务,东莞,13,,,9000-11000,9000,11000
PM项目管理（全流程）,1-2万,昆山,3-4年,本科,"五险一金
员工旅游
股票期权
年终奖金
绩效奖金
餐饮补贴
通讯补贴",苏州希盟科技股份有限公司,民营  |  150-500人,仪器仪表/工业自动化,昆山,,,,10000-20000,10000,20000
采购管理岗/给排水工程师,1-1.2万,廊坊,3-4年,本科,"给排水
采购
污水处理
采购管理
招标采购
工艺设备
水处理
商务洽谈
五险一金
管吃
过节福利
通讯补贴
年度体检",中城乡（霸州）水务环保有限公司,国企  |  少于50人,环保,廊坊,,,,10000-12000,10000,12000
仓库管理员,4.5-6千,上海·闵行区,1年,高中,"带薪年假
节日福利
高温补贴
专业培训
加班补贴
仓库管理员
仓管
打包工
仓管员
仓库主管",上海欧标商贸有限公司,民营  |  少于50人,建筑/建材/工程,上海,,,,4500-6000,4500,6000
销售管理经理,1-1.8万,上海·浦东新区,3-4年,本科,"五险一金
员工旅游
交通补贴
周末双休
带薪年假
专业培训
年终奖金
定期体检
餐饮补贴",上海瑞柯恩激光技术有限公司,民营  |  150-500人,医疗设备/器械,上海,,,,10000-18000,10000,18000
标准化管理体系工程师,8千-1.2万,上海·宝山区,3-4年,本科,"机械行业
内部审核
标准化
质量管理体系
标准制订
五险一金
绩效奖金
餐饮补贴
带薪休假",上工申贝（集团）股份有限公司,已上市  |  1000-5000人,文字媒体/出版,上海,,,,8000-12000,8000,12000
设备管理员,4.5-6千,南京·六合区,1年,本科,"设备
五险一金
绩效奖金
免费班车
定期体检
年终奖金
专业培训
周末双休
包吃
带薪年假
长白班",南京制药厂有限公司,民营  |  500-1000人,制药/生物工程,南京,,,,4500-6000,4500,6000
会员管理岗（南京万象天地）,0.8-1万,南京·建邺区,3-4年,本科,"五险一金
补充医疗保险
员工旅游
交通补贴
餐饮补贴
通讯补贴
专业培训
绩效奖金
年终奖金
定期体检",润欣商业投资（深圳）有限公司上海分公司,国企  |  5000-10000人,房地产,南京,,,,08000-10000,08000,10000
订单管理专员-500强外企,8千-1万·13薪,上海·浦东新区,1年,本科,"餐饮补贴
点心
五险一金
年终奖金
供应链
SAP",北京外企德科人力资源服务上海有限公司,民营  ,专业服务(咨询、人力资源、财会),上海,13,,,8000-10000,8000,10000
机电管理工程师,1.5-2.5万,上海·黄浦区,10年以上,本科,"给排水
暖通
弱电
五险一金
通讯补贴
年终奖金
餐饮补贴
做五休二",上海洛克菲勒集团外滩源综合开发有限公司,合资  |  50-150人,房地产,上海,,,,15000-25000,15000,25000
葡萄园管理员,3.6-5千,武汉·江夏区,3-4年,大专,"园艺
蔬菜
植保
种植
绩效奖金
年终奖金
专业培训",湖北丛霖农业生态有限责任公司,民营  |  50-150人,农/林/牧/渔,武汉,,,,3600-5000,3600,5000
管理会计,8千-1.2万·13薪,深圳·龙华区,2年,本科,"会计
财务
财务管理
财务预算
内部审计
财务预算管理
五险一金
年终奖金
绩效奖金
交通补贴
餐饮补贴
员工旅游
补充公积金
补充医疗保险
通讯补贴
定期体检",深圳市艾顺佳光电有限公司,民营  |  少于50人,贸易/进出口,深圳,13,,,8000-12000,8000,12000
项目现场管理/项目负责人（施工岗）,4-6千,昆明,3-4年,本科,"管理
现场施工
工程管理
施工图纸
环保
定期体检
五险
做六休一
出差补助
带薪年假
项目提成
年终奖金",滇鹰生态建设集团有限公司,民营  |  50-150人,环保,昆明,,,,4000-6000,4000,6000
仓库管理员,5-6千,杭州·余杭区,3-4年,高中,"带薪年假
节日福利
专业培训
交纳五险
盘点
库存货品管理",杭州京杭生物科技有限公司,民营  |  50-150人,贸易/进出口,杭州,,,,5000-6000,5000,6000
药品质量管理部长,8千-1万,海口,3-4年,本科,"质量管理
GSP
五险一金
定期体检
绩效奖金
周末双休
年终奖金
免费班车
员工旅游
专业培训
免费早餐
免费午餐",海南国药海鸿医药有限公司,民营  |  少于50人,批发/零售,海口,,,,8000-10000,8000,10000
区域运营管理经理（湖北/安徽/广西）,1-2万,武汉·江岸区,3-4年,本科,"销售
客户沟通
广告投放
指标设定
业绩盘点
空白市场开发
台账管理
进度管理
经营分析
五险一金
年终奖金
补充医疗保险
餐饮补贴
专业培训
绩效奖金",上海坪蔓酒类销售有限公司,民营  |  1000-5000人,快速消费品(食品、饮料、化妆品),武汉,,,,10000-20000,10000,20000
设备监造/管理工程师,8-9千,武汉·东湖新技术产业开发区,2年,大专,"设备
机械
仪器
工程师
监制
五险一金
通讯补贴",中冶南方工程技术有限公司,国企  |  1000-5000人,建筑/建材/工程,武汉,,,,8000-9000,8000,9000
高中部学习管理师（朝九晚六/双休轮休）,5-9千,深圳,1年,大专,"班主任
教务
销售
弹性工作
五险一金
专业培训",广州幸福树科技有限公司,民营  |  150-500人,互联网/电子商务,深圳,,,,5000-9000,5000,9000
总行运营支援部--柜台业务管理岗,6千-1万,北京·朝阳区,无需经验,本科,"五险一金
定期体检
出国机会
节日福利
周末双休
带薪年假
补充医疗保险
年终奖金",韩亚银行（中国）有限公司,外资（非欧美）  |  500-1000人,银行,北京,,,,6000-10000,6000,10000
青浦财务管理部经理,1-1.5万,上海·青浦区,8-9年,本科,"五险一金
通讯补贴
做五休二
周末双休
包吃
带薪年假
节日福利",上海美高投资集团有限公司,民营  |  50-150人,房地产,上海,,,,10000-15000,10000,15000
仓库管理员（轮休）,4-6千,广州·番禺区,1年,中技/中专,"绩效奖金
餐饮补贴
全勤奖
房租补助
定期体检
年休假
五险
工龄奖
租房补贴
采购
出入库
分拣",大正（广东）食品科技有限公司,民营  |  50-150人,快速消费品(食品、饮料、化妆品),广州,,,,4000-6000,4000,6000
技术管理岗（水利水工方向）,15-20万/年,天津·滨海新区,5-7年,本科,"定期体检
交通补贴
通讯补贴
餐饮补贴
出国机会
年终奖金
员工旅游
专业培训
补充公积金
五险二金",中交天津航道局有限公司,国企  |  5000-10000人,建筑/建材/工程,天津,,150000,200000,nan,,
质量管理负责人（MAH）,1-1.5万,广州·天河区,5-7年,大专,"MAH
药厂
药品B证
制药
质量管理
绩效奖金
年终奖金
弹性工作
包住宿
节日福利
国内旅游
五险",广东开心堂药业连锁有限公司,民营  |  150-500人,互联网/电子商务,广州,,,,10000-15000,10000,15000
项目管理,1.2-2.2万·13薪,昆山,5-7年,本科,"项目管理
英语听说读写
国外客户
五险一金
绩效奖金
全勤奖
包吃
专业培训
出国机会
员工旅游
年终奖金",苏州恒铭达电子科技股份有限公司,民营  |  500-1000人,印刷/包装/造纸,昆山,13,,,12000-22000,12000,22000
化学品管理员,4-6千,南京·江宁区,1年,中技/中专,"五险一金
交通补贴
餐饮补贴
通讯补贴
绩效奖金
弹性工作
定期体检",南京唯创远医药科技有限公司,民营  |  少于50人,制药/生物工程,南京,,,,4000-6000,4000,6000
大客户管理,6千-1万,合肥·包河区,2年,大专,"快消品
电商
五险
节日福利
生日福利
弹性工作
专业培训
餐饮补贴
绩效奖金",合肥詹记食品有限公司,民营  |  1000-5000人,快速消费品(食品、饮料、化妆品),合肥,,,,6000-10000,6000,10000
仓库管理员,4-6千,马鞍山,3-4年,高中,"交通补贴
餐饮补贴
通讯补贴
专业培训
年终奖金
定期体检
生日礼金
节日礼金
六险一金
高温补贴
出入库
物资管理
分拣",安徽中钢诺泰工程技术有限公司,国企  |  50-150人,机械/设备/重工,马鞍,,,,4000-6000,4000,6000
安全管理工程师,0.8-1万,眉山,5-7年,本科,"安全工程师
五险一金
包住宿
餐饮补贴
绩效奖金
节日福利
带薪年假",四川天府江东科技有限公司,民营  |  150-500人,机械/设备/重工,眉山,,,,08000-10000,08000,10000
销售管理专员,6千-1万,太仓,2年,大专,"五险一金
交通补贴
通讯补贴
定期体检
带薪年假
年终奖金
试用期全额
内控
后台
销管",上海珠江投资有限公司,民营  |  1000-5000人,房地产,太仓,,,,6000-10000,6000,10000
光伏运维管理,8千-1.2万,上海·杨浦区,3-4年,大专,"五险一金
餐饮补贴
绩效奖金
定期体检",智方设计股份有限公司,民营  |  150-500人,电气/电力/水利,上海,,,,8000-12000,8000,12000
SPD手术室耗材管理员,5-7千·13薪,苏州·虎丘区,无需经验,大专,"耗材
验收入库
验收管理
盘点
五险一金
员工旅游
年终奖金
定期体检
餐饮补贴
交通补贴
绩效奖金",南京明基医院有限公司,合资  |  1000-5000人,医疗/护理/卫生,苏州,13,,,5000-7000,5000,7000
设备管理员,4-6千,东莞·塘厦镇,1年,高中,"五险一金
年终奖金",深圳市十分阳光新能源有限公司,民营  ,新能源,东莞,,,,4000-6000,4000,6000
流程管理工程师,8千-1.3万·13薪,深圳·福田区,3-4年,本科,"流程管理
pmp证书
流程信息化
流程管理体系
流程赋能
流程检视
实施交付经验
带薪年假
年终奖金
五险一金
节日福利
专业培训
绩效奖金
员工福利购机",深圳市立昇净水科技有限公司,民营  |  1000-5000人,环保,深圳,13,,,8000-13000,8000,13000
设备管理员,5-7千,南京·栖霞区,2年,本科,"带薪年假
高温补贴
职工旅游
生日慰问
定期体检
五险一金
年终奖金
专业培训
免费班车
周末双休",南京新百药业有限公司,民营  |  150-500人,制药/生物工程,南京,,,,5000-7000,5000,7000
仓库管理员,5-6千,武汉·东湖新技术产业开发区,3-4年,大专,"员工旅游
专业培训
餐饮补贴
五险一金
全勤奖
绩效奖金
金蝶erp
仓库
出库
入库
仓管",深圳市道格特科技有限公司,民营  |  150-500人,电子技术/半导体/集成电路,武汉,,,,5000-6000,5000,6000
项目管理工程师（自动化）,1.5-2万,深圳·龙华区,2年,本科,"非标自动化
自动化
项目
pm
项目工程师
机械
带薪年假
五险一金
包三餐
免费班车
全勤奖
节日福利
内部培训
晋升空间大
领导优秀
提供住宿",海目星激光科技集团股份有限公司,已上市  |  5000-10000人,仪器仪表/工业自动化,深圳,,,,15000-20000,15000,20000
度小月-前厅管理组,6千-1万,北京,2年,高中,"专业培训
年终奖金
带薪年假
包住宿
全勤奖
绩效奖金
经理",北京寰城季诺餐饮有限公司,外资（非欧美）  |  500-1000人,餐饮业,北京,,,,6000-10000,6000,10000
仓库管理员/叉车司机,5-7千,深圳·盐田区,无需经验,高中,"五险一金
绩效奖金
年终奖金
周末双休
带薪年假
仓库管理员
仓管
仓库
仓库管理
仓管员
物流
仓储",深圳市华运国际物流有限公司,民营  |  1000-5000人,交通/运输/物流,深圳,,,,5000-7000,5000,7000
管理培训生（研究生方向）,8千-1.2万,泉州,1年,硕士,"五险一金
包住宿
节日福利
补充医疗保险
出国机会
员工旅游
年终奖金",福建南方路面机械股份有限公司,民营  |  1000-5000人,机械/设备/重工,泉州,,,,8000-12000,8000,12000
芜湖江北/马鞍山工程管理员,4-6千,芜湖,2年,本科,"周末双休
带薪年假
五险一金
绩效奖金
节日福利
高温补贴
专业培训
餐饮补贴
年终奖金
补充医疗保险",芜湖华衍水务有限公司,合资  |  500-1000人,政府/公共事业,芜湖,,,,4000-6000,4000,6000
仓库管理员（储干）,6-8千,深圳·宝安区,3-4年,大专,"员工旅游
专业培训
绩效奖金
弹性工作
定期体检
五险
员工下午茶
员工生日礼物
定期团建
年终奖金
出入库
对账
库存
仓库管理",深圳市润海电子有限公司,民营  |  50-150人,电子技术/半导体/集成电路,深圳,,,,6000-8000,6000,8000
质量管理（汽车产品方向）,7-14万/年,成都·新都区,1年,本科,"质量管理
体系
质量
认证
质检
iso
品控
体系工程师
五险一金
交通补贴
年终奖金
定期体检
带薪年假
免费工作餐
提供住宿
专业培训",成都万友滤机有限公司,国企  |  150-500人,汽车,成都,,70000,140000,nan,,
能源管理体系审核员（正式或实习）,1.5-2.5万,上海·浦东新区,2年,本科,"能源审核员
ccaa
审核
理工科
能源管理体系
五险一金
专业培训
弹性工作
餐饮补贴
周末双休",上海爱尚恩典认证有限公司,民营  |  50-150人,检测，认证,上海,,,,15000-25000,15000,25000
档案管理员,5-7千,上海·嘉定区,2年,大专,"资料员
办公室文员
文职
周末双休
五险一金
节日福利
专业培训
通讯补贴
年终奖金
定期体检",上海氢枫能源技术有限公司,民营  |  150-500人,新能源,上海,,,,5000-7000,5000,7000
技术管理总监,1-2万,北京·海淀区,2年,本科,"研发管理
知识产权
PDM系统
五险一金
年终奖金
绩效奖金
交通补贴
餐饮补贴
定期体检
通讯补贴
员工旅游",北京氢璞创能科技有限公司,民营  |  150-500人,新能源,北京,,,,10000-20000,10000,20000
投资管理高级经理/经理（投资公司）,25-50万/年,广州·黄埔区,5-7年,硕士,"项目管理
投资建议
融资支持
带薪年假
周末双休
五险一金
绩效奖金
餐饮补贴",广东腐蚀科学与技术创新研究院,事业单位  |  150-500人,学术/科研,广州,,250000,500000,nan,,
管理会计,5-6千,佛山,2年,大专,"员工旅游
包吃住
保险
绩效奖金",佛山市姐妹花内衣有限公司,民营  |  500-1000人,服装/纺织/皮革,佛山,,,,5000-6000,5000,6000
安装工程项目管理员（实习生）,3.5-5千,佛山,无需经验,中技/中专,"暖通
安装
暖通工程
项目管理
实习生
绩效奖金
年终奖金
弹性工作
员工旅游
五险",广东腾耀机电工程有限公司,合资  |  50-150人,机械/设备/重工,佛山,,,,3500-5000,3500,5000
营运助理/楼层管理,4-5千·16薪,宁波,1年,本科,"营运管理
商户管理",宁波江北万达广场商业管理有限公司,合资  |  50-150人,房地产,宁波,16,,,4000-5000,4000,5000
品质管理,6-8千,上海·宝山区,1年,本科,"品质
品检
质检
五险一金
交通补贴
午餐补贴
全勤奖
节日福利",上海景超工贸有限公司,民营  |  50-150人,贸易/进出口,上海,,,,6000-8000,6000,8000
安全管理员（湛江吴川市）,4.2-4.5千·13薪,湛江·吴川市,1年,初中及以下,"五险一金
年终奖金
餐饮补贴",深圳市京地投资发展有限公司,民营  |  50-150人,房地产,湛江,13,,,4200-4500,4200,4500
安全管理工程师,5千-1万,北京,1年,本科,"注安师
安全管理
安全标准化
工程师
安全工程
环境工程
EHS
绩效奖金
专业培训
定期体检
员工旅游",北京云帆沧海安全防范技术有限公司,民营  |  50-150人,检测，认证,北京,,,,5000-10000,5000,10000
实施工程师（实验室管理软件）,6-8千,南宁·良庆区,3-4年,大专,"ERP
CRM
带薪年假
节日福利
五险一金
专业培训
年终奖金
绩效奖金",莱伯世开科技有限公司,创业公司  |  少于50人,计算机软件,南宁,,,,6000-8000,6000,8000
生产外协管理,4-5.5千,荆州·荆州区,3-4年,中技/中专,"五险一金
绩效奖金
专业培训
包吃",荆州市江汉众力实业有限公司,民营  |  50-150人,机械/设备/重工,荆州,,,,4000-5500,4000,5500
仓库管理员,6-8千·13薪,上海·浦东新区,2年,大专,"五险一金
员工旅游
交通补贴
餐饮补贴
通讯补贴
年终奖金
定期体检
商业保险
年休假
仓库管理员
仓管
仓库主管",上海乐瓦微电子科技有限公司,民营  |  少于50人,电子技术/半导体/集成电路,上海,13,,,6000-8000,6000,8000
精益生产管理顾问师,1.2-2.5万,深圳·龙华区,5-7年,大专,"生产
精益
项目经理
话补周末双
休
包住宿
奖金丰厚
ie
ie工程师
工业工程
股票期权
五险一金
专业培训
员工旅游
绩效奖金
年终奖金
通讯补贴",华谋咨询技术（深圳）有限公司,民营  |  150-500人,专业服务(咨询、人力资源、财会),深圳,,,,12000-25000,12000,25000
健康管理师,1-1.5万,广州·海珠区,5-7年,大专,"培训
诊断
中医
健康管理师证
员工旅游
年终奖金
绩效奖金
定期体检
五险一金
带薪年假
年度旅游
生日福利",德爱（广州）健康产业有限公司,民营  |  150-500人,美容/保健,广州,,,,10000-15000,10000,15000
现场施工管理,6千-1万,南京·栖霞区,3-4年,大专,"施工管理
暖通
交5险
安排吃住",江苏品欣环境工程科技有限公司,民营  ,建筑/建材/工程,南京,,,,6000-10000,6000,10000
?仓库管理员,5.5-6千·13薪,珠海·金湾区,1年,高中,仓库管理员,珠海市合顺兴日化股份有限公司,已上市  |  150-500人,原材料和加工,珠海,13,,,5500-6000,5500,6000
电源IC管理销售工程师+双休,1-2万,深圳·宝安区,5-7年,大专,"销售工程师
全勤奖
节日福利
五险一金
周末双休
年底双薪",深圳市吉利通电子有限公司,民营  |  150-500人,电子技术/半导体/集成电路,深圳,,,,10000-20000,10000,20000
工程项目管理（一级建造师）,7千-1.4万,武汉·黄陂区,2年,本科,"爬架施工
安全施工
项目隐患排查
五险一金
员工旅游
交通补贴
餐饮补贴
全勤
驻外补贴",四川慧美匠心建设工程有限公司,民营  |  50-150人,建筑/建材/工程,武汉,,,,7000-14000,7000,14000
现场施工管理,6千-1万,南京·栖霞区,3-4年,大专,"施工管理
暖通
交5险
安排吃住",江苏品欣环境工程科技有限公司,民营  ,建筑/建材/工程,南京,,,,6000-10000,6000,10000
分公司财富管理部负责人,30-40万/年,北京·西城区,5-7年,本科,"寿险公司
财富
业务推动
个险
高级经理
五险一金
补充医疗保险
交通补贴
餐饮补贴
年终奖金
定期体检
企业年金
员工三餐食堂",交银人寿保险有限公司北京市分公司,国企  |  50-150人,保险,北京,,300000,400000,nan,,
仓库管理员,5-6千,常州·武进区,1年,高中,"仓库
发货
盘点
收发
办公软件
仓库管理员
仓管",常州聚千汇国际贸易有限公司,民营  |  50-150人,贸易/进出口,常州,,,,5000-6000,5000,6000
设备管理员,6-8千,常州,3-4年,中技/中专,"机电
机械
带薪年假
五险一金
绩效奖金
节日福利
高温补贴",常州华阳万联汽车附件有限公司,民营  |  150-500人,汽车,常州,,,,6000-8000,6000,8000
现场施工管理,6千-1万,南京·栖霞区,3-4年,大专,"施工管理
暖通
交5险
安排吃住",江苏品欣环境工程科技有限公司,民营  ,建筑/建材/工程,南京,,,,6000-10000,6000,10000
人力资源管理,0.8-1万,深圳·南山区,5-7年,本科,"人事
人力资源
人事专员
周末双休
五险一金
带薪年假
包吃
免费班车
节日福利
通讯补贴
高温补贴
全勤奖",深圳新能电力开发设计院有限公司,创业公司  |  150-500人,电气/电力/水利,深圳,,,,08000-10000,08000,10000
仓库管理员,6-7千·13薪,深圳·宝安区,无需经验,高中,"五险一金
员工旅游
专业培训
绩效奖金
年终奖金
服装
亚马逊
仓库
发货
质检
打包",深圳市茜茜鸟电子商务有限公司,民营  |  少于50人,互联网/电子商务,深圳,13,,,6000-7000,6000,7000
管理咨询顾问-内控,1.3-2万·13薪,上海·黄浦区,3-4年,本科,"五险一金
补充医疗保险
专业培训
年终奖金",致同会计师事务所上海分所,合资  |  5000-10000人,会计/审计,上海,13,,,13000-20000,13000,20000
设备管理员,5千-1万,合肥·包河区,3-4年,大专,"机电
年终奖金
绩效奖金
定期体检
免费班车
员工旅游
五险
餐饮补贴
双休制
带薪年假
节日福利",华益药业科技（安徽）有限公司,合资  |  150-500人,制药/生物工程,合肥,,,,5000-10000,5000,10000
流程管理专家/顾问,2.5-5万,深圳·宝安区,8-9年,本科,"流程优化
流程管理
流程建设
流程规划
五险一金
员工旅游
交通补贴
餐饮补贴
通讯补贴
专业培训
绩效奖金
年终奖金
弹性工作",深圳市奋本科技有限公司,民营  |  150-500人,多元化业务集团公司,深圳,,,,25000-50000,25000,50000
项目管理（加装电梯）,8千-1.2万,上海·嘉定区,3-4年,中技/中专,"项目管理
加梯项目管理
施工现场管理
五险一金
绩效奖金
餐饮补贴
通讯补贴
交通补贴",斯迈普电梯（中国）有限公司,民营  |  150-500人,机械/设备/重工,上海,,,,8000-12000,8000,12000
仓库管理员,6-6.5千,上海·闵行区,3-4年,大专,"五险一金
专业培训
绩效奖金
年终奖金
员工旅游
福利待遇
生日福利
献言献策
鼓励创新
仓管
仓库管理员
仓库管理
仓管员
理货员",善创实业（上海）有限公司,民营  |  少于50人,仪器仪表/工业自动化,上海,,,,6000-6500,6000,6500
品质技术管理,9千-1.2万·15薪,上海·奉贤区,3-4年,大专,"食品
电脑
包装
五险一金
免费班车
员工旅游
交通补贴
专业培训
出国机会
年终奖金
定期体检",上海林内有限公司,合资  |  1000-5000人,机械/设备/重工,上海,15,,,9000-12000,9000,12000
仓库管理员,3-4.5千,武汉·江夏区,3-4年,中技/中专,"五险一金
包吃
高温补贴
仓库管理员
仓管
仓库
仓库管理
仓管员
物流
仓库主管
仓储",武汉金丰源农资连锁配送有限公司,民营  ,贸易/进出口,武汉,,,,3000-4500,3000,4500
仓库管理员,6-8千,东莞,2年,大专,"包吃
包住宿
全勤奖
节日福利
专业培训
交通补贴
餐饮补贴
带薪年假
加班补贴
电子元器件
物流
物流仓储
erp系统",瑞森半导体科技（广东）有限公司,民营  |  50-150人,电子技术/半导体/集成电路,东莞,,,,6000-8000,6000,8000
管理会计,9千-1.2万,惠州,1年,本科,"带薪年假
五险一金
全勤奖
包住宿
高温补贴
节日福利
住房补贴
餐饮补贴
加班补贴
绩效奖金",惠州市宙邦化工有限公司,民营  |  500-1000人,石油/化工/矿产/地质,惠州,,,,9000-12000,9000,12000
管理会计,8千-1.1万,上海·松江区,2年,大专,"财务
会计核算
文旅行业
五险一金
定期体检
专业培训
餐饮补贴",上海季高文化发展集团有限公司,民营  |  150-500人,娱乐/休闲/体育,上海,,,,8000-11000,8000,11000
新品开发品质管理、体系专员,4.5-6千,广州·花都区,1年,大专,"品质管理
品质问题
qc
质量体系
客诉问题
spc统计
ts16949体系
内部审核
办公软件
运行维护
住房补贴
专业培训
通讯补贴
年终奖金
广州社保
全勤奖
补充医疗保险
周末双休
包吃包住",广州市众科电器有限公司,合资  |  1000-5000人,汽车,广州,,,,4500-6000,4500,6000
资金管理专员,1-1.5万,北京·朝阳区,2年,本科,"资金管理
五险一金
餐饮补贴",北京合敬人力资源顾问有限公司,民营  ,专业服务(咨询、人力资源、财会),北京,,,,10000-15000,10000,15000
综合管理/行政专员(J10188),4-6千,盘锦,1年,大专,"超预期薪酬
人才津贴
丰厚奖金
专项培训
优越办公环境
健身休闲",苏州世名科技股份有限公司,已上市  |  500-1000人,石油/化工/矿产/地质,盘锦,,,,4000-6000,4000,6000
风险管理专员（1-201）,7千-1.4万,上海,1年,本科,"审计
风险管理
英语六级
日语一级
审计对应
报表制作
五险一金
补充医疗保险
通讯补贴
专业培训
绩效奖金
定期体检
住房补贴",欧姆龙自动化（中国）有限公司,外资（非欧美）  |  1000-5000人,仪器仪表/工业自动化,上海,,,,7000-14000,7000,14000
安保管理员,4.3-4.4千,广州·越秀区,1年,初中及以下,"五险一金
全勤奖
节日福利
高温补贴
员工饭堂
定期体检
餐饮补贴
年终奖
带空调宿舍",广州市益民实业有限公司,民营  |  150-500人,房地产,广州,,,,4300-4400,4300,4400
智能化、消防、环保管理专员,5.4-7.2千,广州·越秀区,3-4年,本科,"消防器材
给排水
安防
物业
节日福利
做五休二
周末双休",广州市广百股份有限公司,已上市  |  1000-5000人,批发/零售,广州,,,,5400-7200,5400,7200
车辆修理管理者,5-6千·14薪,常熟,3-4年,大专,"五险一金
餐饮补贴
交通补贴
定期体检",丰通上组物流(常熟)有限公司,外资（非欧美）  |  50-150人,交通/运输/物流,常熟,14,,,5000-6000,5000,6000
生产管理师PMC,3-5千,东莞·莞城区,1年,大专,"生管
五险一金
周末双休
带薪年假
包吃
包住宿
绩效奖金
节日福利",劲佳光电（昆山）有限公司,外资（非欧美）  |  150-500人,电子技术/半导体/集成电路,东莞,,,,3000-5000,3000,5000
仓管管理员,3-6千,南京·高淳区,2年,中技/中专,"仓管
周末双休
做五休二
五险一金
绩效奖金
全勤奖
加班补贴
年终奖金
餐饮补贴",南京汇聚新材料科技有限公司,民营  |  150-500人,电子技术/半导体/集成电路,南京,,,,3000-6000,3000,6000
档案管理员,10-14万/年,东莞·谢岗镇,5-7年,大专,"行政
五险一金
包吃
包住宿
带薪年假",东莞市新东粤环保实业有限公司,国企  |  少于50人,环保,东莞,,100000,140000,nan,,
行程管理/计调,4-7千,西安·曲江新区,3-4年,本科,"五险一金
计调
导游
采购",典训文化发展有限公司,民营  |  少于50人,教育/培训/院校,西安,,,,4000-7000,4000,7000
管理培训生/实习生/储备干部,5.5-7.5千,太原·小店区,无需经验,本科,"做五休二
周末双休
带薪年假
五险一金
绩效奖金
节日福利
交通补贴
加班补贴
通讯补贴",长江证券股份有限公司山西分公司,已上市  |  少于50人,金融/投资/证券,太原,,,,5500-7500,5500,7500
学习管理师,6-8千,南京,无需经验,本科,"学员服务
教务
学管
学员活动
教学管理
五险一金
员工旅游
专业培训
股票期权
年终奖金
定期体检",高顿财经南京分校,民营  |  5000-10000人,教育/培训/院校,南京,,,,6000-8000,6000,8000
仓库管理员,5-6.5千,广州·白云区,无需经验,中技/中专,"采购
出入库
对账",广东凌云志集团,民营  |  150-500人,房地产,广州,,,,5000-6500,5000,6500
人力资源经理/主管（干部管理） (MJ000198),1-1.5万,台州·椒江区,无需经验,本科,"人才盘点
激励
干部管理
干部培养
干部盘点
干部访谈
干部选拔
人才甄选
五险一金
免费班车
交通补贴
定期体检
专业培训
年终奖金
餐饮补贴
员工旅游
带薪年假",浙江九洲药业股份有限公司,已上市  |  1000-5000人,制药/生物工程,台州,,,,10000-15000,10000,15000
设备管理员,6-8千,上海·嘉定区,1年,大专,"设备保养
设备维修
机电一体化
电工证
五险一金
绩效奖金
员工旅游
交通补贴
通讯补贴
年终奖金
免费工作餐",冠标（上海）检测技术有限公司,民营  |  50-150人,检测，认证,上海,,,,6000-8000,6000,8000
设备管理工程师,4-6千,十堰,2年,大专,"绩效奖金
五险
交通补贴
通讯补贴
年终奖金",康缘爱电子有限公司,民营  |  少于50人,医疗设备/器械,十堰,,,,4000-6000,4000,6000
质量管理/测试工程师(QA/QC工程师),8千-1.2万,上海·浦东新区,3-4年,本科,"五险一金
员工旅游
定期体检
交通补贴
餐饮补贴
通讯补贴
年终奖金
绩效奖金",上海如海光电科技有限公司,民营  |  50-150人,仪器仪表/工业自动化,上海,,,,8000-12000,8000,12000
项目管理,1.2-2万·13薪,深圳·南山区,3-4年,本科,"通信
电子
带薪年假
全勤奖
节日福利
周末双休
五险一金
年终奖金
工龄奖
员工旅游
专业培训
绩效奖金",深圳市晨讯达科技有限公司,民营  |  50-150人,通信/电信/网络设备,深圳,13,,,12000-20000,12000,20000
体系及合规管理-东风鸿泰,1-1万,湖北省,5-7年,本科,"五险一金
交通补贴
餐饮补贴
通讯补贴
定期体检",东风汽车集团股份有限公司,国企  |  10000人以上,汽车,湖北,,,,10000-10000,10000,10000
人力资源处招聘离退休管理主管,1-1.5万,北京·海淀区,无需经验,本科,"五险一金
餐饮补贴
专业培训
年终奖金
定期体检",中国科学院力学研究所,事业单位  |  500-1000人,学术/科研,北京,,,,10000-15000,10000,15000
售前经理（产品与市场管理部）,1.5-2.5万,上海·黄浦区,3-4年,硕士,"项目方案
方案制作
专业培训
年终奖金
五险一金
定期体检
带薪年假
周末双休",上海中申信科技服务有限公司,国企  |  150-500人,计算机服务(系统、数据服务、维修),上海,,,,15000-25000,15000,25000
设备管理员,6-9千,成都·双流区,2年,大专,"五险一金
餐饮补贴
宿舍食堂
绩效奖金
节日福利
设备管理
设备维修
机械",四川多联实业有限公司,民营  |  500-1000人,原材料和加工,成都,,,,6000-9000,6000,9000
仓库管理员,5.5-6千·13薪,杭州·余杭区,1年,中技/中专,"专业培训
年终奖金
带薪年假
全勤奖
加班补贴
绩效奖金
五险缴纳",杭州唐维过滤器材有限公司,民营  |  50-150人,制药/生物工程,杭州,13,,,5500-6000,5500,6000
文控管理-宁波央企,5-8千·13薪,宁波·北仑区,2年,大专,"五险一金
年终奖金
员工旅游
专业培训",广州市泰索斯人才顾问（集团）有限公司,民营  |  1000-5000人,专业服务(咨询、人力资源、财会),宁波,13,,,5000-8000,5000,8000
仓库管理 Store Keeper - 上海One ITC,0.8-1万,上海·徐汇区,2年,高中,"带薪年假
五险一金
餐饮补贴
节日福利
绩效奖金",多喜佳伴纳服饰商业（上海）有限公司,外资（欧美）  |  500-1000人,奢侈品/收藏品/工艺品/珠宝,上海,,,,08000-10000,08000,10000
物资管理员,4.5-6千,嘉兴·秀洲区,1年,高中,"五险一金
绩效奖金
定期体检
15天过年假
免费提供住宿
餐饮补贴
通讯补贴
节假日福利
仓管员
仓库管理员
统计员
数据处理",浙江兴土桥梁专用装备制造有限公司,民营  |  1000-5000人,建筑/建材/工程,嘉兴,,,,4500-6000,4500,6000
物流管理师 （5天8小时）,4.5-6.5千·13薪,昆山,无需经验,本科,"周末双休
带薪年假
五险一金
绩效奖金
年终奖金
交通补贴
专业培训
物流专员
客服
物流
仓储
文员
营业员",昆山信安信息科技有限公司,外资（欧美）  |  50-150人,外包服务,昆山,13,,,4500-6500,4500,6500
抖音电商-售后体验运营管理负责人,2-4万,上海,8-9年,本科,"下午茶
健身瑜伽
六险一金
五险一金
股票期权
团队氛围好
晋升空间大
带薪休假
扁平管理
用户过亿",字节跳动,民营  |  10000人以上,互联网/电子商务,上海,,,,20000-40000,20000,40000
仓库管理 Store Keeper - 上海IFC,6-8千,上海·浦东新区,2年,高中,"做五休二
带薪年假
五险一金
专业培训
节日福利
绩效奖金
餐饮补贴",多喜佳伴纳服饰商业（上海）有限公司,外资（欧美）  |  500-1000人,奢侈品/收藏品/工艺品/珠宝,上海,,,,6000-8000,6000,8000
物资管理主任,8-10万/年,合肥,3-4年,大专,"五险
餐补
节日福利
员工旅游
专业培训
8小时工作制
绩效奖金
年终奖金",广东锦力电器有限公司,民营  |  1000-5000人,电子技术/半导体/集成电路,合肥,,80000,100000,nan,,
仓库管理员,6.5-7千,南通·崇川区,3-4年,高中,"带薪年假
五险一金
包吃
包住宿
仓库管理员
仓管
仓管员
物流
仓储",雷柏特（南通）实验室系统工程有限公司,外资（非欧美）  |  50-150人,机械/设备/重工,南通,,,,6500-7000,6500,7000
仓库管理员,4-6千,成都·武侯区,2年,大专,"五险一金
补充医疗保险
员工旅游
餐饮补贴
年终奖金
绩效奖金
出入库
对账
配货
样品管理
分拣
送货",成都时利合企业管理咨询有限公司,民营  |  50-150人,餐饮业,成都,,,,4000-6000,4000,6000
仓库管理 Store Keeper - 成都IFS,6-8千,成都,2年,高中,"带薪年假
五险一金
餐饮补贴
节日福利
绩效奖金",多喜佳伴纳服饰商业（上海）有限公司,外资（欧美）  |  500-1000人,奢侈品/收藏品/工艺品/珠宝,成都,,,,6000-8000,6000,8000
设备管理员,3.5-7千,武汉,1年,中技/中专,"设备管理
维护
周末双休
绩效奖金
年终奖金
餐饮补贴
专业培训
弹性工作
免费班车
五险
节日福利",武汉迪艾斯科技有限公司,民营  |  50-150人,医疗设备/器械,武汉,,,,3500-7000,3500,7000
档案管理员,4-5千,昆明·呈贡区,1年,本科,"档案
管理
后勤
整理
交通补贴
绩效奖金
五险
法定节假日
双休
专业培训
年终奖金",云南云筹经济信息咨询有限责任公司,民营  |  少于50人,专业服务(咨询、人力资源、财会),昆明,,,,4000-5000,4000,5000
仓库管理员,3-4.5千,荆州,1年,大专,"补充医疗保险
交通补贴
专业培训
年终奖金
绩效奖金
五险
高温补贴
节日福利
带薪年假
提供吃住
仓库
仓管
仓库管理
仓管员
物流
仓库管理员
仓储
出入库
配货
分拣",荆州荆福汽车零部件有限公司,外资（非欧美）  |  150-500人,汽车,荆州,,,,3000-4500,3000,4500
仓库管理员,4-5千,泉州·丰泽区,1年,中技/中专,"买社保
员工福利
专业培训
年终奖
仓管员
物流管理
物流专员
物流仓储",福建省欣鼎医疗器械有限公司,民营  ,医疗设备/器械,泉州,,,,4000-5000,4000,5000
仓库管理员,4.5-5.5千·13薪,武汉·汉阳区,1年,大专,"五险一金
包吃
免费班车
包住宿
专业培训
办公软件
记账
叉车证补贴",武汉孚安特科技有限公司,已上市  |  500-1000人,新能源,武汉,13,,,4500-5500,4500,5500
海外业务管理师,6.5-8千,苏州·工业园区,1年,本科,"五险一金
餐饮补贴
绩效奖金
年终奖金
定期体检",佑仁电子科技（苏州）有限公司,外资（非欧美）  |  150-500人,计算机服务(系统、数据服务、维修),苏州,,,,6500-8000,6500,8000
产品成本与特价管理专员,1.5-2.5万,深圳·南山区,3-4年,本科,"服务器
市场调研
成本管控
市场分析
五险一金
员工旅游
年终奖金
定期体检",深圳创新科技术有限公司,外资（欧美）  |  150-500人,计算机软件,深圳,,,,15000-25000,15000,25000
仓库管理员,4.5-6千,金华·武义县,1年,高中,仓库管理员,武义泽恒纺织机械有限公司,民营  |  150-500人,机械/设备/重工,金华,,,,4500-6000,4500,6000
仓库管理员,5-7千,上海·松江区,1年,中技/中专,"五险一金
做五休二
专业培训
包午餐
弹性工作
出入库
对账
配货
样品管理
先进先出
盘点
整理",上海柳智科技股份有限公司,民营  |  少于50人,电子技术/半导体/集成电路,上海,,,,5000-7000,5000,7000
仓库管理员,5-6千,杭州·滨江区,无需经验,大专,"做五休二
五险一金
高温补贴
仓库管理员
仓管
仓储
物流
仓库管理
仓管员",杭州诚丰生物医药有限公司,民营  |  50-150人,制药/生物工程,杭州,,,,5000-6000,5000,6000
仓库管理员,3.5-4千,连云港·灌云县,无需经验,大专,"五险
弹性工作
月休八天
仓库管理",连云港市云兴酿造食品分厂,民营  |  50-150人,快速消费品(食品、饮料、化妆品),连云,,,,3500-4000,3500,4000
仓库管理员,5-7千·13薪,无锡·惠山区,3-4年,大专,"做五休二
周末双休
带薪年假
五险一金
餐饮补贴
加班补贴
专业培训
节日福利
绩效奖金",无锡量子感知技术有限公司,民营  |  500-1000人,仪器仪表/工业自动化,无锡,13,,,5000-7000,5000,7000
仓库管理员,3-4千,昆明·呈贡区,1年,中技/中专,免费食宿,云南晨鸣电器有限公司,民营  |  150-500人,电气/电力/水利,昆明,,,,3000-4000,3000,4000
仓库管理员,4-6千,无锡·无锡新区,2年,中技/中专,"交通补贴
通讯补贴
绩效奖金
全勤奖
节日福利
高温补贴
带薪年假
工作餐
社会保险",上海哈芙琳服装有限公司,民营  |  50-150人,服装/纺织/皮革,无锡,,,,4000-6000,4000,6000
仓库管理员,4.5-6千,宁波·鄞州区,1年,中技/中专,"做五休二
带薪年假
绩效奖金
全勤奖
节日福利
专业培训
仓库管理员
仓管
仓库
仓库管理
物流
仓库主管
仓储",宁波舒安尔医疗设备有限公司,合资  |  50-150人,医疗设备/器械,宁波,,,,4500-6000,4500,6000
仓库管理员,5-8千,广州·番禺区,3-4年,大专,"包吃
包住宿
节日福利
生日福利
季度福利
带薪年假
社会保险
工龄奖
商业保险
仓库管理员
仓管员",广州万友砼结构构件有限公司,民营  |  1000-5000人,建筑/建材/工程,广州,,,,5000-8000,5000,8000
供应链开发与管理（项目采购）,7千-1.2万·13薪,上海,5-7年,大专,"供应商管理
新供应商开发
年终奖金
五险一金
绩效奖金
做五休二
周末双休
带薪年假
节日福利
高温补贴
加班补贴",上海七洋液压机械有限公司,合资  |  50-150人,机械/设备/重工,上海,13,,,7000-12000,7000,12000
质量技术管理,1-1.5万,上海,1年,硕士,"质量管理
生物医学工程
电气工程
计量测试
实验室
五险一金
交通补贴
餐饮补贴
专业培训
绩效奖金
定期体检
带薪休假
节日福利
通讯补贴
免费班车",上海市医疗器械检验研究院,事业单位  |  150-500人,检测，认证,上海,,,,10000-15000,10000,15000
成品仓库管理员/WH(J10017),6千-1万,浙江省,2年,大专,"五险一金
免费班车
员工旅游
餐饮补贴
专业培训
绩效奖金
定期体检",绍兴中芯集成电路制造股份有限公司,合资  |  1000-5000人,电子技术/半导体/集成电路,浙江,,,,6000-10000,6000,10000
品控专员（供应商管理方向）,7-9千·13薪,深圳·南山区,2年,本科,"五险一金
专业培训
定期体检
员工旅游
年终奖金
绩效奖金
带薪年假
节日福利",深圳市尚古堂食品发展有限公司,民营  |  150-500人,快速消费品(食品、饮料、化妆品),深圳,13,,,7000-9000,7000,9000
仓库管理员（扬州）,5-8千,扬州·开发区,1年,大专,"五险一金
定期体检
带薪年假
节日福利
餐饮补贴
办公软件
叉车证
进出库
erp系统
excel表格
呆滞料处理
物料保管
5s管理
盘点
供应链",上海泰胜风能装备股份有限公司,已上市  |  1000-5000人,机械/设备/重工,扬州,,,,5000-8000,5000,8000
设备管理工程师,6-8千,长沙·望城区,2年,大专,"电气设备管理
专业培训
包住
员工食堂
五险",湖南华望熏蒸消毒有限公司,民营  |  150-500人,环保,长沙,,,,6000-8000,6000,8000
健康管理师,6千-1.2万·13薪,苏州,无需经验,大专,"产品介绍
健康管理
健康维护
健康管理师
健康促进计划
健康咨询
产品推广
营养师
销售
销售代表
绩效奖金
年终奖金
专业培训
员工旅游
弹性工作",苏州元康健康管理咨询有限公司,民营  |  50-150人,医疗/护理/卫生,苏州,13,,,6000-12000,6000,12000
QA现场管理员（化学产品）,6千-1万·13薪,昆山,1年,大专,"药学
制药工程
现场qa
巡检
五险一金
免费班车
员工旅游
交通补贴
餐饮补贴
专业培训
绩效奖金
年终奖金
定期体检",苏州泽璟生物制药股份有限公司,合资  |  500-1000人,制药/生物工程,昆山,13,,,6000-10000,6000,10000
IT服务管理专家,2-4万,北京,5-7年,本科,"弹性工作
六险一金
租房补贴
免费三餐
下午茶
带薪休假
健身瑜伽",字节跳动,民营  |  10000人以上,互联网/电子商务,北京,,,,20000-40000,20000,40000
智能交通项目经理（管理岗）,7千-1万,广州·天河区,5-7年,大专,"智能交通
系统集成
项目管理
项目经理
安防
绩效奖金
社保
包住宿
餐饮补贴
专业培训",广州融新智能科技有限公司,民营  |  50-150人,计算机软件,广州,,,,7000-10000,7000,10000
仓库管理员,5-8千,上海·浦东新区,2年,大专,"五险一金
年终奖金
定期体检
补充医疗保险
带薪年假",江苏鹍远生物科技股份有限公司,民营  |  150-500人,制药/生物工程,上海,,,,5000-8000,5000,8000
仓库管理员,5-8千,上海·松江区,2年,中技/中专,"定期体检
专业培训
带薪年假
仓库管理员
物流",上海弗太机械有限公司,民营  |  50-150人,机械/设备/重工,上海,,,,5000-8000,5000,8000
仓库管理员,5-8千,苏州·相城区,1年,中技/中专,"包住
包工作餐
节日福利",佑仁电子科技（苏州）有限公司,外资（非欧美）  |  150-500人,计算机服务(系统、数据服务、维修),苏州,,,,5000-8000,5000,8000
仓库管理员,5-7千,苏州·相城区,2年,大专,"包吃
带薪年假
绩效奖金
全勤奖
节日福利
五险一金
仓管
仓库管理员
仓库
仓管员
仓库管理",苏州旭钢电子科技有限公司,民营  |  50-150人,原材料和加工,苏州,,,,5000-7000,5000,7000
仓库管理员,5.5-6.5千,无锡·无锡新区,3-4年,高中,"五险
节日福利
单休
开年红包
年终奖金
仓库，物流",德力西集团无锡销售有限公司,民营  |  50-150人,仪器仪表/工业自动化,无锡,,,,5500-6500,5500,6500
招商管理岗（综合事务) (MJ042184),8千-1.2万·15薪,深圳·福田区,1年,本科,"五险一金
补充医疗保险
交通补贴
通讯补贴
年终奖金
定期体检",印力,合资  |  1000-5000人,房地产,深圳,15,,,8000-12000,8000,12000
实施工程师（实验室管理软件）,8千-1万,广州·海珠区,2年,大专,"项目实施
解决方案设计
现场调研
用户培训
验收
crm
erp
流程优化
社保
年底双薪
带薪年假
周末双休
节日福利",莱伯世开科技有限公司,创业公司  |  少于50人,计算机软件,广州,,,,8000-10000,8000,10000
仓库包装管理员,4.5-7千,广州·白云区,2年,高中,"五险一金
员工旅游
交通补贴
通讯补贴
专业培训
年终奖金
绩效奖金
弹性工作
仓库管理
包装
打包
数量统计
产品包装
入库
生产安排
电脑
5s管理",广州启力弹簧科技有限公司,民营  |  少于50人,机械/设备/重工,广州,,,,4500-7000,4500,7000
项目管理工程师,7-14万/年,深圳·光明区,2年,本科,"五险一金
包住
周末双休
员工旅游
绩效奖金
年终奖金
弹性工作
带薪年假
专业培训
定期体检",深圳市西格玛电源科技有限公司,民营  |  150-500人,电子技术/半导体/集成电路,深圳,,70000,140000,nan,,
备件管理员,4-6千·14薪,无锡·惠山区,1年,大专,"五险一金
年终奖金
绩效奖金
定期体检
专业培训
通讯补贴
交通补贴
员工旅游
节日福利
部门团建",上能电气股份有限公司,已上市  |  500-1000人,新能源,无锡,14,,,4000-6000,4000,6000
研发项目管理工程师(产品研发),1-1.5万·14薪,深圳·南山区,3-4年,大专,"五险一金
员工旅游
交通补贴
餐饮补贴
年终奖金
定期体检
绩效奖金",深圳市华信天线技术有限公司,已上市  |  150-500人,通信/电信/网络设备,深圳,14,,,10000-15000,10000,15000
档案管理员,4-6千,南通,3-4年,大专,"档案管理
行政
固定资产
五险一金
餐饮补贴
节日福利
绩效奖金
定期体检",江苏双逸智慧园运营管理有限公司,民营  |  150-500人,房地产,南通,,,,4000-6000,4000,6000
系统项目管理及系统集成工程师(GX),8千-1万,南宁,1年,本科,"五险一金
交通补贴
餐饮补贴
绩效奖金
年终奖金
定期体检
专业培训
通讯补贴",东方电子股份有限公司,国企  |  1000-5000人,计算机软件,南宁,,,,8000-10000,8000,10000
仓库管理员,5-6千,苏州·相城区,1年,中技/中专,"有工作餐
加班补贴
五险一金
员工旅游
年终奖金
每年加薪
仓管
叉车证",苏州新羽吉精密机械有限公司,民营  |  少于50人,原材料和加工,苏州,,,,5000-6000,5000,6000
信息化管理专员,8-10万/年,武汉·洪山区,1年,本科,"五险一金
餐饮补贴
补充医疗保险
补充公积金
交通补贴
通讯补贴
专业培训
绩效奖金
免费班车
弹性工作",湖北省联投新城发展集团有限公司,国企  |  150-500人,计算机软件,武汉,,80000,100000,nan,,
工程管理员（广东融城建设工程有限公司）,6-7.5千,惠州·惠城区,2年,本科,"五险一金
周末双休
带薪年假
年终奖金
绩效奖金
定期体检",惠州市惠城区国有资本投资运营有限公司,合资  ,金融/投资/证券,惠州,,,,6000-7500,6000,7500
合规管理岗(J13232),1-1.5万,深圳·福田区,3-4年,硕士,"五险一金
餐饮补贴
定期体检",国信证券股份有限公司,国企  |  10000人以上,金融/投资/证券,深圳,,,,10000-15000,10000,15000
仓库管理员,5-6千,东莞·中堂镇,2年,中技/中专,"年终奖金
补充医疗保险
包吃包住
带薪年假
国家法定假
全勤奖
8小时制
绩效奖金
仓库管理员",东莞市长长激光智能设备有限公司,民营  |  50-150人,机械/设备/重工,东莞,,,,5000-6000,5000,6000
仓库管理员,4.5-6千,清远·清城区,1年,中技/中专,"绩效奖金
专业培训
餐饮补贴
住宿补贴
仓储
保管
复核
库存控制
物资拣选
入库
码放
物资验收
核对数据
外发",广东狮乐科技实业有限公司,民营  |  50-150人,电子技术/半导体/集成电路,清远,,,,4500-6000,4500,6000
仓库管理员,3-4千,武汉·东西湖区,1年,中技/中专,"包吃
包住宿
节日福利
弹性工作
五险一金
专业培训",武汉市百辉包装有限公司,民营  |  少于50人,印刷/包装/造纸,武汉,,,,3000-4000,3000,4000
跨境电商运营管理,5千-1万,深圳·福田区,1年,大专,"跨境电商运营
员工旅游
专业培训",深圳志浩基业科技有限公司,民营  |  少于50人,互联网/电子商务,深圳,,,,5000-10000,5000,10000
日语 项目管理（音频产品）,1.6-2.5万·14薪,深圳,5-7年,本科,"日语
项目管理
消费电子产品
音频产品
节日福利
五险一金
年终奖金
定期体检
员工旅游
带薪年假
通讯补贴
补充医疗保险
交通补贴
餐饮补贴",东莞市海博设备贸易有限公司,民营  |  50-150人,机械/设备/重工,深圳,14,,,16000-25000,16000,25000
建筑内装工程师（施工管理）,6千-1.2万·14薪,苏州·工业园区,1年,大专,"无尘室
土木
机电
机械
项目
建筑
施工
工程
装饰装修
技术员
五险一金
年终奖金
带薪年假
补充医疗保险
提供住宿
定期体检
餐饮补贴
节日福利
通讯补贴",骏力（苏州）环境科技有限公司,民营  |  50-150人,建筑/建材/工程,苏州,14,,,6000-12000,6000,12000
仓库管理员,4.5-6千,苏州·吴中区,1年,中技/中专,"午餐餐补
上五休二
五险
不定期聚餐
仓库管理员
仓管
仓库
仓管员
仓储",苏州安禾达电子科技有限公司,民营  |  少于50人,仪器仪表/工业自动化,苏州,,,,4500-6000,4500,6000
生产管理,6千-1万,长沙·浏阳市,3-4年,大专,"五险一金
定期体检
年终奖金
专业培训
委外学习培训
包吃包住",湖南开元医药科技有限公司,民营  |  150-500人,制药/生物工程,长沙,,,,6000-10000,6000,10000
项目管理专员,6-8千,深圳·南山区,1年,大专,"五险一金
餐饮补贴
绩效奖金
年终奖金
定期体检
员工旅游
雇主险
案件管理专员",昆山浩兴电子科技有限公司深圳分公司,外资（非欧美）  |  50-150人,检测，认证,深圳,,,,6000-8000,6000,8000
仓库管理员,3.5-4.5千,文山,2年,中技/中专,"绩效奖金
定期体检
带薪年假
购买五险
年终奖金
仓库进出货
仓库管理
物资保管
物资验收
盘点",国药集团昆明医疗器械有限公司,国企  |  50-150人,医疗设备/器械,文山,,,,3500-4500,3500,4500
质量管理工程师（QC）,7千-1万·14薪,深圳·龙华区,1年,大专,"免费班车
免费员工住宿",深圳前海亚讯电子商务有限公司,民营  |  150-500人,贸易/进出口,深圳,14,,,7000-10000,7000,10000
项目管理助理,5-8千,深圳·南山区,1年,大专,"项目助理
项目管理
文员
客服
五险一金
员工旅游
餐饮补贴
绩效奖金
年终奖金
定期体检
雇主险",昆山浩兴电子科技有限公司深圳分公司,外资（非欧美）  |  50-150人,检测，认证,深圳,,,,5000-8000,5000,8000
仓库管理员,4.5-7千,无锡·梁溪区,5-7年,中技/中专,"五险一金
补充医疗保险
员工旅游
交通补贴
餐饮补贴
通讯补贴
定期体检
弹性工作
年终奖金
绩效奖金
仓库管理员",苏州诺而为工业技术服务有限公司,创业公司  |  50-150人,专业服务(咨询、人力资源、财会),无锡,,,,4500-7000,4500,7000
设备管理员,4-6千,广州·黄埔区,1年,大专,"设备台帐
设备档案
维修跟进
性能检查
验收
设备维护
台账
建档
报废
五险一金
员工旅游
绩效奖金
食堂
员工宿舍
意外险
高温补贴",广东真正工程检测有限公司,民营  |  150-500人,建筑/建材/工程,广州,,,,4000-6000,4000,6000
仓库管理员,6-6.5千,上海·松江区,1年,中技/中专,"五险一金
通讯补贴
年终奖金
员工旅游
绩效奖金
仓库管理
仓库管理员
仓管员
仓管",丙泽智能科技（上海）有限公司,民营  |  少于50人,仪器仪表/工业自动化,上海,,,,6000-6500,6000,6500
会计（含跨境电商账号注册管理）,7-8千·13薪,深圳·南山区,1年,本科,"会计
亚马逊账号
cet_4
跨境电商财务
五险一金
定期体检
周末双休
员工旅游
出国机会",深圳市中进国际货运代理有限公司,民营  |  150-500人,交通/运输/物流,深圳,13,,,7000-8000,7000,8000
仓库管理员,4.5-7千,天津,5-7年,中技/中专,"五险一金
补充医疗保险
员工旅游
交通补贴
餐饮补贴
通讯补贴
定期体检
弹性工作
年终奖金
绩效奖金
仓库管理员",苏州诺而为工业技术服务有限公司,创业公司  |  50-150人,专业服务(咨询、人力资源、财会),天津,,,,4500-7000,4500,7000
工程综合管理员,1-1.4万·14薪,上海·金山区,5-7年,本科,"五险一金
绩效奖金
年终奖金
定期体检
弹性工作
专业培训",上海海优威新材料股份有限公司,已上市  |  500-1000人,新能源,上海,14,,,10000-14000,10000,14000
薪酬绩效管理,6千-1.2万,深圳·宝安区,3-4年,大专,"绩效目标分解
薪酬绩效模块
数据处理
薪酬激励方案
薪酬管理
劳动法律法规
薪酬调整
薪酬绩效体系
薪酬核算
绩效管理
带薪年假
五险一金
绩效奖金
节日福利
专业培训
年终奖金
出国机会",深圳智慧包裹服务股份有限公司,民营  |  50-150人,交通/运输/物流,深圳,,,,6000-12000,6000,12000
订单管理师(004003),5-8千,重庆,无需经验,本科,"五险一金
员工旅游
交通补贴
专业培训
年终奖金",纬创资通（重庆）有限公司,外资（非欧美）  |  5000-10000人,电子技术/半导体/集成电路,重庆,,,,5000-8000,5000,8000
生产物料管理(PMC)工程师,6-8千,合肥·庐江县,1年,大专,"五险一金
员工旅游
定期体检",安徽华源达科技有限公司,民营  |  少于50人,汽车零配件,合肥,,,,6000-8000,6000,8000
现场施工管理员,1.2-1.5万,张家港,3-4年,大专,"管理
施工进度
计算工程量
节日福利
定期体检
包午晚餐",张家港万蓬木业有限公司,民营  |  500-1000人,建筑/建材/工程,张家,,,,12000-15000,12000,15000
招聘配置管理,7-8千·13薪,无锡,5-7年,大专,"五险一金
餐饮补贴
交通补贴
带薪年假
节日福利
定期体检
员工旅游
年终奖金
绩效奖金
周末双休",大和宝业（江苏）物业管理有限公司,合资  |  少于50人,物业管理/商业中心,无锡,13,,,7000-8000,7000,8000
仓库管理员,4.5-6千,汕头,1年,中技/中专,"五险一金
专业培训
补充公积金
交通补贴
绩效奖金
年终奖金
定期体检
餐饮补贴
对账
储备干部
物流仓储
复核
保管
盘点
仓库管理
物资拣选
核对数据
入库",广东省人才市场有限公司深圳分公司,民营  |  1000-5000人,专业服务(咨询、人力资源、财会),汕头,,,,4500-6000,4500,6000
仓库管理员,6-7千·13薪,苏州·高新区,2年,中技/中专,"包吃
专业培训
绩效奖金
全勤奖
五险一金
年终奖金
节日福利
高温补贴
仓库
电脑软件
仓储管理
仓库管理系统
5s管理",苏州东吴餐饮管理有限公司,民营  |  1000-5000人,餐饮业,苏州,13,,,6000-7000,6000,7000
现场施工管理员,1.2-1.5万,张家港,3-4年,大专,"管理
施工进度
计算工程量
节日福利
定期体检
包午晚餐",张家港万蓬木业有限公司,民营  |  500-1000人,建筑/建材/工程,张家,,,,12000-15000,12000,15000
仓库管理员,5-6千,杭州·钱塘区,2年,高中,"住房补贴
五险
绩效奖金
餐饮补贴
出入库
对账
配货
五金仓库",杭州铂铯机械有限公司,民营  |  少于50人,机械/设备/重工,杭州,,,,5000-6000,5000,6000
市场专员（品牌大厂+储备管理）,8千-1.5万,广州·天河区,1年,大专,"五险一金
餐饮补贴
定期体检
出国机会
绩效奖金
年终奖金
员工旅游
专业培训",浙江新通留学有限公司广东分公司,民营  |  1000-5000人,教育/培训/院校,广州,,,,8000-15000,8000,15000
客服主管/专员/保费续期管理,0.8-1万,成都·天府新区,2年,大专,"员工旅游
出国机会
专业培训
弹性工作
绩效奖金
年终奖金
五险一金
周末双休
带薪年假
续保
客服
客服专员
销售
售后服务
电话客服
文员
售后",中国平安人寿保险股份有限公司四川分公司,已上市  |  10000人以上,保险,成都,,,,08000-10000,08000,10000
现场施工管理员,1.2-1.5万,张家港,3-4年,大专,"管理
施工进度
计算工程量
节日福利
定期体检
包午晚餐",张家港万蓬木业有限公司,民营  |  500-1000人,建筑/建材/工程,张家,,,,12000-15000,12000,15000
现场管理工程师,5-8千,东莞·南城区,2年,大专,"补充医疗保险
弹性工作
年终奖金
绩效奖金
五险一金",广东东极环保科技有限公司,民营  |  少于50人,环保,东莞,,,,5000-8000,5000,8000
仓库管理员,4-5千,上海·普陀区,2年,中技/中专,"做五休二
周末双休
带薪年假
五险一金
专业培训
加班补贴
绩效奖金
仓管员
仓库管理员
仓管
仓储",国药集团上海医疗器械有限公司,国企  |  150-500人,医疗设备/器械,上海,,,,4000-5000,4000,5000
现场施工管理员,1.2-1.5万,张家港,3-4年,大专,"管理
施工进度
计算工程量
节日福利
定期体检
包午晚餐",张家港万蓬木业有限公司,民营  |  500-1000人,建筑/建材/工程,张家,,,,12000-15000,12000,15000
仓库管理员,4-6千,南京·江北新区,1年,中技/中专,"五险一金
员工旅游
餐饮补贴
交通补贴
年终奖金
绩效奖金
出入库",南京安淮创新药物研究院有限公司,民营  |  少于50人,制药/生物工程,南京,,,,4000-6000,4000,6000
仓库管理员,5-7千,上海·金山区,2年,初中及以下,"五险一金
绩效奖金
节日福利
专业培训
年底奖金
仓库管理",上海新帆实业有限公司,民营  |  150-500人,机械/设备/重工,上海,,,,5000-7000,5000,7000
电力施工现场管理,6-8千,西安·碑林区,3-4年,大专,"现场管理
项目经理
资质
施工管理
资质专员
施工员
施工
社会保险
周末双休
年终奖金
专业培训
包住
法定假日",陕西瑞斯坦电气有限公司,民营  |  少于50人,电气/电力/水利,西安,,,,6000-8000,6000,8000
仓储管理员,5.5-6.5千,上海·松江区,无需经验,中技/中专,"做五休二
五险一金
周末双休
弹性工作
带薪年假
免费班车
全勤奖
绩效奖金",将来网（上海）电子商务有限公司,民营  |  50-150人,互联网/电子商务,上海,,,,5500-6500,5500,6500
财务主任管理师,9千-1.2万·13薪,滁州,3-4年,本科,"财务
会计
成本会计
五险一金
免费班车
年终奖金
专业培训
餐饮补贴
定期体检
绩效奖金
年底双薪
免费住宿",滁州惠科光电科技有限公司,民营  |  1000-5000人,电子技术/半导体/集成电路,滁州,13,,,9000-12000,9000,12000
消防安全管理员,4-6千,中山·南区,1年,中技/中专,"消防安全
年终奖金
餐饮补贴
通讯补贴
专业培训
员工旅游
绩效奖金
年终双薪
五险一金",广东漆加化工集团有限公司,民营  |  150-500人,石油/化工/矿产/地质,中山,,,,4000-6000,4000,6000
仓库管理员,4.5-6.5千,宁波·海曙区,1年,中技/中专,"员工旅游
节日福利
专业培训
社保
绩效奖金
工作环境优",宁波家晟伟业科技有限公司,民营  ,电子技术/半导体/集成电路,宁波,,,,4500-6500,4500,6500
高薪诚聘健康管理师（双休五险一金）,4-8千,济南,1年,大专,"五险一金
员工旅游
绩效奖金
年终奖金
交通补贴
专业培训",江苏智慧道健康科技发展有限公司,民营  |  50-150人,制药/生物工程,济南,,,,4000-8000,4000,8000
财务主任管理师,9千-1.2万·13薪,滁州,3-4年,本科,"财务
会计
成本会计
五险一金
免费班车
年终奖金
专业培训
餐饮补贴
定期体检
绩效奖金
年底双薪
免费住宿",滁州惠科光电科技有限公司,民营  |  1000-5000人,电子技术/半导体/集成电路,滁州,13,,,9000-12000,9000,12000
服装商品管理8000元,8千-1.2万,昆明·官渡区,2年,初中及以下,"月休四天
年终分红
入股当老板
数据分析
服装
电商",昆明市官渡区解药服装经营部,民营  |  150-500人,服装/纺织/皮革,昆明,,,,8000-12000,8000,12000
资金管理岗位,6-8千,成都·青羊区,2年,本科,"周末双休
餐饮补贴
国有企业
五险一金
定期体检
专业培训",成都中兵贸易有限公司,国企  |  少于50人,贸易/进出口,成都,,,,6000-8000,6000,8000
仓库管理 Store Keeper - 南宁万象城,6-7千,南宁,2年,高中,"带薪年假
五险一金
餐饮补贴
节日福利
绩效奖金
仓库管理
奢侈品
零售
库房管理",多喜佳伴纳服饰商业（上海）有限公司,外资（欧美）  |  500-1000人,奢侈品/收藏品/工艺品/珠宝,南宁,,,,6000-7000,6000,7000
标准化管理工程师,4-7千·14薪,珠海,1年,本科,"项目管理
文案撰写
ir
eco
行标
标准化流程
标准化管理
技术标准
企标
ED
五险一金
员工旅游
绩效奖金
年终奖金
股票期权
餐饮补贴
假期福利
专业培训",广东纳睿雷达科技股份有限公司,民营  |  150-500人,电子技术/半导体/集成电路,珠海,14,,,4000-7000,4000,7000
污水管理员,4-6千,重庆·永川区,3-4年,大专,五险一金,重庆星星冷链科技有限公司,民营  |  500-1000人,家具/家电/玩具/礼品,重庆,,,,4000-6000,4000,6000
仓库管理员,4-4.5千,武汉·新洲区,1年,大专,"带薪年假
高温补贴
五险
双休
包工作餐
年终奖金
库存管理
盘点
出入库
核对数据",北京长江脉医药科技有限责任公司,民营  |  50-150人,医疗/护理/卫生,武汉,,,,4000-4500,4000,4500
辅料质检管理员,5-6千,杭州·滨江区,2年,高中,"质量检验
五险一金
员工旅游
交通补贴
餐饮补贴
专业培训
绩效奖金
年终奖金",浙江羊绒世家服饰股份有限公司,民营  |  500-1000人,服装/纺织/皮革,杭州,,,,5000-6000,5000,6000
资金管理岗（房地产开发）,1-2万,东莞·凤岗镇,5-7年,本科,"房地产
金融
按揭
融资
资金计划
资金管理
融资方案
银行贷款
带薪年假
免费班车
定期体检
年终奖金
五险一金
双休
提供吃住",东莞凤岗嘉辉塑胶五金有限公司,已上市  |  1000-5000人,办公用品及设备,东莞,,,,10000-20000,10000,20000
投资公司及下属企业管培生-工程专业-综合管理员,6-8千,成都·锦江区,无需经验,本科,"造价
专业培训
五险一金
年终奖金",四川宽窄印务有限责任公司,国企  |  150-500人,印刷/包装/造纸,成都,,,,6000-8000,6000,8000
药剂生产管理,1-2万,宜春,5-7年,本科,"五险一金
定期体检",江西同和药业股份有限公司,已上市  |  1000-5000人,制药/生物工程,宜春,,,,10000-20000,10000,20000
能源管理系统工程师,1.5-2万,深圳·罗湖区,3-4年,本科,"能源管理系统
做五休二
通讯补贴
绩效奖金
周末双休
专业培训
五险一金
节日福利",深圳市中装建设集团股份有限公司,已上市  |  500-1000人,家居/室内设计/装潢,深圳,,,,15000-20000,15000,20000
实验室采购管理高级专员,8千-1.1万,深圳·龙华区,2年,本科,"生物
医药
实验室
检测
试剂
耗材
基因检测
全流程
五险一金
餐饮补贴
弹性工作
年终奖金
专业培训
绩效奖金",深圳雅济科技有限公司,民营  |  150-500人,制药/生物工程,深圳,,,,8000-11000,8000,11000
物流信息规划管理岗,1-2万,株洲·天元区,5-7年,本科,"五险一金
周末双休
免费班车
专业培训
员工旅游",湖南智点智能新能源汽车有限公司,民营  |  500-1000人,汽车,株洲,,,,10000-20000,10000,20000
资料管理员,4.5-6千·13薪,成都·武侯区,1年,本科,"文职
五险一金
补充医疗保险
补充公积金
员工旅游
定期体检
交通补贴
弹性工作
年终奖金",四川衡钰龙兴科技有限公司,民营  |  少于50人,新能源,成都,13,,,4500-6000,4500,6000
项目仓库管理员,6-8千,上海·青浦区,3-4年,高中,包住宿,上海吉富绅置业集团有限公司,民营  |  150-500人,建筑/建材/工程,上海,,,,6000-8000,6000,8000
品质经理（管理者代表）,8千-1.2万,广州·黄埔区,3-4年,大专,"质量管理
五险一金
员工旅游
餐饮补贴
绩效奖金
年终奖金
专业培训
定期体检",广州锐嘉工业股份有限公司,民营  |  150-500人,机械/设备/重工,广州,,,,8000-12000,8000,12000
工程项目管理,6千-1万,合肥·蜀山区,1年,大专,"工程监理
工程
监理
装修
门类企业
管理
项目
销售
五险一金
弹性工作
出国机会
年终奖金
绩效奖金
周末双休
交通补贴
专业培训
定期体检
员工旅游",安徽英诺维特建材科技有限公司,民营  |  少于50人,建筑/建材/工程,合肥,,,,6000-10000,6000,10000
仓库管理员,5.5-7千·13薪,苏州·工业园区,2年,大专,"五险一金
专业培训
绩效奖金
年终奖金
员工旅游
股票期权
年底双薪",苏州高凯精密技术有限公司,民营  |  少于50人,仪器仪表/工业自动化,苏州,13,,,5500-7000,5500,7000
仓库管理员,3-4千,广州·花都区,1年,中技/中专,"物流
仓库
理货员
管理员",广州信尔电子科技有限公司,民营  |  少于50人,电子技术/半导体/集成电路,广州,,,,3000-4000,3000,4000
用户运营（初级管理岗）,8千-1万,上海·杨浦区,1年,本科,"用户运营
运营策略
运营数据
sop制定
运营方案
社群运营
活动策划
数据整理分析
数据收集分析
优化产品
专业培训
五险一金
弹性工作
定期体检
年终奖金
餐饮补贴",上海茵朗信息科技有限公司,已上市  |  150-500人,互联网/电子商务,上海,,,,8000-10000,8000,10000
仓库管理员（驻点横州）,3-4.5千,南宁·横县,1年,大专,"五险一金
餐饮补贴
通讯补贴
交通补贴
专业培训
年终奖金
定期体检",南宁威耀集采集配供应链管理有限公司,民营  |  50-150人,交通/运输/物流,南宁,,,,3000-4500,3000,4500
资产管理经理,1.3-2万·15薪,上海·浦东新区,5-7年,本科,"资管
做五休二
高温补贴
带薪年假
节日福利
补充医疗保险
补充公积金
通讯补贴
绩效奖金
定期体检
餐饮补贴",湘信融资租赁有限公司,国企  |  50-150人,金融/投资/证券,上海,15,,,13000-20000,13000,20000
系统-项目管理,3-6千,清远·清新区,2年,大专,"项目管理
五险一金
专业培训
入职体检报销
中餐包吃
生日礼物",诚展（清远）鞋业有限公司,外资（非欧美）  |  1000-5000人,服装/纺织/皮革,清远,,,,3000-6000,3000,6000
仓库管理员,6-8千·13薪,上海,3-4年,大专,"五险一金
员工旅游
交通补贴
餐饮补贴
定期体检
绩效奖金
年终奖金
弹性工作
统计库存",上海立科药物化学有限公司,民营  |  50-150人,石油/化工/矿产/地质,上海,13,,,6000-8000,6000,8000
仓库管理员,5-6千,温州·瑞安市,2年,高中,"年终奖金
全勤奖
包住
五险一金
仓库管理员
仓管
仓库管理",浙江铭泰五金有限公司,民营  |  150-500人,汽车零配件,温州,,,,5000-6000,5000,6000
客服代表/资料管理员（2名）,4-6千,东莞·东城区,1年,大专,"资料员
五险一金
员工旅游
专业培训
定期体检",东莞市华誉工程技术有限公司,民营  |  少于50人,建筑/建材/工程,东莞,,,,4000-6000,4000,6000
仓库管理员（天健）,4.8-6千,惠州·仲恺区,1年,高中,仓库文员,天健精密模具注塑（惠州）有限公司,合资  |  500-1000人,家具/家电/玩具/礼品,惠州,,,,4800-6000,4800,6000
仓库管理员（双休）,4-5千,宁波·高新区,1年,高中,"五险一金
餐饮补贴
员工旅游
定期体检
做五休二
带薪年假
仓管
仓库管理员",宁波法里奥光学科技发展有限公司,民营  |  150-500人,仪器仪表/工业自动化,宁波,,,,4000-5000,4000,5000
现场管理员(调度）,8.5千-1.3万,太仓,无需经验,本科,"带薪年假
五险一金
绩效奖金
节日福利
专业培训
交通补贴
加班补贴
住房补贴
通讯补贴
高温补贴
现场管理
调度
码头
中控
堆场",海通（太仓）汽车码头有限公司,合资  |  少于50人,交通/运输/物流,太仓,,,,8500-13000,8500,13000
仓库管理员,5-8千,杭州·拱墅区,3-4年,中技/中专,"员工旅游
年终奖金
餐饮补贴
缴纳五险
出国机会",杭州畅阳科技有限公司,民营  |  50-150人,批发/零售,杭州,,,,5000-8000,5000,8000
仓库管理员,3.5-4.5千,银川,3-4年,中技/中专,"五险一金
周末双休
节日福利
交通补贴
采暖补贴
免费班车
库管
开叉车
erp
sap",科德数控股份有限公司,已上市  |  500-1000人,医疗设备/器械,银川,,,,3500-4500,3500,4500
研发项目管理工程师,1.5-2.5万,深圳·宝安区,5-7年,本科,"电源
项目
电子
五险一金
员工旅游
交通补贴
餐饮补贴
出国机会
年终奖金
弹性工作
定期体检
节假日福利",耐比特电子技术（深圳）有限公司,外资（欧美）  |  1000-5000人,电子技术/半导体/集成电路,深圳,,,,15000-25000,15000,25000
健康管理师,5-8千,上海·黄浦区,3-4年,大专,"销售
评估测试
健康管理服务
上量维护
康复指导
解决方案
介绍分析
五险一金
专业培训
绩效奖金
做五休二
周末双休
带薪年假
节日福利",贝泰福医疗科技成都有限公司,外资（欧美）  |  50-150人,医疗设备/器械,上海,,,,5000-8000,5000,8000
项目管理岗,8千-1.2万·13薪,上海·嘉定区,3-4年,本科,"项目管理
项目工程师
五险一金
年终奖金
弹性工作
绩效奖金",上海轨道交通检测认证（集团）有限公司,合资  |  150-500人,检测，认证,上海,13,,,8000-12000,8000,12000
亚马逊/eBay店铺管理员,4-6千,广州·白云区,1年,本科,"英语
跨境电商
跨境电商客服
平台政策
客服专员
邮件沟通
五险一金
专业培训
绩效奖金
定期体检
年终奖金
补充医疗保险",小蝌蚪众创电商科技（广州）有限公司,民营  |  500-1000人,互联网/电子商务,广州,,,,4000-6000,4000,6000
日语翻译/品质管理,8-9千·14薪,深圳·宝安区,2年,大专,"日语翻译
五险一金
免费班车
交通补贴
餐饮补贴
通讯补贴
年终奖金
绩效奖金
弹性工作
定期体检
员工旅游",深圳市昕沃健康电器有限公司,民营  |  150-500人,家具/家电/玩具/礼品,深圳,14,,,8000-9000,8000,9000
固定资产管理员,6-8千·13薪,成都·郫都区,1年,本科,"固定资产管理
机械
五险一金
免费班车
绩效奖金
年终奖金
专业培训
免费员工餐
定期体检
员工旅游
生日福利",恒瑞医药-成都盛迪医药有限公司,已上市  |  500-1000人,制药/生物工程,成都,13,,,6000-8000,6000,8000
客服CP管理师,5-8千,苏州·工业园区,无需经验,本科,"五险一金
免费班车
员工旅游
绩效奖金
年终奖金
客服",矽品科技（苏州）有限公司,外资（非欧美）  |  1000-5000人,电子技术/半导体/集成电路,苏州,,,,5000-8000,5000,8000
工程、节能运行管理,6-8千,北京·朝阳区,3-4年,大专,"五险一金
定期体检
暖通
水暖
水力
节能
能源
工程项目
环保
能耗
热能",北京市朝阳区房屋管理局供暖中心,事业单位  ,政府/公共事业,北京,,,,6000-8000,6000,8000
仓库管理员（ERP操作员）,5-7千·13薪,上海,3-4年,大专,"五险一金
免费班车
补充公积金
交通补贴
定期体检
做五休二",上海玻璃钢研究院有限公司,民营  |  150-500人,建筑/建材/工程,上海,13,,,5000-7000,5000,7000
网络管理员,5.5-7千,常州·新北区,2年,大专,"五险一金
专业培训
年终奖金
绩效奖金
定期体检
餐饮补贴
员工宿舍",江苏省农用激素工程技术研究中心有限公司,合资  |  150-500人,石油/化工/矿产/地质,常州,,,,5500-7000,5500,7000
业务管理师,6-8千,苏州·工业园区,1年,本科,"餐饮补贴
绩效奖金
年终奖金
定期体检
业务
销售
客户管理",佑仁电子科技（苏州）有限公司,外资（非欧美）  |  150-500人,计算机服务(系统、数据服务、维修),苏州,,,,6000-8000,6000,8000
工程机械技术管理,5千-1万,滁州,10年以上,大专,"工作餐
节日礼品
周六休一
五险",滁州恒昌机械装备制造有限公司,民营  |  150-500人,机械/设备/重工,滁州,,,,5000-10000,5000,10000
数控加工与管理,7.5千-1.2万·13薪,上海·松江区,1年,大专,"质量检验
质量控制
质检
品管
质量管理
数控
CNC
数控编程
加工中心
数控车床
弹性工作
周末双休
带薪年假
节日福利
交通补贴
餐饮补贴
高温补贴
年终奖金
定期体检
专业培训",上海卓旺国际贸易有限公司,民营  |  50-150人,机械/设备/重工,上海,13,,,7500-12000,7500,12000
工程管理（***高校学生优先）,1.5-2万,杭州·余杭区,2年,本科,"工程监理
监理
工程
五险一金
年终奖金
绩效奖金
专业培训
定期体检
员工旅游",浙江晶立捷环境科技有限公司,民营  |  少于50人,环保,杭州,,,,15000-20000,15000,20000
行政管理,5-6千,上海·黄浦区,2年,大专,"办公室
后勤
接待
带薪年假
绩效奖金
节日福利
做五休二
周末双休
高温补贴",上海长江企业发展合作公司,国企  |  150-500人,文字媒体/出版,上海,,,,5000-6000,5000,6000
生产主管（生产经理/生产管理/厂长/车间主任）,1-1.5万,佛山,5-7年,大专,"生产主管
生产经理
生产管理
车间主任
车间主管
车间经理
厂长
包住宿
包吃
节日福利
五险
年终奖金
绩效奖金
专业培训
员工旅游",佛山市三锦照明有限公司,民营  |  150-500人,电子技术/半导体/集成电路,佛山,,,,10000-15000,10000,15000
仓库管理员,4-5千,广州·花都区,1年,中技/中专,"包吃
节日福利
计算机
仓库管理
数据录入
货物验收
仓库区域规划",广州朗天新能源科技有限公司,民营  |  50-150人,机械/设备/重工,广州,,,,4000-5000,4000,5000
企业文化/员工关系/工会管理,4-6千,邵阳,3-4年,大专,"汉语言文学
品牌策划
新闻学
传播学
企业宣传
宣传运营
企业文化提炼
广告学
机电
五险一金
年终奖金
交通补贴
餐饮补贴
通讯补贴",湖南德沃普电气股份有限公司,民营  |  150-500人,电气/电力/水利,邵阳,,,,4000-6000,4000,6000
车间管理+品控,8千-1万,上海·浦东新区,3-4年,中技/中专,五险一金,上海辰心食品有限公司,民营  |  50-150人,快速消费品(食品、饮料、化妆品),上海,,,,8000-10000,8000,10000
仓库管理员,4-6千·14薪,成都·双流区,无需经验,中技/中专,"五险一金
补充医疗保险
补充公积金
交通补贴
餐饮补贴
绩效奖金
年终奖金
定期体检
一对一帮传带
股权激励",SMC（中国）有限公司,外资（非欧美）  |  5000-10000人,机械/设备/重工,成都,14,,,4000-6000,4000,6000
