公司名称,职位名称,薪酬,城市地区,经验要求,学历要求,公司名称.1,规模类型,公司标签,地区,薪酬_n,月薪最小值,月薪最大值
辽宁格林希尔医疗科技有限公司,财务会计,3-5千,本溪,3-4年,大专,"会计
财务
出纳
审计
税务
社保
五险一金
交通补贴
餐饮补贴
绩效奖金
弹性工作
定期体检
年终奖金",民营  |  50-150人,医疗设备/器械,本溪,3000-5000,3000,5000
邵阳市舒康美家具有限公司,结算会计（地点：桂阳县）,4-6千,郴州,2年,大专,"工资结算
产量提成奖励
五险一金
员工旅游
专业培训
绩效奖金
年终奖金",合资  |  150-500人,家具/家电/玩具/礼品,郴州,4000-6000,4000,6000
广州市途喜国际旅行社有限公司,会计专员,4-6千,广州・海珠区,1年,大专,"会计
带薪年假
五险一金
全勤奖
节日福利
绩效奖金
专业培训
员工旅游
周末双休",民营  |  50-150人,酒店/旅游,广州,4000-6000,4000,6000
广东臻善律师事务所,税务会计,7千-1万,东莞・南城区,3-4年,本科,"税务
五险一金
绩效奖金
交通补贴
朝九晚六
带薪年假
节日福利
晋升空间
定期培训
双休",民营  |  150-500人,法律,东莞,7000-10000,7000,10000
武汉顶耀贸易有限公司,税务会计,6.5-7千,武汉・~口区,3-4年,本科,"财务
会计报表
绩效奖金
员工旅游
五险",民营  |  500-1000人,服装/纺织/皮革,武汉,6500-7000,6500,7000
广州卡歌堡贸易有限公司,Accounting Officer/会计,9千-1.1万,广州,5-7年,大专,"会计
财务
Ａccounting
做五休二
社保",外资（欧美）  |  少于50人,贸易/进出口,广州,9000-11000,9000,11000
东莞极飞无人机科技有限公司,全盘会计成本会计,8-9千・13薪,东莞・大岭山镇,3-4年,大专,"包食宿
五险一金
大小周工作制
绩效奖金
年终奖金
餐饮补贴
住房补贴
员工旅游",民营  |  500-1000人,电子技术/半导体/集成电路,东莞,8000-9000,8000,9000
南京嘉能食品有限公司,应收会计,4.5-6千,南京・雨花台区,2年,大专,"会计
出纳员
财务出纳
绩效奖金
节日福利
五险一金
高温补贴
通讯补贴
交通补贴
餐饮补贴",民营  |  50-150人,快速消费品(食品、饮料、化妆品),南京,4500-6000,4500,6000
西安晶捷电子技术有限公司,会计助理,3-6千,西安・高新技术产业开发区,1年,大专,"年终奖金
绩效奖金
员工旅游
五险一金
加班补贴
全勤奖
节日福利
带薪年假",民营  |  150-500人,电子技术/半导体/集成电路,西安,3000-6000,3000,6000
江门泽珩数码科技有限公司,财务会计/主管,6-9千,江门・新会区,3-4年,本科,"会计
五险一金
节日福利",民营  |  150-500人,贸易/进出口,江门,6000-9000,6000,9000
凯联医疗科技（上海）有限公司,财务会计,6-9千・13薪,上海・浦东新区,1年,大专,"会计
五险一金
餐饮补贴
定期体检
弹性工作",合资  |  50-150人,医疗设备/器械,上海,6000-9000,6000,9000
江西赣诚实业有限公司,会计（上饶上班）,6-8千,上饶,2年,大专,"会计
财务报表
税务
建筑业
会计证
财务预算
会计报表
财务
审核
会计法规
包吃住",民营  |  50-150人,建筑/建材/工程,上饶,6000-8000,6000,8000
山东金帝精密机械科技股份有限公司,融资会计,4.5-8千,聊城,2年,大专,"免费班车
员工旅游
专业培训
通讯补贴
餐饮补贴
提供住宿
五险一金",民营  |  1000-5000人,机械/设备/重工,聊城,4500-8000,4500,8000
上海延中饮料有限公司,成本会计,1-1.5万,上海・宝山区,1年,本科,"成本分析
五险一金
绩效奖金
全勤奖",民营  |  150-500人,快速消费品(食品、饮料、化妆品),上海,10000-15000,10000,15000
信联智翊科技（苏州）有限公司,财务主办会计,8千-1.2万,苏州・吴江区,3-4年,大专,"会计
财务
财务管理
总账会计
财务主管
主办会计
带薪年假
包吃
包住宿
绩效奖金
全勤奖
节日福利
五险
生日福利",民营  |  50-150人,原材料和加工,苏州,8000-12000,8000,12000
佛山市五仁餐饮管理有限公司,会计,4-5千,佛山,2年,本科,"会计
全盘账务
员工旅游
绩效奖金
年终奖金
餐饮补贴
社保齐全
带薪年假
晋升空间大
专业培训",民营  |  1000-5000人,餐饮业,佛山,4000-5000,4000,5000
成都远大商业管理有限公司,管理会计专员,6-7千,成都・高新区,2年,本科,"预算
费用报销
资产管理
报销
税务
五险一金
餐饮补贴
年终奖金
定期体检
专业培训",民营  |  500-1000人,物业管理/商业中心,成都,6000-7000,6000,7000
深圳市衡亿安科技有限公司,全盘会计,8千-1万,深圳・龙华区,3-4年,本科,"财务
会计
金蝶
财务软件
五险一金
专业培训
提供住宿
提供吃",民营  |  500-1000人,仪器仪表/工业自动化,深圳,8000-10000,8000,10000
云鲸智能（深圳）有限公司,海外核算会计/高级会计,1.4-2.5万・14薪,深圳,3-4年,本科,"核算会计
审计
中级会计
五险一金
定期体检
年终奖金
机器人独角兽
发展空间大",民营  |  1000-5000人,电子技术/半导体/集成电路,深圳,14000-25000,14000,25000
大连理工大学宁波研究院,财务会计岗,12-22万/年,宁波・江北区,2年,本科,"五险一金
员工旅游
餐饮补贴
通讯补贴
绩效奖金
年终奖金
定期体检
带薪休假
员工食堂
租房补贴",事业单位  |  150-500人,学术/科研,宁波,nan,,
云南正源睿德工程机械有限公司,财务会计,5-6千,昆明,3-4年,本科,"三一重机
会计",民营  |  150-500人,机械/设备/重工,昆明,5000-6000,5000,6000
上海松佰牙科器械有限公司,资深资金会计,1-1.7万,上海・杨浦区,3-4年,本科,"专业培训
五险一金
员工旅游
通讯补贴
弹性工作
年终奖金
定期体检",民营  |  1000-5000人,医疗设备/器械,上海,10000-17000,10000,17000
南京霍普斯科技有限公司,管理会计,8千-1.5万・16薪,南京,3-4年,本科,"员工旅游
交通补贴
餐饮补贴
通讯补贴
年终奖金
股票期权
定期体检
六险一金",民营  |  150-500人,仪器仪表/工业自动化,南京,8000-15000,8000,15000
纳思达股份有限公司,会计专员（外销）-财务中心,6-8千・13薪,珠海・香洲区,3-4年,本科,"五险一金
专业培训
绩效奖金
年终奖金
定期体检
餐饮补贴",已上市  |  10000人以上,办公用品及设备,珠海,6000-8000,6000,8000
欧美化工（惠州）有限公司,会计,5千-1万,惠州,1年,中技/中专,五险一金,外资（非欧美）  |  50-150人,石油/化工/矿产/地质,惠州,5000-10000,5000,10000
杭州联发管业科技有限公司,主办会计,8千-1万,杭州・余杭区,5-7年,大专,"包吃
包住宿
节日福利
全勤奖
绩效奖金
加班补贴
通讯补贴",民营  |  50-150人,原材料和加工,杭州,8000-10000,8000,10000
河北中美经贸有限公司,会计,3-4.5千,石家庄,无需经验,大专,"财务
出纳
财务主管
会计助理
财务助理
会计主管
总账会计
税务
弹性工作
带薪年假
五险一金
年底双薪
加班补贴",民营  |  50-150人,家具/家电/玩具/礼品,石家,3000-4500,3000,4500
广南县凌垭原生铁皮石斛科技有限公司,会计,4-5千,文山,2年,大专,"会计
应收应付
税务管理
交通补贴
餐饮补贴
通讯补贴
绩效奖金
年终奖金
五险一金
补充医疗保险",民营  |  50-150人,农/林/牧/渔,文山,4000-5000,4000,5000
江苏华频电子科技有限公司,成本会计,6-9千,常州・武进区,2年,大专,"会计
成本核算
成本分析
用友u8
金蝶k3
存货盘点
供应链系统
五险一金
员工旅游
专业培训
年终奖金
定期体检
绩效奖金
弹性工作
餐饮补贴
通讯补贴
交通补贴",民营  |  150-500人,电子技术/半导体/集成电路,常州,6000-9000,6000,9000
四川易成祥教育咨询有限公司,财务/会计+周末双休+寒暑假,6千-1.2万,成都・郫都区,1年,大专,"五险一金
补充医疗保险
餐饮补贴
通讯补贴
年终奖金
绩效奖金
有薪寒暑假
定期体检
交通补贴",民营  ,专业服务(咨询、人力资源、财会),成都,6000-12000,6000,12000
长江源（武汉）半导体科技有限公司,会计,4-5千,荆州,3-4年,本科,会计,民营  ,电子技术/半导体/集成电路,荆州,4000-5000,4000,5000
广南县凌垭原生铁皮石斛科技有限公司,会计,4-5千,文山,2年,大专,"会计
应收应付
税务管理
交通补贴
餐饮补贴
通讯补贴
绩效奖金
年终奖金
五险一金
补充医疗保险",民营  |  50-150人,农/林/牧/渔,文山,4000-5000,4000,5000
深圳市业盛建机租赁有限公司,代招餐饮公司-会计,6-7千,深圳・南山区,1年,大专,"会计
餐饮
初级会计师
周末双休
交通补贴
绩效奖金
餐饮补贴
定期体检
五险一金",民营  |  150-500人,机械/设备/重工,深圳,6000-7000,6000,7000
特易行国际货运代理（深圳）有限公司上海分公司,会计主任,6.5-8千,厦门,5-7年,大专,"会计
财务
五险一金
年终奖金
餐饮补贴",外资（非欧美）  |  50-150人,交通/运输/物流,厦门,6500-8000,6500,8000
百特思企业服务（武汉）有限公司,会计,3-4.5千,武汉・江岸区,无需经验,大专,"财务
出纳
专业培训
通讯补贴
绩效奖金
年终奖金
员工旅游
交通补贴
周末双休
五险",民营  |  50-150人,会计/审计,武汉,3000-4500,3000,4500
东莞极飞无人机科技有限公司,会计助理,5-6.5千・13薪,东莞・大岭山镇,2年,大专,"行业领先企业
大小周工作制
包食宿
五险一金
餐饮补贴
年终奖金
绩效奖金
定期体检",民营  |  500-1000人,电子技术/半导体/集成电路,东莞,5000-6500,5000,6500
广州瑜然美化妆品有限公司,财务会计/财务专员/成本会计,5-7千,广州・白云区,1年,大专,"总账会计
财务
会计
会计专员
财务专员
成本会计
财务主管
财务助理
会计助理
带薪年假
绩效奖金
节日福利
加班补贴
专业培训
全勤奖
社保
年终奖金",民营  |  50-150人,快速消费品(食品、饮料、化妆品),广州,5000-7000,5000,7000
Raffles Medical 莱佛士医疗,应收会计AR Accountant,5-8千・13薪,南京・江宁区,2年,本科,"五险一金
定期体检
专业培训
年终奖金",外资（非欧美）  |  1000-5000人,医疗/护理/卫生,南京,5000-8000,5000,8000
深圳市美霖实业有限公司,财务会计专员,7-9千,深圳・福田区,1年,大专,"大小周制
五险一金
年终奖金
餐饮补贴",民营  |  50-150人,家具/家电/玩具/礼品,深圳,7000-9000,7000,9000
上海协信星光商业管理有限公司,会计,5-6千,重庆,3-4年,本科,"五险一金
交通补贴
餐饮补贴
专业培训
定期体检
弹性工作
年终奖金",民营  ,物业管理/商业中心,重庆,5000-6000,5000,6000
湖北聚能容器有限公司,会计,5千-1万・13薪,武汉,1年,本科,"会计
高温补贴
专业培训
节日福利
带薪年假
周末双休
通讯补贴
餐饮补贴",民营  |  50-150人,原材料和加工,武汉,5000-10000,5000,10000
奇轮文化（深圳）集团有限公司,会计助理,5-7千,深圳・福田区,2年,大专,"会计
数据统计
五险一金
绩效奖金",合资  |  50-150人,影视/媒体/艺术/文化传播,深圳,5000-7000,5000,7000
苏州凡特真空溅镀科技有限公司,总账会计,6-8千,苏州・高新区,2年,高中,"金蝶
财务软件
税务申报
报销
应收
应收应付
办公室软件
应付帐款
工商年检
银行账务处理
五险一金
年终奖金
弹性工作",外资（欧美）  ,计算机软件,苏州,6000-8000,6000,8000
克丽黛尔生物科技（杭州）有限公司,会计,6-7千,杭州・萧山区,2年,大专,"周末双休
全勤奖
节日福利
餐饮补贴",民营  |  50-150人,快速消费品(食品、饮料、化妆品),杭州,6000-7000,6000,7000
沈阳美素生物科技有限公司,财务会计,5千-1万,沈阳・浑南区,5-7年,大专,"会计
财务软件
财务报表
核算
总账
五险一金
专业培训
绩效奖金
年终奖金",民营  |  50-150人,制药/生物工程,沈阳,5000-10000,5000,10000
苏州康德运营管理有限公司,核算会计  餐饮,6-7千,苏州・相城区,3-4年,大专,"会计
审计
快消品
节日福利
高温补贴
专业培训
餐饮补贴
五险一金
年终奖金
定期体检",民营  |  500-1000人,餐饮业,苏州,6000-7000,6000,7000
湖北玉泉文化旅游开发有限公司,会计,3-6千,宜昌・当阳市,3-4年,大专,"五险一金
免费班车
专业培训
通讯补贴
年终奖金
定期体检
员工旅游
双休
企业年金
工龄奖",民营  |  50-150人,酒店/旅游,宜昌,3000-6000,3000,6000
广东福美鲜食品有限公司,会计/会计师,4-6千,广州,2年,大专,"年终奖金
交通补贴
餐饮补贴
生日福利",民营  |  50-150人,快速消费品(食品、饮料、化妆品),广州,4000-6000,4000,6000
深圳市中装建设集团股份有限公司,税务会计,8千-1.2万,深圳・罗湖区,3-4年,本科,"五险一金
绩效奖金
通讯补贴
周末双休
带薪年假
全勤奖
专业培训",已上市  |  500-1000人,家居/室内设计/装潢,深圳,8000-12000,8000,12000
华汉生物科技（上海）有限公司,会计,1-1.5万,上海・松江区,2年,本科,"数据分析
会计
财务分析
财务
中级职称
五险一金
餐饮补贴
节日福利
绩效奖金
周末双休",民营  |  50-150人,快速消费品(食品、饮料、化妆品),上海,10000-15000,10000,15000
泰咏电子（上海）有限公司,总账会计,9千-1.2万・13薪,上海,3-4年,本科,"sap
总账
财务报表
电子制造业
五险一金
年终奖金
工作餐
补充医疗保险
员工旅游
定期体检
包吃包住
专业培训",外资（非欧美）  |  500-1000人,电子技术/半导体/集成电路,上海,9000-12000,9000,12000
云南全能帮科技有限公司,会计,5-7.5千,昆明・五华区,2年,大专,"报表
税务
办公软件
会计
财务管理
会计凭证
账务核算
账务管理
财务法律法规
节假日休息
绩效奖金
年终奖金
五险
工龄工资
季度奖金
专业培训
弹性工作",民营  |  1000-5000人,交通/运输/物流,昆明,5000-7500,5000,7500
滁州恒昌机械装备制造有限公司,房产会计,4-6千,滁州,2年,大专,"工作餐
节日礼品
五险",民营  |  150-500人,机械/设备/重工,滁州,4000-6000,4000,6000
广州广尔数码供应链集团股份有限公司,总帐会计兼信息披露,7千-1万・13薪,广州・天河区,3-4年,本科,"总账会计
财务
公告披露
做五休二
周末双休
带薪年假
五险一金
绩效奖金
通讯补贴
节日福利
专业培训",已上市  |  150-500人,贸易/进出口,广州,7000-10000,7000,10000
贵州百宴记餐饮管理有限公司,会计,4.5-6千,贵阳,2年,大专,"财务
记账凭证
核算
财务核算
对比分析
成本费用
核算管理
登记总账
财务软件系统
财务审核
专业培训
定期体检
五险
包吃包住
绩效奖金",民营  |  50-150人,餐饮业,贵阳,4500-6000,4500,6000
太平养老保险股份有限公司,养老总部-财务会计部-保险业务收付费岗,8千-1.6万・17薪,上海・浦东新区,3-4年,本科,"五险一金
年终奖金
补充医疗保险
补充公积金
餐饮补贴
专业培训
定期体检",国企  |  1000-5000人,保险,上海,8000-16000,8000,16000
深圳市道尔智控科技股份有限公司,成本会计+五险一金+上市,6千-1万,深圳・龙华区,3-4年,大专,"会计
成本控制
成本核算
成本分析
成本管理
成本分析报表
成本支出
成本核算控制
评估成本方案
金蝶k3
五险一金
全勤奖
绩效奖金
节日福利
专业培训
年终奖金",已上市  |  150-500人,通信/电信/网络设备,深圳,6000-10000,6000,10000
珠海雅莎生物科技股份有限公司,成本会计,7-8千,珠海・金湾区,5-7年,大专,"往来账核对
计算成本
订单成本核算
车间生产管理
盘盈
周末双休
带薪年假
五险一金
节日福利
专业培训",民营  |  150-500人,医疗/护理/卫生,珠海,7000-8000,7000,8000
上海远阳投资发展有限公司,总帐会计,9千-1.5万,上海・静安区,5-7年,大专,"会计
总账
建筑
五险一金
餐饮补贴
定期体检
弹性工作",民营  |  150-500人,建筑/建材/工程,上海,9000-15000,9000,15000
中村精机（无锡）有限公司,成本会计,5.5-6.5千・13薪,无锡,2年,大专,"成本核算
成本管理
进销存
成本统计
督导成本控制
财务
成本会计
五险一金
专业培训
绩效奖金
年终奖金
节日福利
生日福利",民营  |  50-150人,机械/设备/重工,无锡,5500-6500,5500,6500
佑曙生命科技（上海）有限公司,总账会计,7-8千,上海・浦东新区,3-4年,大专,"总账
出纳
账务处理
费用支出
应付
纳税申报
五险一金
餐饮补贴
专业培训",民营  |  少于50人,制药/生物工程,上海,7000-8000,7000,8000
迪欧家具集团有限公司,应收会计,4-5千,江门・江海区,2年,大专,"办公软件
财务管理
账龄分析
发票审核
合同整理",民营  |  1000-5000人,家具/家电/玩具/礼品,江门,4000-5000,4000,5000
广东恒广投资有限公司,会计,6-8千,广州・白云区,3-4年,大专,五险一金,民营  |  50-150人,多元化业务集团公司,广州,6000-8000,6000,8000
上海岙瑟检测技术有限公司,会计,5-6.5千,上海・静安区,1年,大专,"财务
会计
财务文员
财务助理",民营  |  少于50人,医疗设备/器械,上海,5000-6500,5000,6500
上海荟泉实业有限公司,财务会计专员,6千-1万,上海・浦东新区,1年,高中,"财务
做五休二
周末双休
带薪年假
五险一金
免费班车
绩效奖金
节日福利
交通补贴
加班补贴
高温补贴",民营  |  少于50人,房地产,上海,6000-10000,6000,10000
湖北宝上电缆有限公司,财务会计,4-6千,宜昌,5-7年,大专,"记账凭证
报税
工商年报
审计报告
贷后资料
贷款资料
外部审计
财务会计
节日福利
全勤奖
五险一金
交通补贴",民营  |  150-500人,机械/设备/重工,宜昌,4000-6000,4000,6000
东莞市星辰互动电子科技有限公司,税务会计,8千-1万,东莞・凤岗镇,5-7年,大专,"包吃
包住宿
五险
带薪年假
绩效奖金
年终奖
工作环境优美
团队活动丰富
节日福利",民营  |  500-1000人,计算机软件,东莞,8000-10000,8000,10000
佛山市五仁餐饮管理有限公司,会计,4-5千,佛山,2年,本科,"会计
全盘账务
员工旅游
绩效奖金
年终奖金
餐饮补贴
社保齐全
带薪年假
晋升空间大
专业培训",民营  |  1000-5000人,餐饮业,佛山,4000-5000,4000,5000
江西百合投资有限责任公司,会计（百合顺福）,5-6千,南昌・青云谱区,5-7年,本科,"餐饮补贴
年终奖金
带薪年假
社保五险",民营  |  500-1000人,汽车,南昌,5000-6000,5000,6000
上海戎狄实业有限公司,主办会计,6-8千,上海・浦东新区,8-9年,大专,"会计
审计
五险一金
员工旅游
交通补贴
餐饮补贴
通讯补贴",民营  |  少于50人,原材料和加工,上海,6000-8000,6000,8000
南侨食品集团（上海）股份有限公司,应收应付会计,6-8千,上海・徐汇区,3-4年,大专,"会计
office
财务会计
连锁餐饮行业
五险一金
年终奖金",外资（非欧美）  |  1000-5000人,快速消费品(食品、饮料、化妆品),上海,6000-8000,6000,8000
浙江兆奕科技有限公司,成本会计（慈溪）,9千-1.2万・13薪,宁波・慈溪市,3-4年,大专,"五险一金
餐饮补贴
绩效奖金
年终奖金
专业培训
出国津贴",民营  |  1000-5000人,电子技术/半导体/集成电路,宁波,9000-12000,9000,12000
佛山市旗星金属科技有限公司,会计,5-7千,佛山・三水区,5-7年,大专,"会计
会计核算
会计报表
财务软件
会计资料收集
五险一金
包吃住",民营  ,电子技术/半导体/集成电路,佛山,5000-7000,5000,7000
广州皓钛医疗器械有限公司,应收应付会计,6-8千・13薪,广州・天河区,3-4年,大专,"五险一金
交通补贴
年终奖金
绩效奖金
员工旅游",民营  |  50-150人,医疗设备/器械,广州,6000-8000,6000,8000
安徽路特威智能机械工程有限公司,会计专员,3.5-4千,淮北,2年,大专,"成本控制
成本核算
成本分析
交通补贴
定期体检
绩效奖金
专业培训
餐饮补贴",民营  |  少于50人,机械/设备/重工,淮北,3500-4000,3500,4000
宁波晶美科技有限公司,成本会计,6-8千,宁波,3-4年,大专,"做五休二
节日福利
交通补贴
加班补贴
通讯补贴
高温补贴
包吃",民营  |  150-500人,汽车,宁波,6000-8000,6000,8000
宁波豪雅进出口集团有限公司,主办会计（子公司）,8千-1.3万・13薪,宁波・海曙区,3-4年,大专,"年终奖金
定期体检
五险一金
免费班车
交通补贴
季度福利",民营  |  1000-5000人,贸易/进出口,宁波,8000-13000,8000,13000
太仓创秋木业有限公司,会计,4-6千,苏州,2年,大专,"财务
会计
财务报表
全勤奖
包吃
五险
专业培训",民营  |  150-500人,建筑/建材/工程,苏州,4000-6000,4000,6000
上海亚翔国际货物运输代理有限公司,应收会计,4-6千,深圳・宝安区,1年,大专,"收款
单据
催收货款
往来会计
物流行业
记账凭证
收款收据
财务分析
五险一金",民营  |  50-150人,交通/运输/物流,深圳,4000-6000,4000,6000
广东吉荣集团有限公司,总账会计,6-8千・13薪,清远・清城区,2年,大专,"年终奖金
专业培训",民营  |  150-500人,机械/设备/重工,清远,6000-8000,6000,8000
苏州凯扬纸品科技有限公司,财务会计专员,4.5-6千,苏州・相城区,2年,大专,"财务，行政
五险一金
年终奖金
绩效奖金",民营  |  50-150人,印刷/包装/造纸,苏州,4500-6000,4500,6000
浙江银瑜新材料股份有限公司,会计,5-8千,宁波・镇海区,3-4年,大专,"节日福利
五险一金
餐饮补贴",民营  |  150-500人,服装/纺织/皮革,宁波,5000-8000,5000,8000
上海锦和商业经营管理股份有限公司,会计主管（物业）,1.2-1.4万・13薪,上海・徐汇区,3-4年,本科,"带薪年假
五险一金
绩效奖金
节日福利
餐饮补贴",已上市  |  150-500人,物业管理/商业中心,上海,12000-14000,12000,14000
南京工大数控科技有限公司,会计,5-7千,烟台・福山区,5-7年,本科,"财务
总账会计
五险一金
节日福利
高温补贴",民营  |  50-150人,机械/设备/重工,烟台,5000-7000,5000,7000
武汉中南工程机械设备有限责任公司,财务主管会计,5-8千・13薪,武汉,5-7年,大专,"总账
财务数据
财务报表分析
审核记账凭证
年度预算
五险一金
绩效奖金
交通补贴",民营  |  500-1000人,机械/设备/重工,武汉,5000-8000,5000,8000
无锡嘉润科技有限公司,派驻会计,5-8千・13薪,渭南,5-7年,大专,五险一金,民营  |  少于50人,石油/化工/矿产/地质,渭南,5000-8000,5000,8000
欧菲姿（广州）贸易有限公司,应收会计（双休）,5.5-6.5千,广州・白云区,1年,大专,"erp
会计
用友
订单审核
订货系统
销售订单
财务软件
金融
社保五险
绩效奖金
定期体检
产品福利
员工旅游",民营  |  500-1000人,快速消费品(食品、饮料、化妆品),广州,5500-6500,5500,6500
苏州丹氏智能科技有限公司,会计,6-8千・13薪,苏州・吴江区,1年,本科,"五险一金
年终奖金
节假日福利",外资（欧美）  |  150-500人,机械/设备/重工,苏州,6000-8000,6000,8000
北京财恒通财务顾问有限公司,会计,5-8千,北京・丰台区,1年,大专,"会计主管
总账会计
税务
会计
代理记账
代理记账会计
财务
五险一金
员工旅游
交通补贴
餐饮补贴
通讯补贴
专业培训
绩效奖金
年终奖金",民营  ,会计/审计,北京,5000-8000,5000,8000
东莞市展宏胶粘制品有限公司,会计,5-7千,东莞・厚街镇,2年,高中,"会计
财务",民营  |  少于50人,原材料和加工,东莞,5000-7000,5000,7000
长胜纺织科技发展（上海）有限公司,资深总账会计,1.5-2万・13薪,上海・闵行区,5-7年,本科,"五险一金
绩效奖金
专业培训
餐饮补贴
节日福利",外资（非欧美）  |  150-500人,服装/纺织/皮革,上海,15000-20000,15000,20000
上海一谦液压设备有限公司,成本会计,5-8千・14薪,常州・新北区,2年,大专,"会计
成本会计
五险一金
餐饮补贴
年终奖金
周末双休",民营  |  50-150人,机械/设备/重工,常州,5000-8000,5000,8000
浙江凯乐士科技集团股份有限公司,成本会计,10-15万/年,东莞・松山湖区,2年,大专,"成本核算
成本报表
生产成本核算
成本计算
成本变动
五险一金
餐饮补贴
通讯补贴
弹性工作
定期体检
年终奖金
专业培训",民营  |  1000-5000人,交通/运输/物流,东莞,nan,,
广东大家食品有限公司,会计助理,4.5-6千,肇庆・端州区,无需经验,本科,"社保
绩效奖金
年终奖金
通讯补贴
餐饮补贴
节日费
商业保险
带薪年假",民营  |  150-500人,农/林/牧/渔,肇庆,4500-6000,4500,6000
润合供应链集团有限公司,会计助理,4.5-5千,嘉兴・嘉善县,1年,大专,"开票
五险一金
年终奖金",民营  |  1000-5000人,贸易/进出口,嘉兴,4500-5000,4500,5000
上海顺扬投资咨询有限公司,会计,1-1.2万,上海・徐汇区,5-7年,本科,"会计
财务会计
总账会计
会计主管
主办会计
做五休二
带薪年假
节日福利
五险一金
周末双休",民营  |  少于50人,金融/投资/证券,上海,10000-12000,10000,12000
济南吉瑞生物技术有限公司,记账会计,5千-1万,济南・市中区,2年,大专,"五险一金
补充医疗保险
交通补贴
员工旅游
专业培训
绩效奖金
通讯补贴
年终奖金",民营  ,计算机软件,济南,5000-10000,5000,10000
长沙鹏泰电子科技有限公司,应收会计,3.5-4.5千,长沙・雨花区,1年,大专,"财务
会计
财务文员
财务助理
统计员
出纳
全勤奖
带薪年假
节日福利
五险
双休",民营  |  少于50人,计算机服务(系统、数据服务、维修),长沙,3500-4500,3500,4500
太平养老保险股份有限公司,财务会计部-报表管理岗,1.3-2.5万・18薪,上海・浦东新区,3-4年,本科,"审计
会计
五险一金
年终奖金
补充医疗保险
补充公积金
餐饮补贴
专业培训
定期体检",国企  |  1000-5000人,保险,上海,13000-25000,13000,25000
深圳市佳乐鑫科技有限公司,会计（电商方向）,6千-1万,深圳・光明区,3-4年,大专,"会计
电商
亚马逊
出口退税
全盘
总账
应收应付
工商变更
税务
资金管理
五险一金
餐饮补贴
交通补贴
年终奖金
绩效奖金
员工旅游
专业培训
弹性工作
出国机会
通讯补贴",民营  |  50-150人,计算机软件,深圳,6000-10000,6000,10000
上海裕诚化工有限公司,注册会计师,1-1.5万,上海・松江区,5-7年,本科,"对账
报税
外贸
化工
审计
五险一金
员工旅游
绩效奖金
定期体检",民营  |  少于50人,石油/化工/矿产/地质,上海,10000-15000,10000,15000
沈阳每利科技股份有限公司,会计,4-6千,沈阳・法库县,3-4年,大专,"五险一金
员工旅游
专业培训
出国机会
绩效奖金
年终奖金
股票期权
定期体检",民营  |  150-500人,计算机软件,沈阳,4000-6000,4000,6000
江苏幸福蓝海影院发展有限责任公司,核算会计（总部）,5.5-6.5千・14薪,南京・栖霞区,2年,本科,"五险一金
餐饮补贴
绩效奖金
年终奖金
员工旅游
免费班车
带薪年假
周末双休
节日福利
交通补贴",国企  |  1000-5000人,影视/媒体/艺术/文化传播,南京,5500-6500,5500,6500
肇庆南玻节能玻璃有限公司,财务会计,7-8.5千,肇庆,3-4年,本科,"财务
资金
销售会计
年终奖金
六险一金
提供住宿
提供食堂
定期体检
通讯补贴
带薪年假",合资  |  500-1000人,建筑/建材/工程,肇庆,7000-8500,7000,8500
浙江顶上智能家居股份有限公司,主办会计,6千-1万,嘉兴,2年,大专,"制造业
税务
凭证
核算
绩效奖金
五险一金
员工旅游
餐饮补贴
专业培训
年终奖金",民营  |  150-500人,建筑/建材/工程,嘉兴,6000-10000,6000,10000
英华利汽车模具系统(深圳)有限公司,应付会计,7-8千,深圳・宝安区,3-4年,大专,"应付会计
ERP
NAV
五险一金
包住
周末双休
节日福利
加班补贴
带薪年假",外资（欧美）  |  1000-5000人,汽车,深圳,7000-8000,7000,8000
广西柳州九坚投资有限公司,会计助理,5-8千・13薪,柳州・城中区,2年,大专,"会计
补充医疗保险
绩效奖金",民营  |  50-150人,石油/化工/矿产/地质,柳州,5000-8000,5000,8000
上海吉耐实业有限公司,财务会计专员,8千-1万,上海・闵行区,10年以上,本科,"财务
全盘账务
总账会计
编制报表
做五休二
周末双休
带薪年假
五险一金
餐饮补贴",外资（非欧美）  |  150-500人,汽车零配件,上海,8000-10000,8000,10000
广东华盛家具集团有限公司,税务会计,4-5千,中山・东升镇,1年,中技/中专,"财务
会计
会计报表
税务报表
记帐凭证
单据审核
保管发票
申请票据
绩效奖金
专业培训
定期体检
单休
节日福利
全勤奖
五险一金",民营  |  1000-5000人,家具/家电/玩具/礼品,中山,4000-5000,4000,5000
东莞市流行文化传播有限公司,会计,5-7千,东莞・莞城区,3-4年,大专,"全盘账
财务会计报表
账务处理
员工旅游
餐饮补贴
年终评奖
周末双休
交通补贴
加班调休
通讯补贴
下午茶
带薪年假
节日福利",民营  |  少于50人,影视/媒体/艺术/文化传播,东莞,5000-7000,5000,7000
上海繁枫真空科技有限公司,主办会计,4-8千,亳州,5-7年,大专,"会计
专业培训
包住宿
包吃
节日福利",合资  |  150-500人,机械/设备/重工,亳州,4000-8000,4000,8000
广东中天实业投资集团有限公司,集团：会计主管（城市更新）,9千-1.3万,东莞・南城区,5-7年,本科,"财务
会计主管
总账会计
五险一金
周末双休
家文化
职业发展通道
员工公寓宿舍
定期体检
节日福利
团队氛围好
中秋奖金
年终奖金",民营  |  1000-5000人,房地产,东莞,9000-13000,9000,13000
奥兰酒业（上海）有限公司,成本会计,8千-1.2万,上海・杨浦区,3-4年,本科,"会计
五险一金
专业培训
年终奖金",合资  |  150-500人,快速消费品(食品、饮料、化妆品),上海,8000-12000,8000,12000
四川锦源晟新能源科技有限公司,成本会计,5千-1万,眉山,3-4年,本科,"财务
成本
五险一金
交通补贴
年终奖金
餐饮补贴
通讯补贴
住房补贴",民营  |  500-1000人,新能源,眉山,5000-10000,5000,10000
上海繁枫真空科技有限公司,总账税务成本会计,7千-1万,亳州,8-9年,本科,"包住宿
包吃
节日福利
五险一金
周末双休",合资  |  150-500人,机械/设备/重工,亳州,7000-10000,7000,10000
陕西圣唐乳业有限公司,会计,3.5-4千,渭南,3-4年,大专,"会计
员工旅游
专业培训
交通补贴
员工社保",民营  |  150-500人,农/林/牧/渔,渭南,3500-4000,3500,4000
安徽天钧焊接技术有限公司,成本会计,5-6千・13薪,滁州,3-4年,大专,"会计
财务
会计主管
财务经理
会计师
入帐
审计
税务
五险一金
年终奖金
员工旅游
专业培训
定期体检
双休",民营  ,汽车零配件,滁州,5000-6000,5000,6000
上海天诚通信技术有限公司,主办会计,7-9千,上海・闵行区,3-4年,大专,"财务
会计
成本核算
纳税申报
全盘账务处理
工程公司",民营  |  500-1000人,计算机服务(系统、数据服务、维修),上海,7000-9000,7000,9000
广州蒸旺餐饮管理有限公司,会计,5-7千,广州・荔湾区,2年,大专,"会计
审计
餐饮
零售
带薪年假
专业培训
绩效奖金
年终奖金",民营  |  150-500人,餐饮业,广州,5000-7000,5000,7000
武汉合信源财务管理有限公司,财务会计（武昌）,4-5千,武汉・武昌区,3-4年,大专,"审计
会计
周末双休
带薪年假
五险一金
绩效奖金
全勤奖
节日福利
专业培训",民营  |  50-150人,会计/审计,武汉,4000-5000,4000,5000
重庆市巴南建设（集团）有限公司,房地产会计,6千-1万,重庆・南岸区,5-7年,本科,"财务
会计
五险
餐饮补贴
员工旅游",国企  |  150-500人,房地产,重庆,6000-10000,6000,10000
上海凡德汽车销售服务有限公司,会计,6-7千,上海・浦东新区,1年,大专,"会计
五险一金
带薪年假
周末双休
节日福利
员工旅游
定期体检
十五薪
加班补贴
工作餐",民营  |  150-500人,汽车,上海,6000-7000,6000,7000
绿城绿发生活服务集团有限公司,会计,6-8千,杭州・西湖区,1年,本科,"财务
会计助理
五险一金
通讯补贴
餐饮补贴
交通补贴
定期体检
员工旅游",民营  |  1000-5000人,物业管理/商业中心,杭州,6000-8000,6000,8000
重庆本熙建设有限公司,项目会计（驻场甘谷）,4-8千・13薪,天水,1年,大专,"财务
会计
结算
五险
节假日福利
年终奖金
通讯补贴
交通补贴
员工旅游
餐饮补贴",民营  |  50-150人,建筑/建材/工程,天水,4000-8000,4000,8000
Brunello Cucinelli,Accountant 财务会计,10-15万/年,上海・静安区,2年,本科,"会计
AP
AR
做五休二
带薪年假
五险一金
专业培训
年终奖金
补充医疗保险
定期体检
文化激励",外资（欧美）  |  1000-5000人,奢侈品/收藏品/工艺品/珠宝,上海,nan,,
辽宁同飞玺铭会计师事务所有限责任公司,会计,3-6千,沈阳・和平区,2年,大专,"财务
财务主管
会计助理
财务助理
会计主管",民营  |  50-150人,会计/审计,沈阳,3000-6000,3000,6000
上海复旦水务工程技术有限公司,会计,7-10万/年,宁波・余姚市,2年,大专,"会计
会计助理
五险一金
定期体检",国企  |  500-1000人,环保,宁波,nan,,
南昌卓盛实业有限公司,会计,5-7千,南昌・红谷滩新区,10年以上,本科,"会计
房地产
五险一金
年终奖金
周末双休
绩效奖金
员工餐",民营  |  少于50人,房地产,南昌,5000-7000,5000,7000
云南省久泰药业有限公司,开票会计,4-5千,昆明,2年,大专,"五险一金
职称补贴
工龄工资
生日福利
节日福利
员工宿舍",民营  |  1000-5000人,医疗/护理/卫生,昆明,4000-5000,4000,5000
德蒙（上海）压缩机械有限公司,会计专员,6-8千,嘉兴・平湖市,5-7年,大专,"财务
金蝶
纳税申报
核算
财务软件
财务档案保管
账务核对
账务处理
财务分析
五险一金
绩效奖金
年终奖金
定期体检
免费工作餐
高温补贴
加班补贴",合资  |  150-500人,机械/设备/重工,嘉兴,6000-8000,6000,8000
广东腾源蓄冷节能科技有限公司,主办会计,7.5-9千,东莞・东城区,5-7年,大专,"会计
财务主管
主办会计
餐饮补贴
年终奖金
社保
员工旅游
五险",民营  |  50-150人,建筑/建材/工程,东莞,7500-9000,7500,9000
上海福盛建设集团有限公司,总账会计,0.8-1万,上海・宝山区,8-9年,大专,"财务主管
会计主管
总账会计
做五休二
周末双休
五险一金
餐饮补贴
节日福利",民营  |  1000-5000人,建筑/建材/工程,上海,08000-10000,8000,10000
上海众凯教育信息咨询有限公司,MPAcc会计考研社群运营,8千-1.2万,上海・徐汇区,无需经验,本科,"审计硕士
会计助理
财务助理
五险一金
专业培训
员工旅游
绩效奖金",民营  |  50-150人,教育/培训/院校,上海,8000-12000,8000,12000
杭州骏跃科技有限公司,总账会计,9千-1.3万,杭州・余杭区,3-4年,大专,"会计
制造业
总账
五险一金
员工旅游
餐饮补贴
通讯补贴
年终奖金
定期体检
大小休",民营  |  150-500人,办公用品及设备,杭州,9000-13000,9000,13000
湖北鑫财丰建设工程有限公司,成本会计,4-6千,武汉・江汉区,3-4年,大专,"五险一金
员工旅游
年终奖金
餐饮补贴",民营  |  50-150人,建筑/建材/工程,武汉,4000-6000,4000,6000
上海径驰精密工具有限公司,成本会计,8-9千・13薪,上海・宝山区,2年,大专,"五险一金
免费班车
员工旅游
专业培训
交通补贴
绩效奖金
年终奖金
定期体检
住房补贴",民营  |  50-150人,机械/设备/重工,上海,8000-9000,8000,9000
厦门海辰储能科技股份有限公司,资产会计,7千-1.4万・14薪,厦门・同安区,2年,本科,"财务
资产管理
资产会计
五险一金
交通补贴
餐饮补贴
免费班车
年终奖金
弹性工作
周末双休
提供住宿",民营  |  1000-5000人,新能源,厦门,7000-14000,7000,14000
东莞市巨献服饰有限公司,税务会计,7千-1万,东莞・塘厦镇,2年,大专,"会计
税务申报
税务
财务制度
税务账务处理
税务会计
纳税申报
财务报表
绩效奖金
节日福利
弹性工作
五险
员工旅游
年终奖金
出国机会
专业培训
包午餐
晋升空间",民营  |  50-150人,服装/纺织/皮革,东莞,7000-10000,7000,10000
张家港牧羊人服饰有限公司,往来会计,6-8千,张家港,3-4年,大专,"对帐
款项结算
包三餐
包住宿
免费班车
节日福利
五险一金
工龄奖",民营  |  500-1000人,服装/纺织/皮革,张家,6000-8000,6000,8000
杭州安意家居有限公司,财务专员/总账会计,6-7千・13薪,杭州・萧山区,3-4年,本科,"会计主管
总账会计
五险一金
员工旅游
交通补贴
餐饮补贴
绩效奖金
年终奖金",民营  |  少于50人,互联网/电子商务,杭州,6000-7000,6000,7000
严格集团股份有限公司,会计,4-6千,哈尔滨,5-7年,大专,"免费午餐
交通补贴
五险一金",国企  |  500-1000人,机械/设备/重工,哈尔,4000-6000,4000,6000
江苏睿讯达科技有限公司,会计,5-8千,南京・建邺区,5-7年,大专,"绩效奖金
交通补贴
餐饮补贴
五险一金
年终奖金",民营  |  少于50人,计算机软件,南京,5000-8000,5000,8000
俄远东船务（上海）有限公司,财务会计专员,6-6.5千・13薪,天津・和平区,3-4年,本科,"补充医疗保险
定期体检
13薪
年终奖金",外资（非欧美）  |  50-150人,交通/运输/物流,天津,6000-6500,6000,6500
苏州麦迪斯顿医疗科技股份有限公司,管理会计,1.2-1.7万・13薪,苏州,5-7年,本科,"会计
五险一金
员工旅游
餐饮补贴
专业培训
年终奖金
定期体检",已上市  |  500-1000人,计算机软件,苏州,12000-17000,12000,17000
四川三联混凝土工程有限公司,雅安会计（荥经县）,4-6千,雅安,8-9年,大专,"社保
带薪年假
绩效奖金",民营  |  50-150人,建筑/建材/工程,雅安,4000-6000,4000,6000
聚赢齿科技术（上海）有限公司,发票会计兼出纳,5-7千・13薪,上海・杨浦区,2年,大专,"绩效奖金
餐饮补贴
通讯补贴",民营  |  50-150人,医疗设备/器械,上海,5000-7000,5000,7000
青岛耀世锦成国际贸易有限公司,会计助理,3-5千,青岛・市南区,1年,大专,"月薪面议
五险一金",民营  |  少于50人,贸易/进出口,青岛,3000-5000,3000,5000
北京城建长城建设集团有限公司靖安分公司,项目会计,6-7千,宜春,3-4年,大专,"总账会计
会计主管
税务
财务主管
成本会计
包吃住
五险",合资  ,建筑/建材/工程,宜春,6000-7000,6000,7000
天佳建设集团有限公司,会计,1-1.2万,深圳・罗湖区,5-7年,大专,"五险一金
包吃
通讯补贴
交通补贴",民营  |  150-500人,建筑/建材/工程,深圳,10000-12000,10000,12000
上海中佳永信会计师事务所有限公司,注册会计师,25-50万/年,上海・黄浦区,3-4年,大专,"审计
注册会计师
审计经理
CPA
五险一金
年终奖金
专业培训
交通补贴
带薪年假
周末双休
节日福利
公司旅游
绩效奖金",民营  |  50-150人,会计/审计,上海,nan,,
大连佰信达集团有限公司,建安/房地产企业财务主管会计,5-6千,大连,5-7年,本科,五险,民营  |  500-1000人,建筑/建材/工程,大连,5000-6000,5000,6000
广州市桂勤器械设备工程有限公司,会计主管,7千-1万,广州・天河区,3-4年,大专,"会计主管
总账会计
双休
财务主管
餐饮补贴
员工旅游
年终奖金
绩效奖金
六险",民营  |  50-150人,建筑/建材/工程,广州,7000-10000,7000,10000
深圳元哲管理咨询有限公司,驻点会计（行政事业单位）,6-8千・13薪,深圳・福田区,2年,本科,"会计
财务
周末双休
带薪年假
五险一金
绩效奖金
节日福利
餐饮补贴
交通补贴
定期体检
年终奖金
员工旅游",民营  |  少于50人,专业服务(咨询、人力资源、财会),深圳,6000-8000,6000,8000
长沙卓冠科技有限公司,会计（五险+包吃包住）,4.5-6千,长沙・长沙县,2年,大专,"财务
出纳
财务主管
会计助理
财务助理
会计主管
会计
税务
五险
包吃
包住宿
带薪年假
绩效奖金
全勤奖
节日福利",民营  |  少于50人,汽车零配件,长沙,4500-6000,4500,6000
合肥尚可嘉环保科技有限公司,外贸会计（双休/朝九晚六）,5-7千,合肥・政务区,2年,大专,"报税
台账
做账
帐务处理
外贸行业
周末双休
年终奖金
五险
员工旅游
生日福利
节日福利
带薪假",民营  |  50-150人,贸易/进出口,合肥,5000-7000,5000,7000
东莞凤岗嘉辉塑胶五金有限公司,助理会计师,6-7千,东莞,2年,大专,"会计
审计
总账
制造业
带薪年假
年终奖金
五险
免费班车
五险一金
员工旅游",已上市  |  1000-5000人,办公用品及设备,东莞,6000-7000,6000,7000
上海全丽生物科技有限公司,会计主管,8千-1.2万,上海・金山区,2年,本科,"财务
会计
财务管理
鼎捷
五险一金
专业培训
年终奖金
带薪年假
出国机会",外资（非欧美）  |  50-150人,快速消费品(食品、饮料、化妆品),上海,8000-12000,8000,12000
上海欧米尼医药科技有限公司,资金会计,6-9千・15薪,上海・虹口区,3-4年,大专,"费用报销
银行账户
发票
资金会计
系统上线
医药企业
银行对账
五险一金
餐饮补贴
专业培训
绩效奖金
定期体检",合资  |  150-500人,制药/生物工程,上海,6000-9000,6000,9000
佛山市圣邦医药有限公司,会计专员,4.5-6千,佛山・南海区,1年,中技/中专,"财务
财务主管
会计助理
财务助理
会计主管
出纳
总账会计
税务
绩效奖金
弹性工作
带薪年假
包吃
包住宿
交通补贴
高温补贴
专业培训
节日福利
全勤奖",民营  |  150-500人,医疗/护理/卫生,佛山,4500-6000,4500,6000
芜湖云一新材料科技有限公司,成本会计,1-1.2万,芜湖,5-7年,本科,"五险一金
交通补贴
餐饮补贴
通讯补贴
专业培训
绩效奖金
年终奖金
定期体检",民营  |  50-150人,新能源,芜湖,10000-12000,10000,12000
澳大利亚威特豪斯(白马)国际集团,会计助理,7-8.5千,上海・虹口区,1年,本科,五险一金,民营  |  50-150人,多元化业务集团公司,上海,7000-8500,7000,8500
深圳市华美盛业投资发展有限公司,财务会计,8千-1.3万,深圳・南山区,1年,本科,"财务、会计
五险一金
定期体检
年终奖金
员工旅游
专业培训
提供工作午餐
节日费",民营  |  50-150人,建筑/建材/工程,深圳,8000-13000,8000,13000
青岛联凯建筑工程有限公司,博茨瓦纳-房地产会计,2-3万・15薪,青岛・市南区,3-4年,本科,"会计
房地产行业
五险一金
年终奖金",民营  |  10000人以上,建筑/建材/工程,青岛,20000-30000,20000,30000
广州网道科技有限公司,财务会计,6.5-8千,广州・天河区,2年,大专,"带薪年假
五险一金
节日福利
绩效奖金
专业培训
员工旅游
年终奖金",民营  |  50-150人,互联网/电子商务,广州,6500-8000,6500,8000
广东宏海进出口咨询有限公司,财务内账会计,4-5千,东莞・南城区,2年,中技/中专,"出纳
五险一金
员工旅游
专业培训
出国机会
周末双休
加班补贴
带薪年假",民营  |  50-150人,贸易/进出口,东莞,4000-5000,4000,5000
杭州特盈能源技术发展有限公司,成本会计,9千-1.5万・13薪,上海・浦东新区,5-7年,本科,"五险一金
年终奖金
双休
餐饮补贴",民营  |  50-150人,机械/设备/重工,上海,9000-15000,9000,15000
广州市源沅财务管理有限公司,执业注册会计师,15-20万/年,广州・白云区,5-7年,本科,"注册会计师
会计事务所
审计事务所
事务所***
员工旅游
交通补贴
餐饮补贴
专业培训
绩效奖金",民营  |  150-500人,专业服务(咨询、人力资源、财会),广州,nan,,
河南德汇信息科技有限公司,财务会计专员,6千-1万,郑州,1年,大专,"会计
会计核算
报销
统计
报税
税务
单据审核
财务会计报表
银行收付处理
账务登记
五险一金
补充公积金
餐饮补贴
员工旅游
专业培训
绩效奖金
定期体检
股票期权
弹性工作
年终奖金",民营  |  1000-5000人,电子技术/半导体/集成电路,郑州,6000-10000,6000,10000
广东宏海进出口咨询有限公司,税务会计,6千-1万,东莞・南城区,3-4年,大专,"资深会计
外帐会计
代理记帐会计
五险一金
员工旅游
专业培训
出国机会
周末双休
加班补贴
带薪年假",民营  |  50-150人,贸易/进出口,东莞,6000-10000,6000,10000
深圳飞瑞电子科技有限公司,会计助理,6千-1.2万,深圳・南山区,1年,本科,"办公软件
excel
财务
财务报表
对账
跨境电商
电商行业
库存
数据报表
全盘账务处理
员工旅游
绩效奖金
年终奖金
全勤奖
节日福利
加班补贴
五险一金
餐饮补贴
弹性工作",民营  |  50-150人,贸易/进出口,深圳,6000-12000,6000,12000
合肥天汇生物科技有限公司,核算会计,5-8千,德州,3-4年,本科,"会计
五险一金
餐饮补贴
专业培训
绩效奖金
年终奖金
弹性工作
定期体检",民营  |  150-500人,制药/生物工程,德州,5000-8000,5000,8000
长沙云晟电气贸易有限公司,一般纳税人全盘会计,4-5千,长沙,2年,大专,"总账会计
会计主管
会计
带薪年假
包吃
包住宿
节日福利
出国游",民营  |  少于50人,建筑/建材/工程,长沙,4000-5000,4000,5000
中科软科技股份有限公司,财务会计,6-8千,北京,1年,本科,"五险一金
补充医疗保险
员工旅游
餐饮补贴
定期体检
绩效奖金
拓展
入职培训
岗位培训",国企  |  5000-10000人,计算机软件,北京,6000-8000,6000,8000
北京博华电子信息有限公司,会计,6-8千・13薪,北京,5-7年,大专,"财务
会计
记帐
财务会计
财务报表
凭证编制
五险一金
餐饮补贴
通讯补贴
十三薪",民营  |  50-150人,计算机服务(系统、数据服务、维修),北京,6000-8000,6000,8000
昌龙科技（阳江）有限公司,会计员,4-5.5千,阳江,3-4年,大专,"会计
金蝶
财务软件
财务核算
会计凭证
税务
财务报表
初级会计证
包三餐
包住宿
免费班车
带薪年假
节日福利
专业培训
加班补贴",民营  |  150-500人,机械/设备/重工,阳江,4000-5500,4000,5500
深圳市天微电子股份有限公司,资产会计,4-5千,贺州,1年,大专,"五险一金
绩效奖金
年终奖金
定期体检",民营  |  150-500人,电子技术/半导体/集成电路,贺州,4000-5000,4000,5000
深圳市瑞成光学有限公司,应收会计(GM202303070001),7千-1.2万,常州・武进区,2年,本科,"sap
应收模块
五险一金
免费班车
专业培训
绩效奖金
年终奖金
股票期权
弹性工作
定期体检
餐饮补贴",民营  |  1000-5000人,电子技术/半导体/集成电路,常州,7000-12000,7000,12000
芜湖市荣联财务顾问有限公司,开票会计,3.5-7千,芜湖,1年,大专,"会计
主办会计
财务
会计助理
财务主管
出纳
核算会计
会计助理
五险一金
包吃
绩效奖金
节日福利
交通补贴
通讯补贴
专业培训",民营  |  少于50人,会计/审计,芜湖,3500-7000,3500,7000
启业建设有限公司,主办会计,7-8千,广州,10年以上,中技/中专,"会计
审计
建筑
施工
五险一金
餐饮补贴
绩效奖金",民营  |  50-150人,建筑/建材/工程,广州,7000-8000,7000,8000
广州回味源蛋类食品有限公司,成本会计,5-7千,广州・白云区,3-4年,大专,"会计核算
控制成本
生产成本核算
督导成本控制
制造业
会计
成本计算
节日福利
岗位补贴
绩效奖金
包吃包住
社保五险",民营  |  150-500人,快速消费品(食品、饮料、化妆品),广州,5000-7000,5000,7000
江苏泰信机械科技有限公司,成本会计,6-8千,无锡・惠山区,3-4年,本科,"成本分析
u8系统
成本核算
员工旅游
餐饮补贴
绩效奖金
年终奖金
专业培训
定期体检
五险一金
补充医疗保险",民营  |  50-150人,机械/设备/重工,无锡,6000-8000,6000,8000
深圳佳成建设工程有限公司,全盘会计,9千-1.3万,深圳・福田区,2年,大专,五险一金,民营  |  50-150人,建筑/建材/工程,深圳,9000-13000,9000,13000
湖北亿纬动力有限公司,成本会计,8千-1.2万・14薪,荆门,3-4年,本科,五险一金,民营  |  5000-10000人,新能源,荆门,8000-12000,8000,12000
林凯企业集团有限公司,财务主管会计（物业方向）,8千-1万,西安,5-7年,大专,"财务管理
会计核算
会计报表
税务管理
应收
带薪年假
绩效奖金
节日福利
五险
定期体检",民营  |  150-500人,房地产,西安,8000-10000,8000,10000
江苏新图机械有限公司,总账会计,8千-1.3万・13薪,苏州・吴江区,5-7年,大专,"财务
五险一金
补充公积金
员工旅游
餐饮补贴
年终奖金",民营  |  50-150人,机械/设备/重工,苏州,8000-13000,8000,13000
湖南中扬环保科技有限公司,财务会计,3.5-4.5千,长沙・雨花区,3-4年,大专,"五险一金
年底双薪
绩效奖金
全勤奖
员工旅游
高温补贴
节日福利
不加班",民营  |  50-150人,环保,长沙,3500-4500,3500,4500
智安达（上海）轮胎服务有限公司,资金会计（偏出纳）,6-9千,上海・青浦区,2年,本科,"资金专员
出纳
五险一金
补充公积金
交通补贴
餐饮补贴
通讯补贴
绩效奖金
年终奖金
弹性工作",民营  |  少于50人,汽车,上海,6000-9000,6000,9000
成都贝高贝实业有限责任公司,税务会计,6-8千,重庆・铜梁区,5-7年,大专,"包三餐
包住宿
节日福利
全勤奖
专业培训
员工旅游",民营  |  150-500人,机械/设备/重工,重庆,6000-8000,6000,8000
深圳市文丰装饰创新科技有限公司,会计专员,7-9千,深圳・南山区,2年,大专,"员工旅游
五险一金
带薪年假",民营  |  50-150人,家居/室内设计/装潢,深圳,7000-9000,7000,9000
红河鑫胜建设工程有限公司,会计,3.5-5千・13薪,红河州,2年,大专,"周末双休
包午餐
年底双薪
节假日休",民营  ,建筑/建材/工程,红河,3500-5000,3500,5000
上海市医药学校,资产财务处会计,7-9千,上海,无需经验,本科,"会计
财务管理
财务
餐饮补贴
专业培训
五险一金
交通补贴
定期体检",事业单位  |  500-1000人,教育/培训/院校,上海,7000-9000,7000,9000
武汉百耐流体控制设备有限公司,会计专员,4.5-6.5千,黄冈,2年,大专,"会计
五险一金
免费班车
餐饮补贴
年终奖金",民营  |  50-150人,机械/设备/重工,黄冈,4500-6500,4500,6500
浙江飞哲科技股份有限公司,助理会计,4.5-7千,金华,1年,本科,"会计
审计
数据分析
电商
助理
财会管理
绩效奖金
专业培训",民营  |  1000-5000人,家具/家电/玩具/礼品,金华,4500-7000,4500,7000
广东生和堂健康食品股份有限公司,会计员,3.5-4.5千,江门,1年,本科,"财务
总账会计
五险一金
包三餐
包住宿
节日福利
带薪年假
员工旅游",民营  |  500-1000人,快速消费品(食品、饮料、化妆品),江门,3500-4500,3500,4500
杭州汇中科技有限公司,财务会计,6.5-8千,杭州・萧山区,2年,大专,"带薪年假
绩效奖金
交通补贴
通讯补贴
周末双休
节日福利
五险",民营  |  少于50人,仪器仪表/工业自动化,杭州,6500-8000,6500,8000
科稳智慧（武汉）技术有限公司,会计,5-7千,武汉・江夏区,2年,大专,"财务
会计
税务
报税
审计
交通补贴
餐饮补贴
通讯补贴
节日福利
社保
定期体检
年终奖金
员工旅游",民营  |  50-150人,仪器仪表/工业自动化,武汉,5000-7000,5000,7000
广州幸福树科技有限公司,总账会计-入职五险一金,9千-1.1万,上海,3-4年,大专,"总账
sap系统
会计
会计报表
财务流程
存货盘点表
账务处理
财务核算
会计准则
五险一金
弹性工作
专业培训
周末双休
补充公积金
绩效奖金",民营  |  150-500人,互联网/电子商务,上海,9000-11000,9000,11000
广东泰升药业有限公司,应收会计,5-8千,佛山,3-4年,大专,"应收回款
往来
会计
对账单
社会保险
专业培训
年终奖金
弹性工作
定期体检
包三餐
包住宿
节日福利
带薪年假",民营  |  500-1000人,制药/生物工程,佛山,5000-8000,5000,8000
广东万和新电气股份有限公司,费用会计 (MJ000323),5-6千・13薪,佛山,无需经验,本科,"五险一金
补充医疗保险
补充公积金
专业培训
定期体检
餐饮补贴
年终奖金
交通补贴",已上市  |  5000-10000人,家具/家电/玩具/礼品,佛山,5000-6000,5000,6000
广州艾科新材料股份有限公司,出纳会计,5-8千,广州・黄埔区,1年,本科,"出纳
会计
五险一金
员工旅游
交通补贴
餐饮补贴
定期体检
加班补贴
带薪年假
绩效奖金",已上市  |  150-500人,石油/化工/矿产/地质,广州,5000-8000,5000,8000
上海瑞格金属材料有限公司,外贸会计,1.5-2.5万,上海・长宁区,2年,本科,"财务
外贸会计
周末双休
绩效奖金
节日福利
专业培训
餐饮补贴",民营  |  1000-5000人,原材料和加工,上海,15000-25000,15000,25000
深圳市中禾旭精密机械有限公司,应收应付会计,5.5-6.5千,深圳・宝安区,2年,大专,"财务
会计助理
财务助理
包吃包住
购买社保
带薪年假
全勤奖
节日福利
5.5天制",民营  |  150-500人,机械/设备/重工,深圳,5500-6500,5500,6500
武汉市福昌良品商贸有限公司,会计助理文员,3-4.5千,武汉・东西湖区,1年,大专,"财务
会计
会计助理
财务助理
助理
处理文员
包吃
节日福利
专业培训",民营  |  50-150人,批发/零售,武汉,3000-4500,3000,4500
上海众网数聚信息科技股份有限公司,会计专员,6-9千,上海,3-4年,本科,"会计
金蝶
会计学
会计核算
成本管理
项目申报
会计凭证
财务软件
五险一金
员工旅游
专业培训
股票期权
弹性工作
定期体检
绩效奖金
年终奖金
补充医疗保险
补充公积金",民营  |  1000-5000人,计算机软件,上海,6000-9000,6000,9000
广州亿弘科技有限公司,会计,6-8千,广州・增城区,1年,大专,"财务
会计
全盘账
税务
工资
会计上岗证
财务软件
财务制度
盘点数据整理
财会
带薪年假
全勤奖
加班补贴
绩效奖金
专业培训
节日福利
五险
公司聚餐
年度旅游
大小周",民营  |  少于50人,互联网/电子商务,广州,6000-8000,6000,8000
四川锦程会计师事务所有限责任公司,注册会计师,1.2-1.8万,成都・武侯区,3-4年,大专,"CPA
注册会计师
周末双休
五险一金
带薪年假
员工旅游
全勤奖
餐饮补贴",民营  |  50-150人,中介服务,成都,12000-18000,12000,18000
东莞市良程吉运供应链管理有限公司,财务会计专员,5-6千,东莞・凤岗镇,3-4年,大专,"财务
财务助理
五险一金
员工旅游
交通补贴
通讯补贴
专业培训
绩效奖金",民营  |  500-1000人,交通/运输/物流,东莞,5000-6000,5000,6000
湖北金卉庄园农业有限公司,急招市政工程建筑会计,5-7千,孝感,3-4年,大专,"会计
全盘会计
工程建设会计
免费班车
包住宿
专业培训",民营  |  150-500人,酒店/旅游,孝感,5000-7000,5000,7000
恒玉（宁波）财税服务有限公司,会计师助理(五险+双休）,3-5千,宁波・海曙区,1年,大专,"会计助理
财务助理
出纳
财务
会计
周末双休
五险一金
节日福利
绩效奖金",民营  |  少于50人,专业服务(咨询、人力资源、财会),宁波,3000-5000,3000,5000
东莞市众财财税科技有限公司,会计,5-8千,东莞・莞城区,2年,大专,"会计
审计
财务
绩效奖金
节日福利
专业培训
年终奖金
员工旅游
五险
团体聚餐
包吃",民营  |  少于50人,会计/审计,东莞,5000-8000,5000,8000
大信沃思财务顾问（武汉）股份有限公司,会计（东湖新技术开发区龙泉街道）,4-6千,武汉・东湖新技术产业开发区,3-4年,大专,"周末双休
带薪年假
交通补贴
餐饮补贴
节日福利
五险一金
通讯补贴",民营  |  50-150人,专业服务(咨询、人力资源、财会),武汉,4000-6000,4000,6000
獐子岛集团股份有限公司,会计,4-6千,大连・中山区,3-4年,本科,"财务
预算
盘点
结账
用友erp
账务处理
报表编制
会计处理
税费申报
生产数据收集
五险一金
定期体检
补充医疗保险
通讯补贴
专业培训
交通补贴
餐饮补贴",民营  |  1000-5000人,农/林/牧/渔,大连,4000-6000,4000,6000
宁波电子信息集团有限公司,财务会计,8-16万/年,宁波・高新区,1年,本科,"周末双休
带薪年假
五险一金
节日福利
专业培训
交通补贴
餐饮补贴
加班补贴
通讯补贴
高温补贴",民营  |  500-1000人,多元化业务集团公司,宁波,nan,,
华润医药商业集团有限公司武汉共享中心,总账会计-复核,7-8千・13薪,武汉・武汉经济开发区,2年,本科,"总账
五险一金
带薪年假
周末双休
节日福利
专业培训
内部轮岗
上市公司
内部竞聘
包住宿工作餐",国企  |  150-500人,专业服务(咨询、人力资源、财会),武汉,7000-8000,7000,8000
中瑞岳华中旺税务师事务所（云南）有限公司,主办会计,5-8千,昆明・五华区,3-4年,大专,"总账会计
税务",民营  ,专业服务(咨询、人力资源、财会),昆明,5000-8000,5000,8000
深圳市玮言服饰股份有限公司,费用会计,6千-1万,深圳・南山区,2年,大专,"会计
快消品
服装
五险一金
员工旅游
定期体检
专业培训
年终奖金
周末双休",民营  |  1000-5000人,服装/纺织/皮革,深圳,6000-10000,6000,10000
琪勤投资（上海）有限公司,会计专员,6-8千,上海・普陀区,3-4年,高中,"报税
会计
员工旅游",民营  ,金融/投资/证券,上海,6000-8000,6000,8000
杭州瑞富信息技术有限公司,会计,6千-1万,杭州・滨江区,3-4年,本科,"会计
带薪年假
五险一金
绩效奖金
全勤奖
节日福利
专业培训
加班补贴
高温补贴
团建活动",民营  |  150-500人,金融/投资/证券,杭州,6000-10000,6000,10000
深圳市宇辰鼎丰贸易发展有限公司,结算会计（双休）,7千-1万,深圳・福田区,5-7年,大专,"财务
会计
开票
税务
财务报表
弹性工作
绩效奖金
五险一金
补充医疗保险
员工旅游
通讯补贴",民营  |  50-150人,贸易/进出口,深圳,7000-10000,7000,10000
深圳市朝日电子材料有限公司,会计助理,4-4.5千,东莞・大岭山镇,2年,中技/中专,"财务
会计
记帐凭证
保管发票
银行对帐
申请票据
会计报表
财会
购***
单据审核
五险一金
员工旅游
年终奖金
定期体检
补充医疗保险
包吃
包三餐
包住宿
节日福利
全勤奖",民营  |  50-150人,原材料和加工,东莞,4000-4500,4000,4500
青岛世亚精密管件有限公司,会计,8千-1万,青岛・黄岛区,8-9年,本科,"五险一金
定期体检
免费班车
年终奖金
包吃
节日福利
加班补贴",外资（非欧美）  |  150-500人,汽车,青岛,8000-10000,8000,10000
零壹半导体技术（常州）有限公司,会计主管,8千-1.5万,常州・武进区,2年,本科,"五险一金
绩效奖金
年终奖金
年终双薪",民营  |  150-500人,电子技术/半导体/集成电路,常州,8000-15000,8000,15000
武汉合信源财务管理有限公司,会计主管（武昌）,4.5-8千,武汉・武昌区,3-4年,大专,"会计
审计
周末双休
带薪年假
五险一金
绩效奖金
全勤奖
节日福利
专业培训",民营  |  50-150人,会计/审计,武汉,4500-8000,4500,8000
朝一蛋品（上海）有限公司,应收应付会计,8-9千,上海・松江区,2年,本科,"五险一金
包吃
做五休二",民营  |  少于50人,快速消费品(食品、饮料、化妆品),上海,8000-9000,8000,9000
成都光创联科技有限公司,成本会计,6-8千,成都・郫都区,3-4年,本科,"成本核算
excel
盘点
五险一金
补充医疗保险
定期体检
弹性工作
员工旅游",民营  |  150-500人,通信/电信运营、增值服务,成都,6000-8000,6000,8000
上海斯米克建筑陶瓷有限公司,应收会计/AR/财务专员,7千-1万・14薪,上海・黄浦区,2年,本科,应收,已上市  |  1000-5000人,建筑/建材/工程,上海,7000-10000,7000,10000
浙江和达科技股份有限公司,应收会计,6-7千・14薪,嘉兴,1年,本科,"员工旅游
年终奖金
绩效奖金
股票期权",已上市  |  500-1000人,计算机软件,嘉兴,6000-7000,6000,7000
四川惠森装饰工程有限公司,会计（贵州）,4-6千,成都,2年,大专,"绩效奖金
年终奖金
五险一金
交通补贴
通讯补贴
餐饮补贴
员工旅游",民营  |  50-150人,建筑/建材/工程,成都,4000-6000,4000,6000
深圳市天诺安防有限公司,往来会计/应收应付,5-8千,深圳・龙华区,2年,大专,"往来账管理
应收核对
应付核对
财务
员工旅游
年终奖金
五险一金
节日福利
包住
绩效奖金",民营  |  150-500人,贸易/进出口,深圳,5000-8000,5000,8000
太仓恩福密封产品有限责任公司,会计,8千-1万,太仓,5-7年,本科,"做五休二
加班补贴
交通补贴
绩效奖金
五险一金
餐饮补贴
节日福利",外资（欧美）  |  500-1000人,仪器仪表/工业自动化,太仓,8000-10000,8000,10000
瑞田汽车压缩机（江苏）有限公司,财务主办会计,6-8千,苏州・吴中区,3-4年,大专,"专业培训
员工旅游
带薪年假
员工食堂
全勤奖
五险一金
通讯补贴",民营  |  50-150人,机械/设备/重工,苏州,6000-8000,6000,8000
广东九潮集团有限公司,会计师,6-8千,广州・天河区,3-4年,大专,"会计
财务
外账
做账
双休",民营  |  150-500人,建筑/建材/工程,广州,6000-8000,6000,8000
青岛东石教育咨询有限公司,门诊会计,4-6千,青岛・市南区,1年,大专,"双休
五险一金",国企  |  50-150人,专业服务(咨询、人力资源、财会),青岛,4000-6000,4000,6000
宁波市东方理工高等研究院,会计（智慧能源实验室）,12-15万/年,宁波・镇海区,3-4年,本科,"会计
行政
财务软件
五险一金
弹性工作",非营利组织  |  50-150人,教育/培训/院校,宁波,nan,,
佛山市迪赛纳科技有限公司,电商会计,6-9千,佛山・南海区,2年,大专,"财务
会计
电商会计
电商核算
数据分析
带薪年假
提供住宿
专业培训
出国机会
员工旅游
免费班车",民营  |  1000-5000人,家具/家电/玩具/礼品,佛山,6000-9000,6000,9000
广东九潮集团有限公司,税务会计,6-8千,广州・天河区,3-4年,大专,"会计
财务
外账
做账
报税
五险一金
员工旅游
年终奖金
节日福利",民营  |  150-500人,建筑/建材/工程,广州,6000-8000,6000,8000
贽精密塑料（上海）有限公司,成本会计,6千-1万,上海・松江区,2年,大专,"五险一金
年终奖金",民营  |  50-150人,原材料和加工,上海,6000-10000,6000,10000
江西省高氏置业发展集团有限公司,建筑会计,5-6千,南昌・新建区,3-4年,大专,"建筑行业
税务申报
会计学
税务政策
工资管理
会计资格证
支付流程
节日福利
五险
工龄工资
年终福利
绩效奖励",民营  |  150-500人,房地产,南昌,5000-6000,5000,6000
杭州统奔模具制造有限公司,财务会计,5.5-7千,杭州・余杭区,2年,大专,"会计
财务
五险
免费工作餐
绩效奖金
年终奖金
夏季冷饮",民营  |  50-150人,机械/设备/重工,杭州,5500-7000,5500,7000
河南万都会计服务有限公司,实习会计（3000-5000）,3-5千,新乡,1年,大专,"会计助理
财务
会计
实习会计
绩效奖金
年终奖金
缴纳社保
周末双休
员工旅游
节日福利
法定假期",合资  |  50-150人,会计/审计,新乡,3000-5000,3000,5000
深圳市韵达速递有限公司,会计（提供食宿）,6-8千,深圳,2年,大专,"五险一金
餐饮补贴
绩效奖金
专业培训",民营  |  1000-5000人,交通/运输/物流,深圳,6000-8000,6000,8000
铿政实业（深圳）集团有限公司,财务会计,6-8千,深圳・福田区,5-7年,大专,"包住宿
包吃
社保
大小周",民营  |  150-500人,多元化业务集团公司,深圳,6000-8000,6000,8000
福建德通金属容器股份有限公司,主办会计,6-8千,福州・晋安区,3-4年,大专,"财务
定期体检
五险
提供食宿
节日福利
全勤奖
绩效奖金",民营  |  150-500人,印刷/包装/造纸,福州,6000-8000,6000,8000
汕头市合群房地产开发有限公司,会计,5-6千,汕头・龙湖区,3-4年,大专,"中级会计职称
社医保
全勤奖
带薪年假
假日福利
工作餐",民营  ,计算机软件,汕头,5000-6000,5000,6000
深圳市韵达速递有限公司,税务会计（包吃住）,5-7千,深圳,2年,大专,"税务
会计
office
税收政策法规
办公软件
财务
纳税申报
五险一金
餐饮补贴
绩效奖金
专业培训",民营  |  1000-5000人,交通/运输/物流,深圳,5000-7000,5000,7000
深圳博创新材科技有限公司,全盘会计,6.5-7.5千,深圳・龙华区,3-4年,大专,全盘会计,民营  |  少于50人,贸易/进出口,深圳,6500-7500,6500,7500
广州铸星机械有限公司,会计,4.5-6千,广州・花都区,2年,大专,"财务
带薪年假
包吃
包三餐
免费班车
绩效奖金
节日福利",民营  |  150-500人,机械/设备/重工,广州,4500-6000,4500,6000
陕西太白山投资集团有限公司,财务会计,3-5千,宝鸡,2年,本科,"会计
五险一金
住宿
廉政灶
降温费
取暖费
双休",国企  ,多元化业务集团公司,宝鸡,3000-5000,3000,5000
深圳市弘盛致远投资咨询有限公司,全盘会计,1-2万,深圳,3-4年,本科,"全盘会计
财务主管
会计主管
总账会计
五险一金
周末双休
节日福利
带薪年假
绩效奖金
弹性工作",民营  |  少于50人,金融/投资/证券,深圳,10000-20000,10000,20000
广州黛柏睿家具制造有限公司,会计文员,3.5-5千,广州・白云区,1年,大专,"五险
餐补
提成",民营  |  500-1000人,家具/家电/玩具/礼品,广州,3500-5000,3500,5000
苏州趣雅园林发展有限公司,主办会计,0.8-1万,苏州・工业园区,5-7年,大专,"绩效奖金
年终奖金
定期体检
通讯补贴",民营  |  50-150人,建筑/建材/工程,苏州,08000-10000,8000,10000
陕西太白山投资集团有限公司,财务会计,3-5千,宝鸡,2年,本科,"会计
五险一金
住宿
廉政灶
降温费
取暖费
双休",国企  ,多元化业务集团公司,宝鸡,3000-5000,3000,5000
深圳天珑无线科技有限公司,总账会计,9千-1.1万・14薪,深圳・南山区,3-4年,本科,"五险一金
年终奖金
定期体检
节日福利
带薪年假
季度奖金",合资  |  1000-5000人,通信/电信/网络设备,深圳,9000-11000,9000,11000
湖北鸿洲幕墙钢结构有限公司,会计,4.5-6千,武汉・江岸区,2年,大专,"五险一金
补充医疗保险
餐饮补贴
绩效奖金
年终奖金",民营  ,建筑/建材/工程,武汉,4500-6000,4500,6000
郑州成林纺织有限公司,出纳会计,3-5千,郑州,2年,本科,"现金会计
出纳
财务
财务出纳
周末双休
五险一金
全勤奖
节日福利
专业培训
绩效奖金
加班补贴
通讯补贴
员工旅游",民营  |  50-150人,服装/纺织/皮革,郑州,3000-5000,3000,5000
东莞市祥N汽车有限公司,财务会计专员,4.5-6千,东莞・南城区,2年,大专,"会计
会计助理
会计主管
总账会计
带薪年假
住房补贴
节日福利
弹性工作
绩效奖金
全勤奖
五险一金
餐饮补贴",民营  |  50-150人,汽车,东莞,4500-6000,4500,6000
武汉昱科信息科技有限公司,会计,4-5.5千,武汉・东湖新技术产业开发区,1年,大专,"会计
会计助理
财务
周末双休
带薪年假
弹性工作
绩效奖金
节日福利
专业培训
加班补贴
高温补贴",民营  |  少于50人,计算机软件,武汉,4000-5500,4000,5500
深圳市光辉星工程项目管理有限公司,会计助理,4-6千,深圳・宝安区,2年,大专,"会计助理
财务会计助理
会计文员
五险一金
员工旅游
年终奖金
补充医疗保险",民营  |  50-150人,建筑/建材/工程,深圳,4000-6000,4000,6000
北京氢璞创能科技有限公司,资金会计,8千-1.2万,北京・海淀区,2年,本科,"五险一金
年终奖金
出国机会
绩效奖金
定期体检
通讯补贴",民营  |  150-500人,新能源,北京,8000-12000,8000,12000
辽宁瑞森劳务派遣有限公司,会计专员/财务专员,6.5-8千,沈阳,2年,大专,"数据分析
核算
销售分析
财务资料
费用核销
excel
财务
财务会计
对账
审核销售订单
五险一金
补充公积金
餐饮补贴
员工旅游
专业培训
股票期权
弹性工作
年终奖金
绩效奖金",民营  |  1000-5000人,专业服务(咨询、人力资源、财会),沈阳,6500-8000,6500,8000
昆明普丰科技有限公司,会计,5-6.5千,昆明・西山区,3-4年,大专,会计、财务,民营  |  少于50人,电气/电力/水利,昆明,5000-6500,5000,6500
四川三联混凝土工程有限公司,急招会计（雅安荥经县）,4-5千,雅安,8-9年,大专,"会计
金蝶软件
国家税收政策
社保
包住
带薪年假
做六休一
饭补",民营  |  50-150人,建筑/建材/工程,雅安,4000-5000,4000,5000
深圳科信智能技术有限公司,会计,7千-1万,深圳・福田区,5-7年,大专,"五险一金
年终奖金
绩效奖金
周末双休
节日福利",民营  |  50-150人,建筑/建材/工程,深圳,7000-10000,7000,10000
深圳普鲁士特空压系统有限公司,往来会计,6-8千,深圳,2年,大专,"会计
账龄分析
销售开票
往来账管理
明细核算
五险一金
通讯补贴
交通补贴
绩效奖金
专业培训
节日福利",民营  |  50-150人,机械/设备/重工,深圳,6000-8000,6000,8000
眉山博雅新材料股份有限公司,成本会计,5-8千,眉山,3-4年,大专,"会计
成本分析
成本控制
五险一金
包吃
包住宿
做五休二
节日福利
专业培训
定期体检",民营  |  150-500人,电子技术/半导体/集成电路,眉山,5000-8000,5000,8000
宁波市江北宁信财务咨询有限公司,主办会计（五险一金+周末双休+餐饮补贴）,6-8千,宁波,2年,大专,"会计
周末双休
绩效奖金
全勤奖
节日福利
专业培训
餐饮补贴
加班补贴
高温补贴
五险一金",民营  |  少于50人,会计/审计,宁波,6000-8000,6000,8000
上海生博生物医药科技有限公司,总账会计,8千-1.5万,上海・浦东新区,3-4年,大专,"财务
总账会计
会计学
五险一金
餐饮补贴
绩效奖金
年终奖金",民营  |  少于50人,制药/生物工程,上海,8000-15000,8000,15000
蔚叁数码科技（上海）有限公司,会计,0.8-1万,上海・浦东新区,3-4年,大专,"总账会计
财务
成本核算
固定资产折旧
五险一金
带薪年假
绩效奖金
补充商业保险",外资（非欧美）  |  50-150人,互联网/电子商务,上海,08000-10000,8000,10000
深圳市中翔极致国际货运有限公司,总账会计,7-9千,深圳,5-7年,大专,"财务
总账会计
五险一金
员工旅游
定期体检
弹性工作",外资（非欧美）  |  50-150人,交通/运输/物流,深圳,7000-9000,7000,9000
武汉利标日化有限公司,财务会计,4-4.5千,武汉,2年,大专,"财务
会计
核算
周末双休
节日福利
绩效奖金
五险一金
带薪年假",民营  |  150-500人,快速消费品(食品、饮料、化妆品),武汉,4000-4500,4000,4500
苏州远发机电设备有限公司,主办会计,4.5-9千,苏州・相城区,8-9年,大专,"员工旅游
节日福利
年终奖金
公司聚餐
周末双休
专业培训",民营  |  少于50人,建筑/建材/工程,苏州,4500-9000,4500,9000
深圳燕浩实业发展有限公司,汕尾市陆河工业会计,6-8千,汕尾,3-4年,大专,工业会计,民营  |  50-150人,建筑/建材/工程,汕尾,6000-8000,6000,8000
广州市广超实业有限公司,会计,5-6千,广州・白云区,1年,大专,"带薪年假
包吃
包住宿
节日福利
餐饮补贴
弹性工作
绩效奖金
高温补贴",民营  |  150-500人,房地产,广州,5000-6000,5000,6000
江西橄榄树环境科技有限公司,会计,4.5-5千,南昌・红谷滩新区,3-4年,大专,"纳税
往来账务
财务凭证
票据管理
会计凭证
账务处理
财务
财务报表
报销
五险
双休
年终奖金
包吃
交通补贴",国企  |  50-150人,环保,南昌,4500-5000,4500,5000
深圳市万杰食品有限公司,财务会计,4.5-6千,深圳・龙岗区,1年,大专,"会计
财务报表
客服
统计报表
账务
弹性工作
社保
包吃包住",民营  ,计算机软件,深圳,4500-6000,4500,6000
华信宏景（广东）税务师事务所有限公司,注册会计师,6千-1万,惠州・惠阳区,2年,大专,"五险一金
餐饮补贴
专业培训
绩效奖金
弹性工作",民营  |  少于50人,专业服务(咨询、人力资源、财会),惠州,6000-10000,6000,10000
北京利方达真空技术有限责任公司,财务会计专员,4.5-6千,张家口,3-4年,大专,"会计
审计
电商
五险一金
交通补贴
绩效奖金
免费班车
员工旅游
年终奖金",民营  |  50-150人,机械/设备/重工,张家,4500-6000,4500,6000
广州力盾环保工程有限公司,财务会计,6-9千・13薪,广州,5-7年,大专,"财务主管
财务经理
会计
财务
周末双休
带薪年假
节日福利
绩效奖金",民营  |  少于50人,石油/化工/矿产/地质,广州,6000-9000,6000,9000
东莞市凯鸿帽服箱包有限公司,会计,5千-1万,东莞・石排镇,3-4年,大专,"财务
会计主管
财务助理
会计助理
财务主管
总账会计
出纳
税务
包吃
包住宿
全勤奖
节日福利
加班补贴",民营  |  50-150人,服装/纺织/皮革,东莞,5000-10000,5000,10000
广州象屿进出口贸易有限公司,广州速传-核算会计（佛山三水仓）,5.5-6.5千・14薪,佛山・三水区,3-4年,本科,"仓储
仓管
仓库
世界500强
交通补贴
餐饮补贴
绩效奖金
定期体检
高温补贴
节日福利
周末双休
带薪年假
六险二金",国企  |  150-500人,贸易/进出口,佛山,5500-6500,5500,6500
上海神力科技有限公司,会计,1-2万・13薪,上海・奉贤区,3-4年,本科,"五险一金
员工旅游
定期体检
专业培训
年终奖金",民营  |  150-500人,新能源,上海,10000-20000,10000,20000
江苏同悦气体系统有限公司,总账会计,6-8千,无锡・江阴市,1年,大专,"登记总账
会计账簿
财务报表分析
财务数据
明细账
会计报表
会计凭证
对账
结账
记账
交通补贴
专业培训",民营  |  少于50人,机械/设备/重工,无锡,6000-8000,6000,8000
广州市蓝迅表业有限公司,会计,5-7千,广州・白云区,2年,大专,"初级会计
固定休息
工作简单
办公环境好
固定上班时间",民营  |  150-500人,互联网/电子商务,广州,5000-7000,5000,7000
深圳市菲黛尔服装有限公司,会计兼出纳6500-8000,6.5-8千,深圳,2年,高中,"财务
出纳
财务主管
会计助理
财务助理
会计主管
总账会计
税务",民营  |  150-500人,服装/纺织/皮革,深圳,6500-8000,6500,8000
云南九斗企业管理有限公司,代理记账主办会计,4.5-6千,昆明・官渡区,1年,大专,"财务
周末双休
弹性工作
带薪年假
六险一金
节日福利
全勤奖
绩效奖金
专业培训",民营  |  50-150人,专业服务(咨询、人力资源、财会),昆明,4500-6000,4500,6000
贵港市三禾米业有限公司,会计,4-4.5千,贵港,2年,大专,"会计
会计证
财务软件
税务申报
会计报表
餐饮补贴
绩效奖金
社保
弹性工作
专业培训
交通补贴
五险一金",民营  |  50-150人,农/林/牧/渔,贵港,4000-4500,4000,4500
深圳善康医药科技股份有限公司,应收会计,1-1.5万・13薪,深圳・坪山区,3-4年,本科,"财务
应收核算
餐饮补贴
交通补贴
绩效奖金
专业培训
五险一金
年终奖金",民营  |  50-150人,制药/生物工程,深圳,10000-15000,10000,15000
安徽求势新材料科技有限公司,会计专员,4-5千,蚌埠,2年,本科,催收,民营  |  少于50人,印刷/包装/造纸,蚌埠,4000-5000,4000,5000
上海汉沃实业有限公司,总账会计,8千-1万,上海・浦东新区,5-7年,本科,"财务
财务主管
会计主管
总账会计
周末双休
带薪年假
五险一金
节日福利
绩效奖金",民营  |  少于50人,石油/化工/矿产/地质,上海,8000-10000,8000,10000
成都扩维微波技术有限公司,财务会计,4-5千,成都・双流区,1年,大专,"财务
总账会计
税务",民营  |  少于50人,电子技术/半导体/集成电路,成都,4000-5000,4000,5000
深圳市汉清达科技有限公司,成本会计,9千-1.2万,深圳・光明区,3-4年,大专,"成本
绩效奖金
弹性工作
社会保险
员工旅游
员工聚会
员工生日会
专业培训",民营  |  1000-5000人,快速消费品(食品、饮料、化妆品),深圳,9000-12000,9000,12000
贵州富乐森建筑装饰产业发展（集团）有限公司,会计,5-6千,贵阳,3-4年,大专,"带薪年假
节日福利
通讯补贴
生日礼金
节日礼金
广阔晋升空间
年终奖
生日金
免费提供吃住
交通补贴",民营  |  150-500人,建筑/建材/工程,贵阳,5000-6000,5000,6000
昆明中道投资控股集团有限公司,库管会计,4.5-5千,昆明・官渡区,3-4年,中技/中专,"五险一金
绩效奖金
全勤奖
节日福利
交通补贴
餐饮补贴
住房补贴
通讯补贴
周末双休
仓储",民营  |  150-500人,多元化业务集团公司,昆明,4500-5000,4500,5000
广东省科技合作研究促进中心,会计,12-15万/年,广州・越秀区,无需经验,硕士,"会计
五险一金
定期体检
专业培训
绩效奖金",事业单位  |  少于50人,学术/科研,广州,nan,,
安徽中盈国创环保科技有限公司,会计助理,4-4.5千,合肥・蜀山区,3-4年,本科,"五险
节假日福利
双休
加班补助",民营  |  50-150人,环保,合肥,4000-4500,4000,4500
广州信保数字科技有限公司,会计专员,6-8千・13薪,广州・天河区,3-4年,本科,"周末双休
五险一金
节日福利
专业培训
补充医疗保险
员工旅游
绩效奖金
餐饮补贴
年终奖金
定期体检",民营  |  50-150人,金融/投资/证券,广州,6000-8000,6000,8000
广州艾科新材料股份有限公司,会计,6-8千,广州・黄埔区,2年,本科,"会计
五险一金
员工旅游
交通补贴
餐饮补贴
定期体检
加班补贴
带薪年假
绩效奖金",已上市  |  150-500人,石油/化工/矿产/地质,广州,6000-8000,6000,8000
深圳市信丰伟业科技有限公司,会计,6-7千,深圳・龙华区,3-4年,大专,"会计
包住宿
全勤奖
五险
绩效奖金
餐饮补贴
加班制",民营  |  150-500人,通信/电信/网络设备,深圳,6000-7000,6000,7000
福建威鹏实业有限公司,会计,4-8千,福州,3-4年,大专,"结算
会计
会计报表
报账
会计档案管理
报表
往来款管理
帐表相符
会计科目
风险预估
五险一金
员工旅游
年终奖金
定期体检
绩效奖金",民营  |  50-150人,贸易/进出口,福州,4000-8000,4000,8000
浙江爱贝能科技有限公司,会计（偏成本）,6千-1万・14薪,杭州・拱墅区,3-4年,本科,"五险一金
绩效奖金",合资  |  50-150人,新能源,杭州,6000-10000,6000,10000
湖南金紫宇新材料科技有限公司,财务会计,5-6千,衡阳,3-4年,本科,"税务
会计核算
成本
财税政策
税务报表
五险一金
绩效奖金
年终奖金
节日福利
定期体检",民营  |  50-150人,石油/化工/矿产/地质,衡阳,5000-6000,5000,6000
廊坊振华全京申汽车零部件有限公司,总账会计,4.2-7.5千,廊坊,5-7年,大专,"五险一金
通讯补贴
专业培训
双休
餐饮补贴",已上市  |  50-150人,汽车零配件,廊坊,4200-7500,4200,7500
江苏优车享信息科技有限公司,应收会计（双休/五险一金）,5-7千・13薪,南京・江宁区,2年,本科,"会计
审计
电商
财务
应收会计
五险一金
绩效奖金
节日福利
专业培训
年终奖金
员工旅游
带薪年假
员工福利",民营  |  50-150人,互联网/电子商务,南京,5000-7000,5000,7000
江苏科菱库精工科技有限公司,成本会计,5-6千,常州・金坛区,2年,大专,"成本核算
会计
成本会计
财务
年终奖金
五险
专业培训
包住宿
包吃
住房补贴
高温补贴",合资  |  150-500人,机械/设备/重工,常州,5000-6000,5000,6000
青岛雅园物业管理有限公司上海分公司,会计,6-8千,上海・闵行区,3-4年,大专,"物业
财务
五险一金
餐饮补贴
定期体检
年终奖金
高温补贴",民营  |  50-150人,物业管理/商业中心,上海,6000-8000,6000,8000
四川贝多财务咨询有限公司,管理会计/主管会计,8千-1万,成都・青羊区,1年,大专,"财务
财务主管
会计助理
财务助理
会计主管
总账会计
税务
出纳
管理会计
主管会计
周末双休
五险一金
专业培训
节日福利
全勤奖
交通补贴
餐饮补贴
通讯补贴
商业意外保险
绩效奖金",民营  |  50-150人,专业服务(咨询、人力资源、财会),成都,8000-10000,8000,10000
广东源生园林有限公司,全盘会计/财务主管/总账主管,6-8千,东莞・东城区,3-4年,大专,"会计
财务
总账
全盘会计
全盘账务
财务管理
会计核算
五险一金
年终奖金
专业培训
通讯补贴",民营  |  50-150人,建筑/建材/工程,东莞,6000-8000,6000,8000
武汉顶通物流有限公司,会计,4-6千,武汉・武汉经济开发区,3-4年,本科,"财务
财务助理
税务
带薪年假
五险一金
绩效奖金
全勤奖
节日福利
专业培训
加班补贴",外资（非欧美）  |  50-150人,交通/运输/物流,武汉,4000-6000,4000,6000
广东蒲阳基础工程有限公司,建筑内账会计,5-6.5千,东莞・南城区,5-7年,大专,"会计
建筑行业
年终奖金
员工旅游
节日福利
定期聚餐
五险
餐饮补贴",民营  |  50-150人,建筑/建材/工程,东莞,5000-6500,5000,6500
胜安（杭州）信息技术咨询服务有限公司,会计主管,8千-1万・14薪,杭州,5-7年,本科,"员工旅游
餐饮补贴
通讯补贴
绩效奖金
年终奖金
定期体检
补充商业保险
五险一金",民营  |  少于50人,医疗设备/器械,杭州,8000-10000,8000,10000
沈阳百鸣人力资源有限公司,融资会计专员,7-9千,大连,2年,大专,"融资
投资
财务会计
材料整理
资金来往
融资资料
会计
审计
五险一金
员工旅游
专业培训
股票期权
弹性工作
定期体检
绩效奖金
年终奖金
补充公积金
补充医疗保险",民营  |  1000-5000人,中介服务,大连,7000-9000,7000,9000
科麦（上海）烘焙食品贸易有限公司,应收会计,6.5-7.5千,上海・徐汇区,2年,大专,"财务会计
账务处理
查帐
帐目报表
会计师
管理报表
周末双休
五险一金
全勤奖
带薪年假
餐饮补贴
绩效奖金
员工旅游
年终奖金",外资（非欧美）  |  500-1000人,快速消费品(食品、饮料、化妆品),上海,6500-7500,6500,7500
无锡华阳科技有限公司,会计,4.5-5千,无锡・梁溪区,2年,大专,"财务管理
会计学
记账凭证
财务
会计
核销
会计制度
应收账款表
数据校验核对
办公软件
年终奖金
节日福利
包吃
包住宿
五险一金
专业培训
员工旅游
通讯补贴",民营  |  500-1000人,电子技术/半导体/集成电路,无锡,4500-5000,4500,5000
深圳新宏泽包装有限公司,往来会计,6-8千,深圳・宝安区,2年,大专,"应收应付账款
五险一金",合资  |  500-1000人,印刷/包装/造纸,深圳,6000-8000,6000,8000
广州源临医疗器械有限公司,会计文员（广州南沙大岗工业区）,4.5-5千,广州・南沙区,2年,大专,"年终奖金
员工旅游
定期体检
工作餐
广州社保
专业培训",民营  |  50-150人,医疗设备/器械,广州,4500-5000,4500,5000
苏州凯博财务管理服务有限公司,会计助理,3.5-4.5千,苏州・工业园区,1年,大专,"会计
财务
助理
人事
文秘
五险
双休",民营  |  少于50人,会计/审计,苏州,3500-4500,3500,4500
深圳市华正行科技有限公司,财务会计,6-8千,深圳・龙华区,3-4年,大专,"财务
会计
包住宿
全勤奖
餐补
岗位津贴",民营  |  50-150人,电子技术/半导体/集成电路,深圳,6000-8000,6000,8000
深圳市三昊仪器设备有限公司,会计,6-8千,深圳,2年,大专,"财务
会计
会计主管
总账会计
财务主管
绩效奖金
年终奖金
周末双休
餐饮补贴
五险
全勤奖",民营  |  少于50人,仪器仪表/工业自动化,深圳,6000-8000,6000,8000
深圳市网是科技有限公司,会计专员,4-6千,萍乡,1年,本科,"办公软件
excel
财务报表
账务处理
经营管理报表
财税政策
工业企业
sap
节日福利
五险一金",民营  |  1000-5000人,通信/电信/网络设备,萍乡,4000-6000,4000,6000
深圳市先智物联科技有限公司,往来会计,7-9千,深圳・宝安区,2年,大专,"带薪年假
绩效奖金
全勤奖
节日福利
五险一金
带薪病假
员工旅游
年终奖金",民营  |  150-500人,计算机软件,深圳,7000-9000,7000,9000
武汉蓝驰科技股份有限公司,统计会计,4-5.5千・13薪,武汉,3-4年,大专,"包吃
周末双休
节日福利
交通补贴",民营  |  少于50人,计算机软件,武汉,4000-5500,4000,5500
北京市盈科律师事务所,会计,4-5千,南京・建邺区,1年,本科,"五险一金
周末双休
带薪年假
员工旅游
通讯补贴
交通补贴
定期体检",民营  |  5000-10000人,法律,南京,4000-5000,4000,5000
山西青瑛人力资源有限公司,全职会计,3-5千,太原,3-4年,大专,"会计
审计
建筑
劳务
弹性工作
五险
法定年休假
员工旅游
餐饮补贴
通讯补贴",民营  |  少于50人,专业服务(咨询、人力资源、财会),太原,3000-5000,3000,5000
上海栩尊建设工程有限公司,出纳会计助理,5-7千,上海・普陀区,1年,大专,"会计
出纳
会计助理
五险一金
交通补贴
餐饮补贴
年终奖金
员工旅游",民营  |  少于50人,建筑/建材/工程,上海,5000-7000,5000,7000
广东中膳金勺子食品集团有限公司,会计（双休+包吃住）,4-6千,广州・番禺区,2年,大专,"成本
成本会计
财务会计
会计主管
成本主管
会计助理
成本经理
财务
做五休二
包吃
周末双休
不定时下午茶
包住
绩效奖金
带薪年假
节日福利",民营  |  500-1000人,餐饮业,广州,4000-6000,4000,6000
中能建（上海）成套工程有限公司,总账会计,15-28万/年,上海・徐汇区,5-7年,本科,"财会
总账会计
业财一体化
应付
英语
excel
office
账务处理
报表
账务审核
五险一金
补充公积金
定期体检",国企  |  50-150人,建筑/建材/工程,上海,nan,,
三一重工港机事业部,费用会计,6千-1.2万・13薪,郴州,3-4年,本科,"五险一金
免费班车
年终奖金
专业培训
星级住宿
员工餐厅",民营  |  1000-5000人,机械/设备/重工,郴州,6000-12000,6000,12000
嘉兴国邦汽车销售有限公司,南湖区出纳和会计,4-6千,嘉兴・南湖区,1年,大专,"南湖区出纳
会计
汽车
财务
出纳
五险一金
包吃
绩效奖金
全勤奖
节日福利
专业培训
通讯补贴
弹性工作",民营  |  150-500人,汽车,嘉兴,4000-6000,4000,6000
广东爱派尔实业有限公司,会计助理,4-6千,深圳・宝安区,1年,大专,"包吃包住
五险",民营  |  150-500人,计算机软件,深圳,4000-6000,4000,6000
宿迁阿特斯阳光电力科技有限公司,会计,5-7千,宿迁,3-4年,本科,"固定资产盘点
固定资产
会计
管理报表
会计核算
五险一金
绩效奖金
通讯补贴
定期体检
年终奖金",民营  |  1000-5000人,新能源,宿迁,5000-7000,5000,7000
广州德谷个人护理用品有限公司,财务会计专员,5-7千,广州・花都区,2年,本科,"财务
会计助理
会计专员
资产
五险
绩效奖金
年终奖金
专业培训
定期体检
生日礼金
节日福利",民营  |  500-1000人,快速消费品(食品、饮料、化妆品),广州,5000-7000,5000,7000
广东泰升药业有限公司,应收会计,5-8千,佛山,3-4年,大专,"应收回款
往来
会计
对账单
社会保险
专业培训
年终奖金
弹性工作
定期体检
包三餐
包住宿
节日福利
带薪年假",民营  |  500-1000人,制药/生物工程,佛山,5000-8000,5000,8000
北京身心康科技有限公司,财务会计,6-8千,北京・大兴区,3-4年,本科,"财务
会计主管
税务
会计助理
财务助理
出纳
财务主管
五险一金
带薪年假",民营  |  50-150人,医疗设备/器械,北京,6000-8000,6000,8000
安福县鑫杰科科技有限公司,会计,3-5千,吉安,2年,中技/中专,"财务
会计
财务报表
税务
会计报表
财务软件
审核
监督
凭证编制
财务会计
节日福利
包吃住
全勤奖
五险",民营  |  150-500人,影视/媒体/艺术/文化传播,吉安,3000-5000,3000,5000
广州德谷个人护理用品有限公司,往来会计,4.5-5.5千・13薪,广州・花都区,1年,本科,"会计
五险一金
员工旅游
专业培训
定期体检
年终奖金
包吃住
有加班费
绩效奖金",民营  |  500-1000人,快速消费品(食品、饮料、化妆品),广州,4500-5500,4500,5500
深圳市高氏粘合剂制品有限公司,会计,6-8千,深圳,5-7年,大专,"会计
金蝶
成本核算
全盘账
包吃包住
专业培训
五险
节假日礼品",民营  |  150-500人,石油/化工/矿产/地质,深圳,6000-8000,6000,8000
上海博万兰韵投资有限公司,财务会计,9-12万/年,上海・青浦区,3-4年,本科,"财务
会计
会计核算
商业综合体
六险一金
交通补贴
定期体检
工作餐
带薪年假
节日福利",民营  |  50-150人,房地产,上海,nan,,
重庆健康食品有限公司,会计,4.5-6千,重庆・巴南区,1年,大专,"财务
出纳
财务主管
会计助理
财务助理
会计主管
总账会计
税务",民营  |  50-150人,快速消费品(食品、饮料、化妆品),重庆,4500-6000,4500,6000
广州市康润生物制品开发有限公司,会计（南沙，双休，五险一金）,5-6千・14薪,广州・南沙区,2年,大专,"印花税
应收账款催收
数据敏感性
审核报销单据
财务
五险一金
餐饮补贴
通讯补贴
定期体检
专业培训
绩效奖金
年终奖金
周末双休
员工旅游",民营  |  150-500人,医疗设备/器械,广州,5000-6000,5000,6000
南京广谱网络科技有限公司,会计,4-6千・13薪,南京・玄武区,2年,大专,"会计
税务
财务软件
财务报表
会计凭证
报税
发票开具
做账报税
凭证编制
带薪年假
包吃
节日福利
全勤奖",民营  |  少于50人,通信/电信/网络设备,南京,4000-6000,4000,6000
安徽瑞丰汽车服务有限公司,瑞丰汽车 招聘 主办会计 财务,3-4千,合肥・经开区,3-4年,中技/中专,"财务
会计
财务资料
财务会计
c1驾照
五险一金
定期体检
年终奖金
专业培训",民营  |  少于50人,租赁服务,合肥,3000-4000,3000,4000
中信养老产业有限公司,会计,15-20万/年,上海・崇明区,3-4年,本科,"管家
养老社区
带薪年假
五险一金
免费班车
周末双休",国企  |  50-150人,多元化业务集团公司,上海,nan,,
德仕科技（深圳）有限公司,会计,6-8千,深圳・宝安区,3-4年,大专,"会计
财务分析
财务
五险一金
定期体检
包吃包住",外资（欧美）  |  500-1000人,机械/设备/重工,深圳,6000-8000,6000,8000
东莞市沙田和讯财税咨询事务所,财务/会计助理,4.5-6千,东莞・沙田镇,1年,大专,"财务
会计
财务助理
会计助理
周末双休
五险一金
带薪年假
包住宿
包吃
绩效奖金",民营  |  少于50人,会计/审计,东莞,4500-6000,4500,6000
深圳北理莫斯科大学,财务信息化兼会计核算岗,1-2万,深圳・龙岗区,3-4年,硕士,"会计
财务管理
编程
结算
财务
财务软件
分析报告
cpa
账务处理
核算体系
五险一金
补充医疗保险
补充公积金
免费班车
通讯补贴
餐饮补贴
交通补贴
绩效奖金
专业培训
出国机会",非营利组织  |  500-1000人,教育/培训/院校,深圳,10000-20000,10000,20000
广东鸹管道系统有限公司,财务会计（五险+包吃住+朝九晚五）,4.5-6千,清远,3-4年,中技/中专,"会计
财务
总账会计
税务
会计助理
财务助理
五险
包住宿
包吃",外资（非欧美）  |  150-500人,原材料和加工,清远,4500-6000,4500,6000
武汉飞腾亚化工新材料有限公司,总账会计（双休）,5-7千・13薪,武汉・汉阳区,2年,大专,"会计
总账
周末双休
带薪年假
绩效奖金
专业培训
五险一金",民营  |  150-500人,新能源,武汉,5000-7000,5000,7000
武汉绿色网络信息服务有限责任公司,核算会计,8千-1.2万・13薪,武汉・洪山区,3-4年,本科,"五险一金
补充医疗保险
餐饮补贴
通讯补贴
交通补贴
年终奖金
定期体检
股票期权",民营  ,计算机软件,武汉,8000-12000,8000,12000
浙江海拓环境技术有限公司,财务会计主管,15-30万/年,上海・闵行区,5-7年,本科,"财务主管
会计主管
总账会计
五险一金
专业培训
年终奖金
定期体检
员工旅游
补充医疗保险
餐饮补贴
通讯补贴",国企  |  500-1000人,环保,上海,nan,,
富冠精密技术（深圳）有限公司,成本会计（HS),8-9千,深圳・宝安区,5-7年,高中,"绩效奖金
全勤奖
节日福利
带薪年假
五险",民营  |  150-500人,机械/设备/重工,深圳,8000-9000,8000,9000
东华能源（茂名）有限公司,工程会计,6千-1万・15薪,茂名,2年,本科,"五险一金
年终奖金
定期体检
节日福利
工作餐
带薪年假",已上市  |  少于50人,石油/化工/矿产/地质,茂名,6000-10000,6000,10000
上海道而正品牌顾问有限公司,基地会计,6千-1.2万,上海・闵行区,1年,大专,"五险一金
餐饮补贴
通讯补贴
绩效奖金
年终奖金",民营  |  50-150人,专业服务(咨询、人力资源、财会),上海,6000-12000,6000,12000
东莞市信诺无纺科技有限公司,会计主管,7千-1万,东莞・大岭山镇,2年,大专,"财务管理
全盘账务
税务处理
审计法规
财税法律规范
账务处理
全勤奖
包吃
包三餐
年终奖金",民营  |  50-150人,服装/纺织/皮革,东莞,7000-10000,7000,10000
安徽袁粮水稻产业有限公司,总账会计,5-8千・15薪,合肥,3-4年,本科,"会计
审计
电商
做五休二
周末双休
五险一金
绩效奖金
节日福利
专业培训
交通补贴
加班补贴
通讯补贴
高温补贴",民营  |  50-150人,农/林/牧/渔,合肥,5000-8000,5000,8000
内蒙古德信远方医疗器械有限公司,会计兼出纳,3.5-6千,赤峰,3-4年,大专,"五险
双休、年假",民营  ,医疗设备/器械,赤峰,3500-6000,3500,6000
成都市兴尚鑫服装展示道具有限公司,成本会计,0.8-1万,成都・金牛区,3-4年,大专,"成本
五险
绩效奖金
年终奖金
专业培训
节日福利
员工旅游
单休",民营  |  150-500人,家居/室内设计/装潢,成都,08000-10000,8000,10000
湖北航嘉麦格纳座椅系统有限公司贵阳分公司,会计,8-11万/年,贵阳,3-4年,大专,"用友财务软件
会计报表
成本核算
金蝶erp
财务凭证
凭证审核
财务
周末双休
带薪年假
五险一金
绩效奖金
节日福利
专业培训
交通补贴
住房补贴
年终奖金
通讯补贴",合资  |  50-150人,汽车,贵阳,nan,,
湖北中天兴业建设工程有限公司,会计出纳兼行政,4.5-6千,武汉・武昌区,1年,大专,"会计
财务出纳
财务
会计助理
财务助理",民营  |  500-1000人,建筑/建材/工程,武汉,4500-6000,4500,6000
镭德杰标识科技武汉有限公司,会计,3.5-5千・13薪,武汉・东西湖区,1年,大专,"财务
会计助理
专业培训
免费班车
年终奖金
绩效奖金",民营  |  150-500人,电子技术/半导体/集成电路,武汉,3500-5000,3500,5000
苏州华智诚精工科技有限公司,会计专员,8-9.5千,苏州,5-7年,大专,"会计
U8
制造
总账
员工旅游
交通补贴
年终奖金
定期体检",民营  |  150-500人,机械/设备/重工,苏州,8000-9500,8000,9500
广东晨海科技有限公司,成本会计,7-9.5千,东莞・东城区,2年,本科,"成本管控
降低成本
成本统计
成本数据库
五险一金
员工旅游
绩效奖金
年终奖金
包吃住
综合补贴
生日会及礼物
奖励计划
节假日福利
法定节假日",民营  |  150-500人,计算机软件,东莞,7000-9500,7000,9500
湖北菲利华石英玻璃股份有限公司,财务会计,6-8千,荆州,3-4年,本科,"财务
成本管理
总账
费用
账务处理
带薪年假
五险一金
免费班车
绩效奖金
节日福利
专业培训
交通补贴",已上市  |  1000-5000人,原材料和加工,荆州,6000-8000,6000,8000
上海中国弹簧制造有限公司,成本会计,10-13万/年,上海・宝山区,2年,大专,"成本
五险一金
交通补贴
绩效奖金
年终奖金
定期体检
高温补贴
季度奖金",国企  |  1000-5000人,汽车,上海,nan,,
伟光汇通运管区域公司,会计,4.5-5.5千,楚雄,5-7年,大专,"财务管理
社会保险
专业培训
带薪年假",民营  |  50-150人,房地产,楚雄,4500-5500,4500,5500
广州中汉口腔用品有限公司,会计,5.5-6千,广州・白云区,2年,大专,"员工旅游
专业培训
绩效奖金
年终奖金
包三餐
包住宿
加班补贴
五险",民营  |  500-1000人,快速消费品(食品、饮料、化妆品),广州,5500-6000,5500,6000
天顺风能（苏州）股份有限公司,总账会计,6-8千・15薪,苏州,5-7年,本科,"五险一金
员工旅游
餐饮补贴
通讯补贴
专业培训
绩效奖金
年终奖金
定期体检",已上市  |  1000-5000人,机械/设备/重工,苏州,6000-8000,6000,8000
深圳市网是科技有限公司,成本会计,5-7千,萍乡,3-4年,大专,"会计
带薪年假
五险一金
节日福利
绩效奖金",民营  |  1000-5000人,通信/电信/网络设备,萍乡,5000-7000,5000,7000
北京京溢数字科技有限公司,会计,8千-1.2万,北京・丰台区,3-4年,本科,"财务
会计
财务报表
财务软件
税法
税务
财经纪律
财务预算报告
会计准则
财务管理制度
五险一金
带薪年假
发展空间大",民营  |  少于50人,计算机软件,北京,8000-12000,8000,12000
太仓中集冷藏物流装备有限公司,总账会计,9千-1万・13薪,太仓,3-4年,本科,"五险一金
免费班车
交通补贴
餐饮补贴
专业培训
绩效奖金
年终奖金
定期体检
提供食宿",合资  |  1000-5000人,机械/设备/重工,太仓,9000-10000,9000,10000
博泽西德科（上海）汽车系统有限公司,总账会计,1.5-2万,上海,5-7年,本科,"做五休二
带薪年假
五险一金
免费班车
节日福利
专业培训
通讯补贴",合资  |  500-1000人,汽车,上海,15000-20000,15000,20000
安徽天添塑业有限公司,会计,5-6千・13薪,广州,1年,大专,"员工旅游
绩效奖金
年终奖金
五险一金
专业培训",民营  |  150-500人,批发/零售,广州,5000-6000,5000,6000
深圳市艾利特医疗科技有限公司,出纳会计,8千-1.5万,深圳・光明区,5-7年,本科,"员工旅游
专业培训
绩效奖金
年终奖金
定期体检
五险一金
出国机会
节日福利
提供食宿",民营  |  150-500人,医疗设备/器械,深圳,8000-15000,8000,15000
江西天致医药有限公司,往来会计,6-8千,南昌・东湖区,1年,本科,"财务
出纳
财务助理
税务
会计助理",民营  ,制药/生物工程,南昌,6000-8000,6000,8000
深圳市千分一智能技术有限公司,资金会计,7千-1.2万,深圳・南山区,1年,本科,"资金收付
资金管理
现金日记账
金蝶云
资金报表
五险一金
专业培训
年终奖金
补充医疗保险
零食
团建",民营  |  150-500人,通信/电信/网络设备,深圳,7000-12000,7000,12000
武汉市斯克尔通信设备服务有限公司,会计,4-5.5千,武汉・武昌区,5-7年,大专,"财务
五险一金
交通补贴
餐饮补贴
通讯补贴
员工旅游
专业培训
绩效奖金
年终奖金
弹性工作",民营  |  150-500人,通信/电信/网络设备,武汉,4000-5500,4000,5500
银亿集团有限公司,成本会计,7-9千,宁波・鄞州区,3-4年,大专,"制造业
财会
餐饮补贴
通讯补贴
专业培训
绩效奖金
五险
员工旅游
定期体检",民营  |  1000-5000人,多元化业务集团公司,宁波,7000-9000,7000,9000
南充市君信财务服务有限公司,会计,5-8千,南充,1年,大专,"会计凭证审核
财务报表
财务软件
纳税申报
五险一金
专业培训
年终奖金
双休
节日福利",民营  |  少于50人,专业服务(咨询、人力资源、财会),南充,5000-8000,5000,8000
上海大角星信息科技有限公司,出纳会计,5-7千,无锡・滨湖区,3-4年,大专,"五险一金
员工旅游
年终奖金
带薪年假
定期体检
团队聚餐
节假日福利",民营  |  50-150人,计算机软件,无锡,5000-7000,5000,7000
苏州清越光电科技股份有限公司,总账会计,6千-1万,昆山,5-7年,大专,"财务
总账会计
专业培训
五险一金
员工旅游
年终奖金
定期体检
工作餐免费",合资  |  500-1000人,电子技术/半导体/集成电路,昆山,6000-10000,6000,10000
苏州颐阳展示设备有限公司,主办会计,8千-1万,昆山,5-7年,大专,"会计
主办会计
总账会计
财务主管
五险一金
员工旅游
交通补贴
餐饮补贴
通讯补贴
专业培训
年终奖金
定期体检",民营  |  50-150人,家具/家电/玩具/礼品,昆山,8000-10000,8000,10000
广东易思教育科技有限公司,会计,3-6千,揭阳,1年,大专,朝九晚六,民营  |  少于50人,教育/培训/院校,揭阳,3000-6000,3000,6000
广州市益而高科技发展有限公司,会计文员,5-8千,广州・番禺区,3-4年,本科,"会计
社保五险
专业培训
五天工作制
带薪年假",合资  |  1000-5000人,办公用品及设备,广州,5000-8000,5000,8000
武汉红坊医疗科技有限公司,会计,5-6千,武汉・洪山区,3-4年,大专,"会计
会计核算
会计凭证
财务管理
入账
财务软件
核对往来
资产核实
纳税申报
财务资料整理
做五休二
周末双休
绩效奖金
全勤奖
节日福利
专业培训
加班补贴",民营  |  50-150人,医疗设备/器械,武汉,5000-6000,5000,6000
中山中晟环境科技有限公司,应收会计,4.5-5千・13薪,中山,无需经验,大专,"会计
货款回收
应收账款
开具
监督检查
考核
统计表
账龄分析
往来会计
五险一金
员工旅游
专业培训
年终奖金
绩效奖金
国家节假日",民营  |  50-150人,环保,中山,4500-5000,4500,5000
成都海兴门窗装饰工程有限公司,主办会计,8千-1万,成都・双流区,5-7年,大专,"有晋升空间
单休
五险
绩效奖金
包住宿
节日福利",民营  |  150-500人,建筑/建材/工程,成都,8000-10000,8000,10000
广州沃迪贸易有限公司,财务会计专员,5-7千,广州・白云区,1年,中技/中专,"会计
财务
带薪年假
包吃
节日福利
五险一金",民营  |  50-150人,汽车,广州,5000-7000,5000,7000
焕乐环保设备（上海）有限公司,会计,7千-1.2万,上海・金山区,5-7年,大专,"五险一金
绩效奖金
年终奖金
弹性工作
补充医疗保险",民营  |  少于50人,机械/设备/重工,上海,7000-12000,7000,12000
上海优程食品有限公司,总帐成本会计,7.5-9千,上海・闵行区,8-9年,大专,"五险一金
绩效奖金
年终奖金
周末双休
带薪年假",外资（非欧美）  |  50-150人,快速消费品(食品、饮料、化妆品),上海,7500-9000,7500,9000
思康睿奇（上海）药业有限公司,总账会计,1-1.5万・13薪,上海・浦东新区,3-4年,本科,"财务
财务主管
总账会计
五险一金
员工旅游
餐饮补贴
专业培训
绩效奖金
年终奖金
员工生日会
定期团建",外资（欧美）  |  50-150人,学术/科研,上海,10000-15000,10000,15000
深圳只愎际创意有限公司,会计,6千-1万,深圳・福田区,2年,本科,"总帐
账务处理
进出口会计
电子芯片
五险一金
周末双休",民营  |  少于50人,家具/家电/玩具/礼品,深圳,6000-10000,6000,10000
浙江新月控股集团有限公司,会计,6-8千,杭州・上城区,2年,大专,"总账会计
高温补贴
餐饮补贴
五险
周末双休
年底奖金",民营  |  1000-5000人,贸易/进出口,杭州,6000-8000,6000,8000
陕西捷豹路虎汽车4S中心,会计,5.5-6千・13薪,西安・未央区,3-4年,大专,"带薪年假
五险一金
补充医疗保险
员工食堂
节日福利",合资  |  50-150人,汽车,西安,5500-6000,5500,6000
广州业业成工商注册代理有限公司,会计(有社保，双休，地铁直达),4.5-6千,广州・天河区,1年,大专,"会计
财务
会计助理
财务助理
周末双休
餐饮补贴
高温补贴
五险一金",民营  |  少于50人,专业服务(咨询、人力资源、财会),广州,4500-6000,4500,6000
北京京越物业服务有限公司,会计,6-8千・13薪,北京・海淀区,2年,大专,"会计
带薪年假
五险一金
包吃
包住宿
绩效奖金
节日福利
加班补贴
节假日三薪
周末双休",民营  |  少于50人,生活服务,北京,6000-8000,6000,8000
一人供应链（上海）有限公司,总账会计,7-8千,上海・青浦区,1年,大专,"会计主管
总账会计",民营  ,贸易/进出口,上海,7000-8000,7000,8000
广东龙辉基业建筑机械有限公司,物业会计,6-7千,广州,3-4年,大专,"会计
审计
全盘账
社保
餐费补贴
专业培训
节假日礼品
季度福利品
大小周休",民营  |  500-1000人,建筑/建材/工程,广州,6000-7000,6000,7000
广水市黄土关生态农业文化旅游有限公司,财务主管会计,5-8千,随州,3-4年,大专,"工程造价
审计
审核
税务
财务核算
员工旅游
绩效奖金
免费班车
五险一金",民营  ,环保,随州,5000-8000,5000,8000
深圳市正轩建筑劳务有限公司,会计（急招）,4.5-6千,惠州・惠城区,2年,中技/中专,"专业培训
五险
节日福利
包住宿
弹性工作",民营  |  500-1000人,建筑/建材/工程,惠州,4500-6000,4500,6000
西安万业房地产开发有限公司,企业财务督查/审计/会计/税务,7-9千,西安,3-4年,大专,"五险一金
定期体检
绩效奖金
节日福利",合资  |  50-150人,房地产,西安,7000-9000,7000,9000
深圳市金百泽电子科技股份有限公司,总账会计（集团总部）,5千-1万,深圳・福田区,3-4年,本科,"纳税申报
付款单据
金蝶系统
会计
五险一金
年终奖金
带薪年假
周末双休",已上市  |  1000-5000人,电子技术/半导体/集成电路,深圳,5000-10000,5000,10000
北京中进万国汽车销售服务有限公司,成本会计,5千-1万,北京・大兴区,3-4年,大专,"成本会计
五险一金
包吃
绩效奖金
带薪年假
高温补贴",国企  |  150-500人,汽车,北京,5000-10000,5000,10000
深圳市棠越服装设计有限公司,销售会计,5.5-7千,深圳・龙岗区,2年,大专,"五险一金
弹性工作
专业培训
社保
绩效奖金
加班补贴",民营  |  50-150人,服装/纺织/皮革,深圳,5500-7000,5500,7000
湖北新华杰程投资集团有限公司,核算会计,4-5千,宜昌・伍家岗区,3-4年,大专,"会计
审计
五险一金
餐饮补贴
弹性工作",民营  |  50-150人,房地产,宜昌,4000-5000,4000,5000
苏州龙居电子科技有限公司,会计,5-7千,苏州,2年,大专,"会计
绩效奖金
交通补贴
年终奖金",民营  |  150-500人,原材料和加工,苏州,5000-7000,5000,7000
苏州花伴雨电子科技有限公司,主办会计,5-8千・13薪,苏州・高新区,2年,大专,"会计
审计
电商
贸易
政府
学校
医院
五险一金
员工旅游
餐饮补贴
专业培训
绩效奖金
年终奖金
股票期权
弹性工作
定期体检",民营  |  少于50人,办公用品及设备,苏州,5000-8000,5000,8000
深圳市威睿晶科电子有限公司,总账会计,8千-1万,深圳・光明区,2年,大专,"会计
crm
财务报表
电子制造业
提成核算
销售出库
财务分析
财务软件
核对账单
会计准则
专业培训
绩效奖金
年终奖金
员工旅游
五险一金
节日福利
全勤奖",民营  |  150-500人,电子技术/半导体/集成电路,深圳,8000-10000,8000,10000
河北旭阳能源有限公司,财务会计,6千-1万,保定,2年,本科,"运营
财务
审计
财务报表
财务制度
会计报表
归档
税务
成本
内控
月休6天
带薪年假
五险一金
包住宿
免费班车
餐饮补贴
住房补贴
全勤奖
绩效奖金
年终奖",民营  |  1000-5000人,新能源,保定,6000-10000,6000,10000
重庆博行大展汽车销售有限公司,会计专员（重庆红旗4S店）,4-5千,重庆・渝北区,3-4年,大专,"会计
财务
五险一金
员工食堂
专业培训
定期体检",民营  |  1000-5000人,批发/零售,重庆,4000-5000,4000,5000
广州市神炬装饰设计有限公司,会计,5千-1万,广州・黄埔区,2年,中技/中专,"财务
出纳
会计助理
财务主管
财务助理
会计主管
税务
总账会
会计
财务专员
带薪年假
全勤奖
节日福利
社保
年终奖金",民营  |  150-500人,建筑/建材/工程,广州,5000-10000,5000,10000
重庆硕盈峰新能源科技有限公司,会计助理,4-5千,重庆・渝北区,无需经验,本科,"五险一金
年终奖金
周末双休",民营  |  少于50人,新能源,重庆,4000-5000,4000,5000
杭州京杭生物科技有限公司,成本会计,5-7千,杭州・余杭区,2年,大专,"财务
成本核算
成本分析
存货盘点
成本分析表
材料耗用
绩效奖金
周末双休
带薪年假
节日福利
专业培训
交纳五险
餐饮补贴",民营  |  50-150人,贸易/进出口,杭州,5000-7000,5000,7000
江苏d远生物科技股份有限公司,应付会计,8千-1.2万,上海・浦东新区,2年,本科,"交通补贴
餐饮补贴
五险一金
通讯补贴
弹性工作
定期体检
员工旅游
补充医疗保险
年终奖金",民营  |  150-500人,制药/生物工程,上海,8000-12000,8000,12000
深圳市派伊生物技术开发有限公司,出纳会计,8千-1万,深圳・南山区,3-4年,大专,"财务
会计
数据统计
出入库管理
会计证
财务报表
台账
财务预算
会计报表
出入库登记
五险一金
员工旅游
专业培训
绩效奖金
年终奖金
定期体检",民营  |  1000-5000人,医疗/护理/卫生,深圳,8000-10000,8000,10000
广州锐美家建筑材料有限公司,财务会计,6-8千・13薪,广州・白云区,3-4年,大专,"出纳
会计凭证
会计
报表
会计科目
财务
财务主管
出纳员
财务经理
会计助理
包住宿
节日福利
专业培训
五险
带薪年假15天",民营  |  50-150人,建筑/建材/工程,广州,6000-8000,6000,8000
深圳市罗湖区银湖外国语实验学校,总账会计,6.5-7.5千,深圳・龙岗区,1年,大专,"财务
总账会计
会计
会计主管
周末双休
朝九晚六
带薪寒假
包三餐
包住宿
节日福利
五险一金",民营  |  1000-5000人,学术/科研,深圳,6500-7500,6500,7500
深圳市商企通商业服务有限公司,涉外会计（海外/香港公司会计）,8千-1.5万・13薪,深圳・福田区,1年,本科,"会计
审计
电商
涉外会计
香港审计
新加坡会计
香港做账报税
五险一金
员工旅游
通讯补贴
专业培训
绩效奖金
年终奖金
周末双休",民营  |  少于50人,专业服务(咨询、人力资源、财会),深圳,8000-15000,8000,15000
陕西橡山酒店管理有限公司,会计助理,2.8-3.5千,咸阳・礼泉县,2年,大专,"总账会计
包吃
带薪年假
节日福利
包住宿
专业培训",民营  |  150-500人,酒店/旅游,咸阳,2800-3500,2800,3500
瑞庭网络技术（上海）有限公司合肥分公司,总账会计,6千-1.2万,上海,3-4年,本科,"五险一金
弹性工作
定期体检
绩效奖金
年终奖金",民营  |  10000人以上,房地产,上海,6000-12000,6000,12000
湖南盛耀建设工程有限公司,项目会计（驻工地）,4-8千,长沙・雨花区,3-4年,大专,"项目会计
全盘会计
总账会计
驻场会计
节日福利
交通补贴
五险
弹性工作
高温补贴
包住宿
包吃",民营  |  少于50人,建筑/建材/工程,长沙,4000-8000,4000,8000
广东南方建设集团有限公司,会计,6-7千,广州,3-4年,大专,"会计
大小周
包中餐
买社保
证件补贴
带薪年假",民营  |  1000-5000人,建筑/建材/工程,广州,6000-7000,6000,7000
宁波艾科制冷工程有限公司,会计助理(双休+五险一金+免费三餐),5-6千,宁波・江北区,2年,本科,"五险一金
节日福利
餐饮补贴
生日福利
提供三餐",民营  |  500-1000人,贸易/进出口,宁波,5000-6000,5000,6000
中远海运化工物流有限公司,总账会计,9.6-12.9万/年,上海・杨浦区,5-7年,本科,"做五休二
带薪年假
五险一金
年终奖金",国企  |  150-500人,交通/运输/物流,上海,nan,,
湖北丛霖农业生态有限责任公司,会计,5-6千,武汉・江夏区,5-7年,本科,"财务主管
包三餐
包住宿
绩效奖金
节日福利
专业培训
全勤奖
交通补贴
五险",民营  |  50-150人,农/林/牧/渔,武汉,5000-6000,5000,6000
广东南方建设集团有限公司,主办会计,7-9千,广州,5-7年,大专,"会计
财务
大小周制
专业培训
领导nice
购买社保
带薪年假
包中餐
年终奖金",民营  |  1000-5000人,建筑/建材/工程,广州,7000-9000,7000,9000
嘉士伯（中国）啤酒工贸有限公司,会计主管（厦门）,8千-1.3万・13薪,厦门,3-4年,本科,"五险一金
通讯补贴
餐饮补贴
交通补贴
年终奖金
定期体检
专业培训",外资（欧美）  |  500-1000人,快速消费品(食品、饮料、化妆品),厦门,8000-13000,8000,13000
南侨食品集团（上海）股份有限公司,成本会计,6-8千,上海・徐汇区,3-4年,大专,"五险一金
年终奖金",外资（非欧美）  |  1000-5000人,快速消费品(食品、饮料、化妆品),上海,6000-8000,6000,8000
宝来石化销售（上海）有限公司,应收会计,6-8千,上海・长宁区,1年,本科,"会计
财务
税务
应收
五险一金
餐饮补贴
通讯补贴
带薪年假
周末双休",外资（非欧美）  |  少于50人,石油/化工/矿产/地质,上海,6000-8000,6000,8000
广州市文逸通讯设备有限公司,总账会计,5-7千,广州・白云区,2年,大专,"财务
总账会计
包吃
包住宿
全勤奖
五险一金",民营  |  500-1000人,贸易/进出口,广州,5000-7000,5000,7000
成都文谚财务咨询有限公司,沟通会计,5-8千,成都,1年,大专,"会计
周末双休
正式员工岗位
专业培训
节日福利
定期体检
年终奖金
员工旅游
五险一金",民营  |  50-150人,专业服务(咨询、人力资源、财会),成都,5000-8000,5000,8000
江苏烽禾升智能科技有限公司,总账会计,8千-1.2万,苏州,3-4年,本科,"五险一金
专业培训
年终奖金",民营  |  1000-5000人,仪器仪表/工业自动化,苏州,8000-12000,8000,12000
广州市必躬亲贸易有限公司,电商会计,5-8千・13薪,广州・白云区,1年,本科,"会计
审计
电商
全勤奖
绩效奖金
通讯补贴
专业培训
五险一金
员工旅游",民营  |  150-500人,批发/零售,广州,5000-8000,5000,8000
江苏修德材料科技有限公司,会计（溧阳竹箦）,5-7千,常州・溧阳市,5-7年,大专,"财务
会计
出纳
财务报表
统计申报
固定资产管理
成本管理
财务核算
入职缴纳保险
绩效奖金
专业培训
加班补贴
年终奖金
带薪年假
提供工作餐",民营  |  少于50人,石油/化工/矿产/地质,常州,5000-7000,5000,7000
江苏烽禾升智能科技有限公司,总账会计,8千-1.2万,苏州,3-4年,本科,"五险一金
专业培训
年终奖金",民营  |  1000-5000人,仪器仪表/工业自动化,苏州,8000-12000,8000,12000
中润建安集团有限公司,会计,4-6千,苏州・相城区,3-4年,大专,"总账会计
税务
会计主管
财务
做五休二
餐饮补贴
五险一金
交通补贴
专业培训
定期体检
员工旅游",民营  |  50-150人,建筑/建材/工程,苏州,4000-6000,4000,6000
聚利和集团股份有限公司,会计,3-4千,安康,3-4年,大专,"成本核算
食品
记账凭证
纳税申报
供应链
餐饮",民营  |  1000-5000人,餐饮业,安康,3000-4000,3000,4000
上海琥崧智能科技股份有限公司,主办会计,7千-1.2万,太仓,2年,本科,"五险一金
绩效奖金
年终奖金
专业培训
定期体检",民营  |  150-500人,机械/设备/重工,太仓,7000-12000,7000,12000
阜南联美农产品有限公司,会计,3-4.5千,阜阳,1年,大专,"会计
包吃
包住宿
节日福利
专业培训",合资  |  150-500人,快速消费品(食品、饮料、化妆品),阜阳,3000-4500,3000,4500
武汉盛为芯科技有限公司,总账会计 年薪12-15万/年,6千-1万,武汉・江夏区,2年,本科,"会计学
成本管理
报表分析
财务核算
五险一金
绩效奖金
餐饮补贴",民营  |  50-150人,电子技术/半导体/集成电路,武汉,6000-10000,6000,10000
上海艾枫机电设备有限公司,应付会计兼出纳,5-6.5千,上海・松江区,1年,大专,"办公软件
会计初级
费用支付
开具发票
费用报销审核
记账登记
五险一金
出差补贴
带薪年假
专业培训
加班补贴
年终奖金",民营  |  50-150人,机械/设备/重工,上海,5000-6500,5000,6500
杭州市临空建设投资集团有限公司,会计岗（信息化建设）,15-30万/年,杭州・萧山区,5-7年,本科,"sql
财务管理
会计学
维护
财务软件系统
会计师
五险一金
员工旅游
餐饮补贴
通讯补贴
定期体检
补充医疗保险
企业年金",国企  |  150-500人,多元化业务集团公司,杭州,nan,,
阜南联美农产品有限公司,会计,4.5-5.5千,阜阳,5-7年,大专,"会计
包吃
包住宿
节日福利
专业培训",合资  |  150-500人,快速消费品(食品、饮料、化妆品),阜阳,4500-5500,4500,5500
苏州亿源智能装备有限公司,主办会计,7-9千,滁州,3-4年,大专,"五险一金
年终奖金
定期体检
专业培训",民营  |  少于50人,仪器仪表/工业自动化,滁州,7000-9000,7000,9000
华晨鑫源重庆汽车有限公司九龙坡分公司,成本核算会计,5-6千,重庆・涪陵区,3-4年,本科,"会计
五险一金
餐饮补贴
年终奖金
带薪年假
节日礼物
员工班车
员工宿舍",民营  |  5000-10000人,机械/设备/重工,重庆,5000-6000,5000,6000
四川西南联盛通讯技术有限公司深圳市分公司,税务会计+近地铁+五险一金,1-2万,深圳・南山区,3-4年,大专,"税务
税务申报
税务筹划
税务管理
税务政策
税收政策
控制税务风险
税收筹划方案
税务报告
税务自查
五险一金
节日礼品",民营  |  1000-5000人,贸易/进出口,深圳,10000-20000,10000,20000
上海墨润塑料科技有限公司,财务会计专员,7千-1.2万,上海・闵行区,3-4年,大专,"财务主管
总账会计
财务
五险一金
通讯补贴
出国机会
绩效奖金
年终奖金
交通补贴
员工旅游
周末双休
节日福利
带薪年假",民营  |  50-150人,贸易/进出口,上海,7000-12000,7000,12000
佛山市威王日用电器有限公司,应付会计,5-6千,佛山・顺德区,1年,大专,"应付会计
五险一金
交通补贴
餐饮补贴
专业培训",合资  |  500-1000人,家具/家电/玩具/礼品,佛山,5000-6000,5000,6000
东莞市蓓凡家居有限公司,主办会计,5-6千,东莞・厚街镇,3-4年,中技/中专,"总账会计
节日福利
专业培训
包住宿
包吃
购买社保",民营  |  150-500人,家具/家电/玩具/礼品,东莞,5000-6000,5000,6000
广州市本港集装箱工程技术服务有限公司,会计（深圳）,6-8千,深圳・宝安区,2年,大专,"会计
财务
会计凭证
会计法规
成本分析报告
会计证
报销费用审核
成本核算
财务软件
数据统计
带薪年假
工龄工资
节日福利
高温补贴
专业培训
社会保险
商业保险
年终奖金",民营  |  150-500人,交通/运输/物流,深圳,6000-8000,6000,8000
佛山市威王日用电器有限公司,成本会计,7-8千,佛山・顺德区,1年,大专,"财务
五险一金
交通补贴
餐饮补贴
专业培训",合资  |  500-1000人,家具/家电/玩具/礼品,佛山,7000-8000,7000,8000
广东小崧科技股份有限公司,会计主管,5-8千,江门,3-4年,本科,"财务
财务主管
会计主管
通讯补贴
购置社保
上市公司
晋升空间
包三餐
节日福利
绩效奖金
年终奖金
专业培训",已上市  |  1000-5000人,电子技术/半导体/集成电路,江门,5000-8000,5000,8000
长沙淘顺信息科技有限公司,全盘会计,6-8千,长沙・芙蓉区,5-7年,大专,"总账会计
财务
周末双休
节日福利
带薪年假
五险",民营  |  50-150人,通信/电信运营、增值服务,长沙,6000-8000,6000,8000
浙江杰记科技有限公司,会计,5.5-9千,湖州・德清县,无需经验,本科,"会计
五险
员工旅游
餐饮补贴
年终奖金
满合同奖
住房补贴",民营  |  50-150人,机械/设备/重工,湖州,5500-9000,5500,9000
成都富江工业股份有限公司,财务会计,5-7千,成都・温江区,1年,本科,"会计
五险一金
补充公积金
餐饮补贴
通讯补贴
绩效奖金",民营  |  150-500人,机械/设备/重工,成都,5000-7000,5000,7000
维苏威高级陶瓷（中国）有限公司,财务会计,6.5-7千,苏州・工业园区,1年,本科,"五险一金
补充医疗保险
交通补贴
通讯补贴
绩效奖金
年终奖金
定期体检
专业培训",外资（欧美）  |  1000-5000人,采掘业/冶炼,苏州,6500-7000,6500,7000
南京化纤股份有限公司,核算会计岗,6千-1万,南京・建邺区,3-4年,本科,"账账
账表
账证
财会
会计
税务报表
生产成本核算
涉税
会计账务处理
税务评估
五险一金
年终奖金
定期体检
周末双休
免费早、午餐
专业培训
双通道发展
带薪年休假",已上市  |  1000-5000人,石油/化工/矿产/地质,南京,6000-10000,6000,10000
浙江中能变压器有限公司,主办会计,6千-1万・13薪,杭州・建德市,5-7年,大专,"五险一金
餐饮补贴
专业培训
定期体检
弹性工作",民营  |  150-500人,机械/设备/重工,杭州,6000-10000,6000,10000
斯特透平科技（北京）有限公司,资深总账会计,6千-1.2万,沈阳・沈北新区,10年以上,大专,"会计
五险一金
免费班车
餐饮补贴",民营  |  150-500人,机械/设备/重工,沈阳,6000-12000,6000,12000
乐昌市鑫东穗汽车用品有限公司,总账会计,5-8千,广州・白云区,3-4年,大专,"退税
财务成本
做账
出国机会
五险一金
员工旅游
绩效奖金",合资  ,汽车,广州,5000-8000,5000,8000
江苏泽辉镁基新材料科技有限公司,总账会计,6-7千,无锡,3-4年,本科,"绩效奖金
年终奖金
五险一金
专业培训",外资（欧美）  ,计算机软件,无锡,6000-7000,6000,7000
洛阳瑞临煤炭物资有限公司,总账会计,8-10万/年,洛阳,5-7年,本科,"包住宿
包三餐
节日福利",民营  |  50-150人,机械/设备/重工,洛阳,nan,,
云南阔袤建设有限公司,会计,5-8千,昆明・西山区,2年,大专,"五险一金
年终奖金
弹性工作",民营  |  50-150人,建筑/建材/工程,昆明,5000-8000,5000,8000
广东省中源九峰材料科技股份有限公司,会计,6-9千,深圳・宝安区,2年,大专,"会计
财务报表
税务
审核
会计报表
财务软件
会计证
报销费用审核
登帐
财务会计
五险一金
专业培训
员工旅游
补充医疗保险
补充公积金",民营  |  50-150人,石油/化工/矿产/地质,深圳,6000-9000,6000,9000
西安乾坤保险代理有限公司,财务会计助理,3.5-4千,西安・莲湖区,无需经验,高中,"财务
会计助理
财务助理
出纳
做五休二
全勤奖
高温补贴
专业培训
交通补贴",民营  |  50-150人,保险,西安,3500-4000,3500,4000
航天云网数据研究院（江苏）有限公司,财务会计,8千-1.3万,常州・天宁区,5-7年,本科,"五险一金
餐饮补贴
高温补贴
定期体检
交通补贴",国企  |  50-150人,互联网/电子商务,常州,8000-13000,8000,13000
全成信电子（深圳）股份有限公司,全盘会计/总账会计,8千-1万,深圳・宝安区,1年,大专,五险一金,外资（非欧美）  |  1000-5000人,电子技术/半导体/集成电路,深圳,8000-10000,8000,10000
陕西远光高科技有限公司,成本会计,4-5千,西安・邑区,3-4年,中技/中专,"成本会计
专业培训
免费班车
提供住宿
绩效奖金
年终奖金
五险一金
弹性工作",民营  |  150-500人,医疗设备/器械,西安,4000-5000,4000,5000
珠海天威飞马打印耗材有限公司,销售会计（应收应付）,4.5-5.8千,珠海,3-4年,大专,"会计助理
总账会计
销售会计
五险一金
免费班车
专业培训
弹性工作
年终奖金
提供饭堂
提供宿舍
周末双休",外资（非欧美）  |  500-1000人,办公用品及设备,珠海,4500-5800,4500,5800
上海能亮贸易有限公司,财务主管、会计,8千-1万,上海・宝山区,3-4年,本科,"财务
会计
周末双休
五险一金
包住宿
绩效奖金
高温补贴
节日福利
员工旅游
年终奖金
定期体检",民营  |  50-150人,医疗设备/器械,上海,8000-10000,8000,10000
?广东佳测环境检测科技有限公司,会计主管,8千-1.1万,佛山・三水区,5-7年,大专,"会计
审计
会计主管
包吃
购买社保
节日福利
定期团建
餐补
油费补贴",民营  |  50-150人,环保,佛山,8000-11000,8000,11000
合翔保险经纪有限公司云南分公司,财务/会计,5千-1万,昆明・盘龙区,2年,大专,"会计
周末双休
弹性工作
绩效奖金
五险",民营  |  150-500人,保险,昆明,5000-10000,5000,10000
深圳市万股成科技有限公司,生产会计,6-9千,深圳・龙华区,3-4年,中技/中专,"成本核算
财务软件
金蝶
财务会计
五险一金
绩效奖金
通讯补贴",民营  |  少于50人,电子技术/半导体/集成电路,深圳,6000-9000,6000,9000
云南中鸿税务师事务所有限责任公司,注册会计师,1-1.5万・13薪,昆明・官渡区,3-4年,本科,"审计
内控
五险一金
通讯补贴
年终奖金
绩效奖金
专业培训
定期体检",民营  |  150-500人,专业服务(咨询、人力资源、财会),昆明,10000-15000,10000,15000
深圳市斯迈得半导体有限公司,应收/应付会计,6-8千,深圳・宝安区,3-4年,大专,"财务
总账会计
会计
应收
应付
应收应付
员工旅游
绩效奖金
专业培训
餐饮补贴
定期体检
补充公积金
补充医疗保险
五险一金",已上市  |  1000-5000人,电子技术/半导体/集成电路,深圳,6000-8000,6000,8000
上海浦发综合养护（集团）有限公司,总账会计,1.2-1.5万,上海・浦东新区,3-4年,本科,"五险一金
定期体检
高温费
补充公积金
交通补贴
通讯补贴
年终奖金
绩效奖金",国企  |  500-1000人,政府/公共事业,上海,12000-15000,12000,15000
广西揽胜企业管理服务集团有限公司,会计,3.5-4.5千,南宁・西乡塘区,2年,本科,"会计
审计
五险一金
专业培训
年终奖金
周末双休
法定节日放假",民营  |  150-500人,专业服务(咨询、人力资源、财会),南宁,3500-4500,3500,4500
山东兆通微电子有限公司,会计,6-8千・13薪,济南・历城区,3-4年,本科,"会计
员工旅游
绩效奖金
股票期权
弹性工作
定期体检
五险一金",民营  |  50-150人,电子技术/半导体/集成电路,济南,6000-8000,6000,8000
河南金汇不锈钢产业集团有限公司,财务会计专员,3.3-4.5千,许昌,3-4年,大专,"通讯补贴
年终奖金
餐饮补贴",民营  |  1000-5000人,原材料和加工,许昌,3300-4500,3300,4500
霸州市汉通金属制品有限公司,成本会计,4.2-5.5千・13薪,廊坊,3-4年,大专,"生产成本
成本管理员
财务
成本主管
工厂成本核算
五险一金
年终奖金",民营  |  50-150人,建筑/建材/工程,廊坊,4200-5500,4200,5500
成都一站配齐企业管理有限公司,会计-主办会计/会计专员/会计主管/记账会计-点此查看,4-8千,成都・锦江区,无需经验,大专,"税务筹划记账
周末双休
加班补贴
餐饮补贴
节日福利
全勤奖
绩效奖金
五险一金",民营  |  50-150人,会计/审计,成都,4000-8000,4000,8000
湖北鸿景源商贸有限公司,会计助理,3.5-5千,武汉・东西湖区,3-4年,大专,"财务助理
五险一金
绩效奖金",民营  |  50-150人,快速消费品(食品、饮料、化妆品),武汉,3500-5000,3500,5000
毕节创美房地产开发有限公司,建筑会计,8千-1.2万,毕节,5-7年,大专,"会计
建筑
五险一金
餐饮补贴",民营  ,房地产,毕节,8000-12000,8000,12000
宁波睿达电器有限公司,往来会计,5-6.5千,宁波・慈溪市,2年,大专,"餐饮补贴
绩效奖金
年终奖金
社保五险
返乡路费报销
全勤奖",民营  |  150-500人,家具/家电/玩具/礼品,宁波,5000-6500,5000,6500
海南银华汇建设工程有限公司,主办会计,4.5-6千,定安,2年,大专,五险一金,民营  |  50-150人,建筑/建材/工程,定安,4500-6000,4500,6000
南京七盈财务软件有限公司,注册会计师,1.5-2万,南京・江北新区,10年以上,大专,注册会计师,民营  ,会计/审计,南京,15000-20000,15000,20000
四川物科金硅新材料科技有限责任公司,会计,3千及以下,德阳,5-7年,大专,"会计核算
税务
整理发票
买票
申报个税
弹性工作",民营  |  少于50人,新能源,德阳,nan,,
长沙芒云果教育咨询有限公司,财务会计专员+双休,4-5千,长沙・芙蓉区,2年,大专,"财务
会计助理
财务助理
财务会计
出纳
总账会计
五险
节假日福利
专业培训
员工旅游",民营  |  少于50人,教育/培训/院校,长沙,4000-5000,4000,5000
公安县思续会计代理有限责任公司,会计,3.5-7千・13薪,荆州・公安县,1年,大专,"会计
审计
财务
五险一金
双休
休法假",民营  ,会计/审计,荆州,3500-7000,3500,7000
嘉兴精科科技有限公司,总账会计主管,10-12万/年,上海・金山区,5-7年,本科,"五险一金
员工旅游
交通补贴
通讯补贴
专业培训
餐饮补贴
绩效奖金
年终奖金
定期体检",民营  |  500-1000人,原材料和加工,上海,nan,,
大健云仓科技（苏州）有限公司,德语会计,7千-1.4万・13薪,苏州,3-4年,本科,"德语
会计
五险一金
年终奖金
专业培训
集体户口
节日福利
商业保险
带薪年假",外资（欧美）  |  150-500人,互联网/电子商务,苏州,7000-14000,7000,14000
杭州优彩化工有限公司,会计,10-15万/年,杭州・拱墅区,1年,大专,"财务
节日福利
包吃
绩效奖金
年终奖金
五险一金
补充医疗保险",民营  |  少于50人,贸易/进出口,杭州,nan,,
史威福电子科技（上海）有限公司,综合会计兼出纳,5-6千,上海,1年,大专,"出纳
应收帐款
五险一金
年终奖金",外资（非欧美）  |  150-500人,电子技术/半导体/集成电路,上海,5000-6000,5000,6000
成都市金锐芯科技有限公司,会计行政专员,3.5-5千,成都・金牛区,2年,大专,"会计行政助理
五险一金
专业培训
员工旅游",民营  ,计算机软件,成都,3500-5000,3500,5000
大健云仓科技（苏州）有限公司,总部费用、资金会计,5-7千,苏州,3-4年,大专,"五险一金
年终奖金
专业培训
集体户口
节日福利
商业保险
带薪年假",外资（欧美）  |  150-500人,互联网/电子商务,苏州,5000-7000,5000,7000
珠海市中成税务师事务所有限公司,会计主管,5千-1万,珠海・香洲区,3-4年,大专,"五险一金
专业培训
绩效奖金
年终奖金",民营  |  少于50人,会计/审计,珠海,5000-10000,5000,10000
广州安婕妤生物科技有限公司,总账会计,6-8千,广州,5-7年,本科,"五险一金
员工旅游
通讯补贴
专业培训
定期体检
包午餐
周末双休",外资（非欧美）  |  150-500人,快速消费品(食品、饮料、化妆品),广州,6000-8000,6000,8000
北京润宏保安服务有限公司,会计,6-8千,北京・通州区,3-4年,本科,"双休
五险",民营  |  1000-5000人,生活服务,北京,6000-8000,6000,8000
浙江兰天机械密封件有限公司,成本会计,6-8千・13薪,温州・乐清市,5-7年,大专,"绩效奖金
年终奖金
定期体检
专业培训
五险",民营  |  150-500人,机械/设备/重工,温州,6000-8000,6000,8000
深圳市首航新能源股份有限公司,费用会计(J11074),8千-1万・15薪,深圳・宝安区,1年,本科,"费用报销
费用报表
费用归集
费用计提
制造业
产研销一体化
五险一金
年终奖金
双休
发展空间大",民营  |  1000-5000人,新能源,深圳,8000-10000,8000,10000
四川国基华幼教育管理有限公司,会计,4.5-5.5千,成都・龙泉驿区,2年,大专,"财务
审计
税务
初级会计
发票报销
财务管理
五险一金
寒暑假
绩效奖金
周末双休
专业培训",民营  |  150-500人,教育/培训/院校,成都,4500-5500,4500,5500
苏州诺而为工业技术服务有限公司,项目会计/成本会计,6-8千,苏州・工业园区,3-4年,本科,"五险一金
补充医疗保险
员工旅游
交通补贴
餐饮补贴
通讯补贴
定期体检
弹性工作
年终奖金
绩效奖金",创业公司  |  50-150人,专业服务(咨询、人力资源、财会),苏州,6000-8000,6000,8000
南京金东升贸易有限公司工业气体分公司,会计,8千-1万・13薪,南京・六合区,1年,本科,"office
现金管理
报销管理
资金收付
财务
出纳
会计
包吃
加班补贴
节日福利
餐饮补贴
通讯补贴
绩效奖金
五险一金
周末双休
带薪年假
专业培训",民营  |  50-150人,交通/运输/物流,南京,8000-10000,8000,10000
广州天河埃安汽车销售服务有限公司,会计,4-6千,佛山・南海区,2年,中技/中专,"会计
财务
税务核算
五险
专业培训
绩效奖金
节日福利",民营  |  150-500人,汽车,佛山,4000-6000,4000,6000
罗尔西传动设备（苏州）有限公司,会计,8千-1万,上海・奉贤区,3-4年,本科,"五险一金
员工旅游
定期体检
专业培训",外资（欧美）  |  50-150人,机械/设备/重工,上海,8000-10000,8000,10000
杭州北度纺织品有限公司,面料主办会计,8千-1.2万,杭州・萧山区,5-7年,大专,"erp
成本核算
利润核算
内账
财务体系搭建
财会报表
面料行业
业务流程梳理
节日福利
弹性工作
绩效奖金
包工作餐",民营  |  50-150人,批发/零售,杭州,8000-12000,8000,12000
成都蜀泓企业管理有限公司,外勤会计,2.5-3.5千,成都・青羊区,无需经验,中技/中专,"交通补贴
餐饮补贴
通讯补贴
社保
弹性工作
员工旅游",民营  ,专业服务(咨询、人力资源、财会),成都,2500-3500,2500,3500
苏州运恒精冲科技有限公司,成本会计,4.5-6千,苏州・吴江区,2年,大专,"成本会计
员工旅游
专业培训
绩效奖金
年终奖金
五险一金",外资（非欧美）  |  50-150人,机械/设备/重工,苏州,4500-6000,4500,6000
北京科易动力科技有限公司,总账会计,8千-1.1万・14薪,苏州,3-4年,本科,"审核
纳税申报
结账
周末双休
全勤奖
员工食堂
五险一金
定期体检",民营  |  150-500人,汽车,苏州,8000-11000,8000,11000
广州市宇川网络科技有限公司,会计专员,5-7千,广州・黄埔区,2年,大专,"员工旅游
绩效奖金
年终奖金",民营  |  50-150人,通信/电信/网络设备,广州,5000-7000,5000,7000
台州第六空间家居发展有限公司,综合会计,5-7千・13薪,宁波・海曙区,1年,大专,"会计
五险一金
员工旅游
交通补贴
餐饮补贴
通讯补贴
年终奖金
绩效奖金
定期体检
弹性工作
专业培训",民营  |  50-150人,物业管理/商业中心,宁波,5000-7000,5000,7000
苏州赫耳墨斯国际运输代理有限公司,会计,4.5-6千,苏州,2年,大专,"做五休二
带薪年假
五险一金
节日福利
交通补贴
餐饮补贴
加班补贴
通讯补贴
周末双休",民营  |  少于50人,贸易/进出口,苏州,4500-6000,4500,6000
陕西多彩物业管理有限公司,会计,4.2-6千,西安・新城区,2年,本科,"会计
五险
员工旅游
餐饮补贴
专业培训
绩效奖金
年终奖金
定期体检",民营  |  50-150人,物业管理/商业中心,西安,4200-6000,4200,6000
昆山真金食品有限公司,会计专员,5-7千・14薪,昆山,2年,大专,"财务
五险一金
免费班车
绩效奖金
年终奖金
定期体检
专业培训",民营  |  150-500人,快速消费品(食品、饮料、化妆品),昆山,5000-7000,5000,7000
湖南复星合力新材料有限公司,总账会计,4-5千,岳阳,2年,本科,"财务报表
税务
审核
纳税申报
财务核算
制造行业
财务分析
高新技术企业
控制费用支出
会计政策
五险一金
专业培训
绩效奖金
定期体检
弹性工作
周未双休
节假日福利
交通补贴",合资  |  50-150人,原材料和加工,岳阳,4000-5000,4000,5000
山东昆城投资管理有限公司,财务会计（双休+五险一金）,5千-1万,德州,3-4年,本科,"财务
会计
税务
工资结算
财务处理
会计准则
财务软件
收纳
审计法规
五险一金
餐饮补贴
包住宿
双休
包吃住",民营  |  少于50人,新能源,德州,5000-10000,5000,10000
嘉宝莉化工集团股份有限公司,安徽滁州明光―会计主管,6.5千-1.2万,滁州,3-4年,本科,"财务管理
五险一金
带薪假期
年终奖金",民营  |  1000-5000人,石油/化工/矿产/地质,滁州,6500-12000,6500,12000
深圳市综信企业投资管理顾问有限公司,财务主管/会计主管,1-1.5万,深圳・福田区,3-4年,大专,"五险一金
弹性工作
专业培训
绩效奖金
年终奖金
交通补贴
员工旅游",民营  |  50-150人,会计/审计,深圳,10000-15000,10000,15000
金龙联合汽车工业（苏州）有限公司,会计,4-6千,苏州・工业园区,10年以上,大专,"财务
会计",国企  |  5000-10000人,汽车,苏州,4000-6000,4000,6000
江苏亿融园林设计有限公司,成本会计,4.5-6千,南京,5-7年,大专,"成本会计
熟悉费用审核
餐饮补贴
五险一金
年终奖金",民营  |  50-150人,建筑/建材/工程,南京,4500-6000,4500,6000
美钧金属（上海）有限公司,总账会计,5-6千・13薪,成都・青羊区,3-4年,本科,"会计
财务
五险一金
餐饮补贴
绩效奖金
年终奖金
做五休二
弹性工作
节日福利",外资（非欧美）  |  50-150人,原材料和加工,成都,5000-6000,5000,6000
陕西晨光文具礼品有限公司,会计,3.5-5千,西安・新城区,1年,大专,"财务助理
绩效奖金
年终奖金
专业培训
全勤奖",民营  |  500-1000人,贸易/进出口,西安,3500-5000,3500,5000
无锡大有汽车销售服务有限公司,会计,4-6千・13薪,无锡・锡山区,3-4年,大专,"会计核算
会计
纳税申报
会计凭证
税务登记
五险一金
餐饮补贴
专业培训",合资  ,汽车,无锡,4000-6000,4000,6000
上海大隐书局有限公司,会计,6-8千,上海・浦东新区,2年,大专,"会计
财务
零售
财务系统
报表审核
银行结算
盘点登记
金蝶
银行帐务
五险一金
餐饮补贴
弹性工作",民营  |  50-150人,批发/零售,上海,6000-8000,6000,8000
上海康德双语实验学校,会计主管（工作地点：浦东）,1.2-1.5万・13薪,上海・黄浦区,8-9年,本科,"五险一金
年终奖金
补充医疗保险
带薪假期
定期体检
专业培训",非营利组织  |  150-500人,教育/培训/院校,上海,12000-15000,12000,15000
大金重工股份有限公司,成本会计,5-8千,阳江,3-4年,本科,"五险一金
专业培训
年终奖金
提供住宿
福利就餐",已上市  |  150-500人,机械/设备/重工,阳江,5000-8000,5000,8000
南京远朝财务管理咨询有限公司,会计.,4.5-6千,南京,3-4年,大专,"会计
财务
财务主管
会计主管
总账会计
周末双休",创业公司  |  少于50人,专业服务(咨询、人力资源、财会),南京,4500-6000,4500,6000
智业集团,会计（教培）,6-8千,成都・锦江区,2年,本科,"会计
核算
纳税申报
会计凭证
会计报表
节日福利
社会保险
带薪年假
团队活动
餐饮补贴",民营  |  150-500人,多元化业务集团公司,成都,6000-8000,6000,8000
宁波公共信息服务运营有限公司,会计（代招）,6-8万/年,宁波,3-4年,大专,五险一金,国企  |  50-150人,互联网/电子商务,宁波,60000-80000,60000,80000
银舵投资管理（上海）有限公司,财务会计,6-8千,上海・徐汇区,3-4年,大专,"会计
做五休二
周末双休
五险一金
节日福利
餐饮补贴
绩效奖金
全勤奖
高温补贴",民营  |  少于50人,房地产,上海,6000-8000,6000,8000
上海伊人广告有限公司,会计,1-1.5万,上海・徐汇区,5-7年,本科,"税务筹划
记账凭证
应收款
应付款
五险一金
周末双休
试用期全额
节日福利",民营  |  50-150人,广告,上海,10000-15000,10000,15000
广州恒团贸易发展有限公司,会计,5.5-7千,广州・天河区,5-7年,大专,"会计
审计
电商
财务
财务软件
会计报表
财务会计
报销费用审核
财务报表
记帐
五险一金
补充医疗保险
补充公积金
员工旅游
通讯补贴
餐饮补贴
年终奖金
定期体检",民营  |  少于50人,贸易/进出口,广州,5500-7000,5500,7000
广州纲德财务咨询有限公司,财务会计专员（餐补+周末双休）,4.5-6千,广州・番禺区,2年,中技/中专,"财务
会计
助理
带薪年假
绩效奖金
免费班车
专业培训
节日福利
加班补贴
周末双休",民营  |  少于50人,会计/审计,广州,4500-6000,4500,6000
上海骏森明电子科技有限公司,资金会计,8千-1万,上海・普陀区,3-4年,大专,"会计
审计
资金
应收
出纳
五险一金
员工旅游
通讯补贴
专业培训
绩效奖金
年终奖金
弹性工作
定期体检",民营  |  150-500人,电子技术/半导体/集成电路,上海,8000-10000,8000,10000
维佳集团,会计（房地产方向）,4-5千,武汉,3-4年,本科,"会计
周末双休
带薪年假
专业培训
绩效奖金
年终奖金
节日福利
缴纳五险",民营  |  500-1000人,房地产,武汉,4000-5000,4000,5000
苏州优派克电子科技有限公司,总账会计,4-8千,苏州・吴中区,3-4年,大专,"五险一金
定期体检
专业培训
员工旅游
带薪年假
补充医疗保险",民营  |  50-150人,原材料和加工,苏州,4000-8000,4000,8000
芜湖三花自控元器件有限公司,主办会计,5-7千,芜湖,2年,本科,"免费班车
节日福利
专业培训
五险一金
周末双休
年终奖金
定期体检",已上市  |  1000-5000人,机械/设备/重工,芜湖,5000-7000,5000,7000
湖州御梵化妆品科技有限公司,成本会计主管（工作地：湖州工厂）,8千-1万,湖州,3-4年,大专,"财务
成本分析
成本控制
成本核算
成本费用归集
成本分析报表
督导成本控制
财务总账
专业培训
入职缴纳五险",民营  |  150-500人,快速消费品(食品、饮料、化妆品),湖州,8000-10000,8000,10000
广州市七彩澳游旅游发展有限公司,会计,4.5-5千,广州・增城区,3-4年,大专,"餐饮补贴
商业意外险
包住宿
节日福利
五险一金",民营  |  50-150人,酒店/旅游,广州,4500-5000,4500,5000
中财商业运营管理（云南）有限公司,会计,4-7千,昆明・五华区,2年,大专,"周末双休
节日福利
年终奖金
法定节假日
绩效奖金
通讯补贴
弹性工作",民营  |  150-500人,专业服务(咨询、人力资源、财会),昆明,4000-7000,4000,7000
湖州御梵化妆品科技有限公司,成本会计（工作地：湖州工厂）,7千-1万,湖州,3-4年,大专,"财务
成本分析
成本控制
成本核算
成本费用归集
成本分析报表
督导成本控制
财务总账
专业培训
入职缴纳五险",民营  |  150-500人,快速消费品(食品、饮料、化妆品),湖州,7000-10000,7000,10000
深圳市创飞格环保实业有限公司,会计,5-6.5千,深圳・宝安区,3-4年,大专,"会计
财务
财务管理",民营  |  500-1000人,环保,深圳,5000-6500,5000,6500
浙江伟星商贸有限公司福州分公司,财务会计,5-6千,福州・鼓楼区,1年,本科,"会计
审计
财务
建材
五险一金
包住宿
带薪年假
交通补贴
高温补贴
餐饮补贴
绩效奖金
通讯补贴
弹性工作
节日福利",已上市  |  50-150人,建筑/建材/工程,福州,5000-6000,5000,6000
深圳誉天建设装饰工程有限公司,会计,6千-1万,深圳・南山区,3-4年,大专,"会计证
会计
帐务处理
财务软件
五险一金",民营  |  50-150人,家居/室内设计/装潢,深圳,6000-10000,6000,10000
南昌杰力艾科技有限公司,会计,3-4.5千,南昌・西湖区,3-4年,大专,会计,民营  |  少于50人,计算机硬件,南昌,3000-4500,3000,4500
星源材质（南通）新材料科技有限公司,销售会计,5-6千・14薪,南通・崇川区,3-4年,本科,"财务
销售会计
五险一金
专业培训
年终奖金",民营  |  1000-5000人,新能源,南通,5000-6000,5000,6000
广西优善医疗科技有限公司,会计主管（储备）,5-7千,南宁・良庆区,3-4年,本科,"交通补贴
通讯补贴
员工旅游
五险一金
绩效奖金
年终奖金
专业培训
弹性工作
定期体检",民营  |  少于50人,医疗设备/器械,南宁,5000-7000,5000,7000
广东东电化广晟稀土高新材料有限公司,会计（成本 ）,5-6千,梅州,2年,本科,"成本
会计
五险一金
专业培训
包吃包住
年终奖金
免费班车
员工旅游
出国机会
交通补贴",合资  |  150-500人,电子技术/半导体/集成电路,梅州,5000-6000,5000,6000
重庆千润新材料科技有限公司,会计经理/会计主管,6千-1.2万,重庆・江津区,3-4年,大专,"会计
账务处理
中级会计
办公软件
记账
报账
核帐
报表
财务
按期报账
专业培训
五险
包吃包住",民营  |  50-150人,原材料和加工,重庆,6000-12000,6000,12000
衡水云辉环保科技有限公司,会计,5千-1万,天津・西青区,1年,大专,"报表
会计科目
损益表
总账
资产负债表
应收应付账单
登记明细账
账实相符
会计资料整理
记账凭证
通讯补贴
年终奖金
五险
五险一金",民营  |  50-150人,环保,天津,5000-10000,5000,10000
昆明新知集团有限公司,总账会计,3-6千,昆明・五华区,2年,中技/中专,"出国机会
绩效奖金",民营  |  1000-5000人,文字媒体/出版,昆明,3000-6000,3000,6000
广东新华发行集团股份有限公司,总账会计主管,1.2-1.4万,广州・天河区,3-4年,本科,"五险一金
带薪年假
绩效奖金
定期体检
节日福利",国企  |  1000-5000人,影视/媒体/艺术/文化传播,广州,12000-14000,12000,14000
上海保资智能科技有限公司,财务主办会计,8千-1万,上海,3-4年,大专,"会计
总账
中级
财务
税务
成本
五险一金
免费班车
交通补贴
通讯补贴
股权激励
专业培训
带薪年假
周末双休",民营  |  50-150人,计算机软件,上海,8000-10000,8000,10000
深圳开沃汽车有限公司,会计,6-8千,深圳・坪山区,2年,大专,"带薪年假
五险一金
包住宿
餐饮补贴
定期体检",民营  |  150-500人,新能源,深圳,6000-8000,6000,8000
深圳市新盛洁净科技有限公司,全盘会计,7-9千・13薪,深圳・宝安区,3-4年,大专,"全盘会计
总账会计
会计主管
五险一金
周末双休
员工旅游
弹性工作
绩效奖金",民营  |  少于50人,建筑/建材/工程,深圳,7000-9000,7000,9000
深圳市创企驿站科技有限公司,中级代账会计,6.5-8.5千,深圳・南山区,1年,大专,"代理记账
做账报税
全盘账务
总账会计
税务
五险一金
带薪年假
节日福利
双休
包午餐晚餐",民营  |  150-500人,互联网/电子商务,深圳,6500-8500,6500,8500
深圳市达讯通科技有限公司,会计,7-9千・13薪,深圳・南山区,1年,大专,"预算
会计
财务管理
金蝶
财务软件
税务申报
税收筹划
账实相符
财务决算
企业财务制度
带薪年假
五险
年底双薪",民营  |  少于50人,计算机软件,深圳,7000-9000,7000,9000
海阳科技股份有限公司,会计助理,4-6千,泰州,1年,本科,"会计助理
财务助理
五险一金
专业培训
绩效奖金
周末双休
通讯补贴",民营  |  1000-5000人,石油/化工/矿产/地质,泰州,4000-6000,4000,6000
贵州京泊腾科贸有限公司,会计,4-8千,贵阳,2年,大专,"财务
会计
五险一金
节日福利
全勤奖
餐饮补贴
周末双休
带薪年假
绩效奖金
加班补贴
结婚生育礼金",民营  |  少于50人,医疗设备/器械,贵阳,4000-8000,4000,8000
南京三惠建设工程股份有限公司,成本会计（生产型企业+大小休）,6-8千・13薪,南京・浦口区,2年,大专,"会计
会计核算
生产成本
控制成本
生产成本核算
成本开支
生产型企业
分类管理
五险一金
节日福利
绩效奖金
带薪年假
专业培训
交通补贴
年终奖金",民营  |  150-500人,建筑/建材/工程,南京,6000-8000,6000,8000
北京永新医疗设备有限公司,会计,8千-1万,北京・昌平区,5-7年,本科,"金蝶
用友
税收政策
财务管理
工业会计
制造业
五险一金
员工旅游
定期体检
周末双休
年终奖金",合资  |  150-500人,医疗设备/器械,北京,8000-10000,8000,10000
咸宁南玻玻璃有限公司,会计,6-8千,咸宁,3-4年,本科,"五险一金
补充医疗保险
绩效奖金
年终奖金
定期体检
员工宿舍
高温补贴",合资  |  1000-5000人,原材料和加工,咸宁,6000-8000,6000,8000
宁波开元鼎晟商业经营管理有限公司,会计兼人事,5-6千・14薪,衢州,1年,大专,"会计
五险一金
年终奖金
专业培训
周末双休
节日福利
高温补贴",民营  |  50-150人,生活服务,衢州,5000-6000,5000,6000
唯品会（中国）有限公司,录票会计 (MJ013094),5-7千・13薪,重庆,2年,本科,"录票
应付
员工旅游
专业培训
五险一金
年终奖金
定期体检
通讯补贴
交通补贴",已上市  |  10000人以上,互联网/电子商务,重庆,5000-7000,5000,7000
长沙赢利财务咨询有限公司,外账处理会计人员,5-7千,长沙,3-4年,中技/中专,"全盘会计
周末双休
包吃
节日福利
高温补贴
全勤奖
满一年购社保
专业培训
绩效奖金
弹性工作",民营  |  少于50人,专业服务(咨询、人力资源、财会),长沙,5000-7000,5000,7000
陕西琦诚建设有限公司,会计助理文员,3-4千,西安・灞桥区,1年,大专,"办公软件
财务
印章管理
资料保管
建筑业
员工旅游
节日福利
年终奖金",民营  |  50-150人,建筑/建材/工程,西安,3000-4000,3000,4000
陕西省富源酒业有限公司,会计,4.5-6千,西安,3-4年,大专,"交通补贴
通讯补贴
员工旅游
节日福利
生日礼品
高额提成
季度奖励
五险
出差补助",民营  |  150-500人,快速消费品(食品、饮料、化妆品),西安,4500-6000,4500,6000
黑龙江恒隆房地产开发有限责任公司,会计,6-8千,哈尔滨・南岗区,5-7年,大专,"会计
房地产
开发
通讯补贴
餐饮补贴
节日福利",民营  |  50-150人,房地产,哈尔,6000-8000,6000,8000
江苏皇宅建筑工程有限公司,总账会计主管,7千-1万,南京・浦口区,5-7年,大专,"总账会计
税务处理
财务分析
税务统筹
经营报表
登记管理
绩效奖金
节日福利
弹性工作
带薪年假
五险
专业培训
团建活动
餐饮补贴",民营  |  50-150人,建筑/建材/工程,南京,7000-10000,7000,10000
兴证期货有限公司,兴证期货-财务部会计核算岗（兼资金管理）,1-1.5万,上海・浦东新区,1年,硕士,"五险一金
补充医疗保险
补充公积金
餐饮补贴
通讯补贴
专业培训
绩效奖金
年终奖金
定期体检",国企  |  500-1000人,金融/投资/证券,上海,10000-15000,10000,15000
宿州市徽香源食品有限公司,会计,3-4千,宿州,2年,大专,"费用报销
账目核对
绩效奖金
年终奖金
交通补贴
社保
提供住宿",民营  |  150-500人,快速消费品(食品、饮料、化妆品),宿州,3000-4000,3000,4000
广州广兴牧业设备集团有限公司,成本会计,5.5-7.5千,广州,2年,大专,"会计
会计核算
控制成本
生产成本
成本开支
事前审核
督导成本控制
带薪年假
五险一金
绩效奖金
节日福利
专业培训",民营  |  1000-5000人,机械/设备/重工,广州,5500-7500,5500,7500
广州恒德会计师事务所（普通合伙）,注册会计师（主任会计师）,200元/天,深圳・福田区,无需经验,大专,"周末双休
五险一金
带薪年假
专业培训
交通补贴
节日福利
绩效奖金
年终奖金",民营  |  少于50人,会计/审计,深圳,nan,,
瑞玛思特（深圳）科技有限公司,会计财务专员,6-8千・13薪,深圳・南山区,1年,大专,"五险一金
员工旅游
餐饮补贴
通讯补贴
专业培训
绩效奖金
年终奖金
定期体检",民营  ,计算机软件,深圳,6000-8000,6000,8000
杭州京杭生物科技有限公司,会计,5-8千,杭州・余杭区,3-4年,大专,"会计
绩效奖金
带薪年假
节日福利
专业培训
交纳五险
餐饮补贴",民营  |  50-150人,贸易/进出口,杭州,5000-8000,5000,8000
清陶（昆山）能源发展股份有限公司,往来会计,3.5-4.5千,宜春,2年,大专,"周末双休
五险一金
包吃
包住宿
绩效奖金
节日福利",民营  |  150-500人,新能源,宜春,3500-4500,3500,4500
深圳市格润电器有限公司,会计,8千-1.1万,深圳・宝安区,2年,大专,"会计
五险一金
专业培训
包吃
包住宿
节日福利
带薪年假
大小周",民营  |  50-150人,家具/家电/玩具/礼品,深圳,8000-11000,8000,11000
成都菁华世茂商业管理有限公司,会计主管,6-7千,成都・天府新区,5-7年,大专,"五险一金
绩效奖金
节日福利
定期体检",民营  |  少于50人,多元化业务集团公司,成都,6000-7000,6000,7000
云南田园牧歌投资集团有限公司,会计,4-6千,昆明・五华区,3-4年,大专,"会计
总账会计
五险",民营  |  50-150人,金融/投资/证券,昆明,4000-6000,4000,6000
宿迁凯丽纺织品有限公司,会计,4.5-5千,宿迁,2年,大专,"财务
出纳
财务主管
会计助理
财务助理
会计主管
总账会计
税务
绩效奖金
五险一金
专业培训
上六休一
包吃住",民营  ,服装/纺织/皮革,宿迁,4500-5000,4500,5000
善能（南京）数字技术有限公司,会计助理,3.5-7千,南京・建邺区,无需经验,大专,"会计助理
出纳
五险一金
补充医疗保险
员工旅游
年终奖金
绩效奖金
通讯补贴
定期体检
弹性工作
餐饮补贴",民营  |  150-500人,通信/电信/网络设备,南京,3500-7000,3500,7000
广州索正电子商务有限公司,电商会计,6千-1万,广州・番禺区,2年,大专,"财务
会计
日语
税务
跨境电商
年假",民营  |  50-150人,互联网/电子商务,广州,6000-10000,6000,10000
深圳市卓美瑞科技有限公司,全盘会计,1-1.2万,深圳・宝安区,3-4年,大专,"会计
五险一金
员工旅游
餐饮补贴
定期体检
年终奖金",民营  |  150-500人,电子技术/半导体/集成电路,深圳,10000-12000,10000,12000
重庆斯泰克瑞登梅尔材料技术有限公司,会计,4.5-7千,重庆・长寿区,2年,大专,"五险一金
绩效奖金
年终奖金
免费班车",合资  |  50-150人,制药/生物工程,重庆,4500-7000,4500,7000
扬州丰源博能电气有限公司,财务会计,3.8-5.5千・13薪,扬州,3-4年,大专,"财务
出纳
会计助理
财务助理
五险一金
员工旅游
通讯补贴
专业培训
绩效奖金
年终奖金
定期体检",民营  |  50-150人,仪器仪表/工业自动化,扬州,3800-5500,3800,5500
西子德森电梯深圳有限公司,会计/财务专员,6-8千,深圳・龙岗区,2年,大专,"财务
出纳
财务助理
总账会计
财务主管
税务
五险一金
年终奖金
绩效奖金
包吃包住",民营  |  50-150人,机械/设备/重工,深圳,6000-8000,6000,8000
深圳市沃尔核材股份有限公司,信用会计,6-8千,深圳・坪山区,2年,本科,"周末双休
免费班车
包住宿",民营  |  5000-10000人,原材料和加工,深圳,6000-8000,6000,8000
南京润楚化工有限公司,外贸会计,8千-1万・14薪,南京,3-4年,本科,"财务
外贸
财务核算
中级会计师
做五休二
五险一金
绩效奖金
全勤奖
节日福利
交通补贴
餐饮补贴
住房补贴
年终奖金",民营  |  少于50人,贸易/进出口,南京,8000-10000,8000,10000
内蒙古骅扬高新材料科技有限公司,成本会计,6千-1万,乌兰察布,5-7年,大专,"财务
成本会计
办公软件
成本分析报表
成本管控
监督管理
包吃
包住宿
五险一金
专业培训
定期体检
免费班车
绩效奖金",合资  |  少于50人,原材料和加工,乌兰,6000-10000,6000,10000
陕西环保（集团）朗新环境服务有限公司,会计,4.5-5.5千,榆林,3-4年,本科,"财务
对帐
财务软件
记帐
五险一金
通讯补贴
年终奖金
定期体检
周末双休
法定节假日",民营  ,环保,榆林,4500-5500,4500,5500
东来涂料技术（上海）股份有限公司,管理会计主管,1.5-2.5万・13薪,上海,3-4年,本科,"财务
会计主管
财务主管
财务分析
销售管理
五险一金
交通补贴
通讯补贴
绩效奖金
年终奖金
股票期权
节日福利
每年定期调薪",已上市  |  500-1000人,汽车,上海,15000-25000,15000,25000
广州燕语堂装饰设计有限公司,会计助理,4-6千,广州・天河区,1年,大专,"财务
会计
餐厅
咖啡店
帐务核对
财务核算
室内设计
财务管理
财务报表
税收政策
员工旅游
年终奖金
补充医疗保险",民营  |  150-500人,家居/室内设计/装潢,广州,4000-6000,4000,6000
内蒙古骅扬高新材料科技有限公司,会计,6-8千,乌兰察布,3-4年,大专,"财务
出纳
会计助理
总账会计
会计
五险一金
包吃
包住宿",合资  |  少于50人,原材料和加工,乌兰,6000-8000,6000,8000
广东丙辛新材料有限公司,会计,6-8千,广州・南沙区,5-7年,大专,"会计
审计
电商
包三餐
广州社保
年终奖
工龄奖
高温补贴
住房补贴
法定假期",民营  ,计算机软件,广州,6000-8000,6000,8000
深圳尚景豪酒店有限公司,会计,6-7千,深圳・龙岗区,2年,大专,"会计
五险一金
年终奖金
员工旅游
专业培训
绩效奖金
包吃住",民营  ,计算机软件,深圳,6000-7000,6000,7000
强生（苏州）医疗器材有限公司,总账会计（韩语流利）- Contractor,8-9千・13薪,苏州,2年,本科,"会计
总账会计
韩语
朝鲜语
五险一金",外资（欧美）  ,医疗设备/器械,苏州,8000-9000,8000,9000
深圳科瑞技术股份有限公司,应收会计,7千-1万,深圳・光明区,2年,本科,"五险一金
绩效奖金
餐饮补贴
年终奖金
员工旅游",已上市  |  1000-5000人,仪器仪表/工业自动化,深圳,7000-10000,7000,10000
北京印诚物业管理有限公司,会计,5-8千,北京・昌平区,1年,本科,"会计
五险一金
通讯补贴
定期体检
交通补贴
绩效奖金",民营  ,建筑/建材/工程,北京,5000-8000,5000,8000
雅居乐雅生活集团雅卓房地产营销公司,会计,6-8千,广州・天河区,2年,本科,"核算会计
总账会计
会计
文旅
节日福利
周末双休
专业培训
弹性工作",已上市  |  1000-5000人,房地产,广州,6000-8000,6000,8000
上海瞻芯电子科技有限公司,成本会计,9千-1.5万,上海・浦东新区,3-4年,本科,"财务
会计
成本核算
成本管理
成本分析
五险一金
年终奖金
股票期权",民营  |  50-150人,电子技术/半导体/集成电路,上海,9000-15000,9000,15000
宁波科尔维特照明有限公司,主办会计,1-1.1万,宁波・鄞州区,3-4年,大专,"会计
五险一金
餐饮补贴
节日福利
年终奖金",民营  |  150-500人,电子技术/半导体/集成电路,宁波,10000-11000,10000,11000
深圳汇银通产业互联网有限公司,会计（大宗商品贸易供应链）,1-1.5万,深圳・南山区,2年,大专,"税务
会计凭证
财务软件
财务核算
财务分析报告
五险一金
团队氛围活泼
通讯补贴
交通补贴
餐饮补贴",民营  |  150-500人,多元化业务集团公司,深圳,10000-15000,10000,15000
江苏蒲公英房地产咨询有限公司,应付会计,4-5千,常州・钟楼区,1年,大专,"财务
会计
节日福利
五险一金
全勤奖
带薪年假",民营  |  50-150人,房地产,常州,4000-5000,4000,5000
重庆外商服务有限公司,会计（赴新疆项目）,1-1.2万,重庆・江北区,5-7年,大专,"高度公路
会计
弹性工作
买社保
冬休带薪假",国企  |  50-150人,专业服务(咨询、人力资源、财会),重庆,10000-12000,10000,12000
上海保资智能科技有限公司,涉外会计,8千-1.2万,上海,1年,大专,"五险一金
免费班车
交通补贴
通讯补贴
股权激励
绩效奖金
年休假
专业培训
出国机会
老总好",民营  |  50-150人,计算机软件,上海,8000-12000,8000,12000
成都市上坤星创教育咨询有限公司,会计主管,4-6千,成都・新都区,3-4年,大专,"企业会计
财务计划
报表管理
包住
五险一金
专业培训
绩效奖金
年终奖金
全勤奖
节日福利
带薪寒假",民营  |  50-150人,教育/培训/院校,成都,4000-6000,4000,6000
绿能碳汇（集团）有限公司,会计,5-8千,鄂尔多斯,1年,本科,"会计核算
通讯补贴
交通补贴
定期体检",民营  |  50-150人,多元化业务集团公司,鄂尔,5000-8000,5000,8000
上海甬荆自动化控制设备有限公司,财务会计,7-9千,上海・闵行区,8-9年,本科,"五险一金
免费班车
员工旅游
交通补贴
年终奖金",民营  |  50-150人,仪器仪表/工业自动化,上海,7000-9000,7000,9000
吉配恩（上海）汽车配件有限公司,做帐会计,6-9千,上海・嘉定区,3-4年,大专,"会计
费用成本核算
纳税申报
报表
记账
餐饮补贴
年终奖金
专业培训",外资（非欧美）  |  少于50人,贸易/进出口,上海,6000-9000,6000,9000
江苏正诺企业服务集团有限公司,主办会计,6千-1万,常熟,3-4年,大专,"财务主管
总账会计
五险一金
餐饮补贴
年终奖金
周末双休
做五休二
绩效奖金
住房公积金",民营  |  50-150人,多元化业务集团公司,常熟,6000-10000,6000,10000
成都华神科技集团股份有限公司,会计-矿泉水,4-8千,成都・郫都区,2年,大专,"财务软件
快消品
会计
账务核算
制造业
金蝶
五险一金
餐饮补贴
年终奖金
通讯补贴
绩效奖金
股票期权
定期体检
补充公积金",已上市  |  500-1000人,制药/生物工程,成都,4000-8000,4000,8000
重庆多多汇商贸有限公司,会计,4-4.5千・13薪,重庆,2年,大专,"会计
带薪年假
绩效奖金
节日福利
专业培训
交通补贴
餐饮补贴
通讯补贴
五险
免费班车
年终奖金",民营  |  500-1000人,服装/纺织/皮革,重庆,4000-4500,4000,4500
菲沃泰纳米科技（深圳）有限公司,成本会计,8千-1.5万・13薪,深圳・光明区,3-4年,本科,"会计
成本分析
固定资产管理
成本核算
存货盘点
成本报表
库存核对
财务管理
erp
excel
五险一金
员工旅游
年终奖金
定期体检
交通补贴
通讯补贴
专业培训
周末双休",已上市  |  500-1000人,电子技术/半导体/集成电路,深圳,8000-15000,8000,15000
中审众环会计师事务所（特殊普通合伙）江苏分所,注册会计师,1-1.5万,南京・鼓楼区,2年,本科,注册会计师,民营  |  50-150人,中介服务,南京,10000-15000,10000,15000
深圳克莱维尔电源有限公司,外贸会计（退税）,6-8千,深圳・宝安区,2年,本科,"外贸会计
财务
会计主管
税务
年终奖金
绩效奖金
补充医疗保险
交通补贴
餐饮补贴
五险一金",合资  |  少于50人,新能源,深圳,6000-8000,6000,8000
昆山佰奥智能装备股份有限公司,出纳会计,5-6千・13薪,昆山,1年,大专,"五险一金
员工旅游
专业培训
绩效奖金
定期体检
年终奖金",已上市  |  500-1000人,仪器仪表/工业自动化,昆山,5000-6000,5000,6000
重庆星宸整形美容医院有限公司,会计专员,6-8千,重庆,1年,本科,"带薪年假
包三餐
包住宿
绩效奖金
节日福利
专业培训
员工旅游
五险",民营  |  150-500人,医疗/护理/卫生,重庆,6000-8000,6000,8000
上海恳大实业有限公司,会计,6.5-8千,上海・金山区,3-4年,大专,"财务凭证
财务报表
驾驶证
汇算清缴
生产型企业
年终奖金
专业培训
餐饮补贴
五险一金",民营  |  150-500人,贸易/进出口,上海,6500-8000,6500,8000
江苏烽禾升智能科技有限公司,成本会计,7千-1万,苏州,3-4年,本科,"五险一金
专业培训
年终奖金",民营  |  1000-5000人,仪器仪表/工业自动化,苏州,7000-10000,7000,10000
西卡（上海）管理有限公司,会计(J12079),7千-1万,上海・静安区,3-4年,本科,"五险一金
补充医疗保险
补充公积金
餐饮补贴
通讯补贴
绩效奖金
年终奖金",外资（欧美）  |  1000-5000人,建筑/建材/工程,上海,7000-10000,7000,10000
上海尚志家居有限公司,成本会计,7-7.5千,上海・徐汇区,2年,中技/中专,"会计
成本
五险一金
员工旅游
绩效奖金
年终奖金
节日礼品",已上市  |  500-1000人,建筑/建材/工程,上海,7000-7500,7000,7500
云南石金炭素有限公司,成本会计,6-8千,曲靖,2年,本科,"财务
财务主管
成本经理
成本主管
会计
五险一金
年终奖金
员工旅游
定期体检
专业培训
食宿福利
生日福利
假期福利",民营  |  50-150人,机械/设备/重工,曲靖,6000-8000,6000,8000
上海竞舟雨水科技有限公司,财务会计专员,4-5千,上海・浦东新区,1年,大专,"会计
餐饮补贴
通讯补贴
年终奖金
周末双休",合资  |  50-150人,环保,上海,4000-5000,4000,5000
苏州红杉信息科技有限公司,财务会计,5-9千・13薪,苏州・工业园区,1年,本科,"互联网
电子商务
财务
会计
带薪年假
节日福利
餐饮补贴
年终奖金
员工旅游
专业培训
定期体检
五险一金
绩效奖金",民营  |  少于50人,贸易/进出口,苏州,5000-9000,5000,9000
东莞市东侨智谷科技园有限责任公司,会计,6-8千,东莞・东城区,5-7年,大专,"带薪年假
包住宿
绩效奖金
节日福利
专业培训
餐饮补贴
五险一金",民营  |  50-150人,互联网/电子商务,东莞,6000-8000,6000,8000
锦翰网络科技（广州）有限公司,会计主管,8千-1.5万・13薪,广州・番禺区,2年,本科,"会计
财务管理
出口退税
财会
会计核算
总帐
帐务处理
审核会计凭证
绩效奖金
专业培训
交通补贴
通讯补贴
年终奖
定期体检
出国机会
员工旅游
弹性工作
五险一金",民营  |  150-500人,贸易/进出口,广州,8000-15000,8000,15000
上海百利来企业服务有限公司,会计/财务,8千-1.5万・13薪,上海・徐汇区,2年,大专,"会计
会计助理
财务
审计
做帐
报税
年终双薪
奖金丰厚
年终分红
立即上岗
做五休二
周末双休
带薪年假
五险一金
专业培训
节日福利
全勤奖
绩效奖金",民营  |  少于50人,专业服务(咨询、人力资源、财会),上海,8000-15000,8000,15000
四川永昊兴泰贸易有限责任公司,会计,4-7千,南充,3-4年,中技/中专,"会计
审计
房地产
年终奖金
绩效奖金
专业培训
员工旅游
餐饮补贴",民营  |  50-150人,建筑/建材/工程,南充,4000-7000,4000,7000
上海怡申科技股份有限公司,出纳会计,5-7千・13薪,上海・徐汇区,1年,大专,"五险一金
交通补贴
餐饮补贴
通讯补贴
出国机会
定期体检
年终奖金
专业培训
绩效奖金
弹性工作",民营  |  150-500人,仪器仪表/工业自动化,上海,5000-7000,5000,7000
东莞嘉顺针织有限公司,会计,5-5.5千,东莞,3-4年,大专,"财务
五险
年底双薪
餐饮补贴
包住
节日福利
带薪年假",外资（非欧美）  |  500-1000人,服装/纺织/皮革,东莞,5000-5500,5000,5500
深圳市汇诚行信息科技股份有限公司,财务经理/主管/全盘会计,8千-1.2万,深圳・福田区,3-4年,本科,"带薪年假
五险一金
节日福利
专业培训
绩效奖金
年终奖金
人性化管理
出国机会
不定期团建
补充商业保险",已上市  |  50-150人,房地产,深圳,8000-12000,8000,12000
深圳市爱德泰科技有限公司,总账会计,1-1.4万,深圳・南山区,3-4年,本科,"会计
总账
带薪年假
节日福利
专业培训
餐饮补贴
五险一金
年终奖金
员工旅游
包住宿
周末双休",民营  |  1000-5000人,通信/电信/网络设备,深圳,10000-14000,10000,14000
杭州千岛湖云上天泉水业有限公司,会计,4.6-8千,杭州・淳安县,1年,大专,"会计
成本会计
五险一金
专业培训
集体宿舍
免费就餐
过节福利费",民营  |  50-150人,快速消费品(食品、饮料、化妆品),杭州,4600-8000,4600,8000
米粒优合家居科技（上海）有限公司,总账会计,7-9千,上海・嘉定区,3-4年,本科,"财务
会计
进出口贸易
账务处理
财务分析
审核
财税法律法规
业务核算
带薪年假
五险一金
绩效奖金
全勤奖
节日福利
专业培训
做五休二
周末双休",民营  |  50-150人,互联网/电子商务,上海,7000-9000,7000,9000
南京国信电力设备有限公司,会计,10-14万/年,南京,2年,本科,"成本会计
周末双休
弹性工作
带薪年假
五险一金
交通补贴
餐饮补贴
加班补贴
住房补贴
通讯补贴
节日福利",民营  |  少于50人,仪器仪表/工业自动化,南京,nan,,
上海巴比古贸易有限公司,国际贸易会计,8千-1.2万,上海,3-4年,本科,"会计
出口退税
财务软件
财务
税务报表
账务处理
记账凭证
五险一金
年终奖金",外资（非欧美）  |  少于50人,贸易/进出口,上海,8000-12000,8000,12000
张家港富士金属制品有限公司,会计,6-7千・13薪,苏州,3-4年,大专,"五险一金
专业培训
节假日福利",民营  |  150-500人,机械/设备/重工,苏州,6000-7000,6000,7000
浙江光越传动科技有限公司,主办会计,10-15万/年,杭州・拱墅区,3-4年,本科,"主办会计
五险一金
员工旅游
餐饮补贴
专业培训
年终奖金
定期体检",民营  |  150-500人,机械/设备/重工,杭州,nan,,
武汉聚天良品科技有限公司,销售会计,3.2-4.5千,武汉・~口区,1年,大专,"销售会计
财务
会计助理
财务助理
节日福利
年终奖金
员工旅游
五险
免费工作餐",民营  |  50-150人,贸易/进出口,武汉,3200-4500,3200,4500
广东正凌实业发展有限公司,会计助理,4-6千,广州・番禺区,1年,中技/中专,"会计助理
账单核对
凭证装订
单据整理
五险
员工旅游
绩效奖金
年终奖金
弹性工作
专业培训",民营  |  150-500人,多元化业务集团公司,广州,4000-6000,4000,6000
深圳市赛德乐科技有限公司,财务/会计,5-8千,深圳・龙岗区,1年,大专,"财务
会计
账务处理
对账结算
财务分析
五险一金
餐饮补贴
绩效奖金
员工旅游",民营  ,服装/纺织/皮革,深圳,5000-8000,5000,8000
上海鱼尾科技有限公司,总帐会计,1-1.5万,湖州,8-9年,大专,"五险一金
员工旅游
弹性工作
年终奖金",民营  |  150-500人,互联网/电子商务,湖州,10000-15000,10000,15000
广州东江新能源控股集团股份有限公司,会计,6-8千,江门,2年,大专,"税务
内账
全盘
节日福利
高温补贴
包住宿
加班补贴
专业培训
餐饮补贴
团建活动",民营  |  150-500人,石油/化工/矿产/地质,江门,6000-8000,6000,8000
武汉德胜美美健康管理有限公司,财务会计专员,5-5.5千,武汉・江汉区,5-7年,大专,"全盘账务处理
财务报表
财务管理
往来账款
双休
五险
节假日福利
带薪年假
绩效奖金",合资  |  50-150人,生活服务,武汉,5000-5500,5000,5500
良豪科技(惠州）有限公司,会计助理（5天8小时+包吃包住）,4.1-5千,惠州・惠城区,1年,中技/中专,"会计助理
财务助理
包吃
包住宿
弹性工作
带薪年假
节日福利
绩效奖金
买社保",民营  |  50-150人,机械/设备/重工,惠州,4100-5000,4100,5000
武汉市元大生物科技有限公司,湘口公司会计,4-7千,武汉・汉南区,5-7年,大专,"财务
会计
全盘账
有工作经验
湘口
员工旅游
年终奖金
绩效奖金
五险
包午餐
包住宿",民营  |  50-150人,制药/生物工程,武汉,4000-7000,4000,7000
苏州颐阳展示设备有限公司,成本会计主管,8千-1万,昆山,5-7年,大专,"五险一金
员工旅游
交通补贴
餐饮补贴
通讯补贴
专业培训
年终奖金
定期体检",民营  |  50-150人,家具/家电/玩具/礼品,昆山,8000-10000,8000,10000
广州玮铭会计师事务所有限公司,注册会计师,1-1.5万,广州・天河区,3-4年,大专,"五险一金
员工旅游
交通补贴
餐饮补贴
绩效奖金
年终奖金
弹性工作
定期体检",民营  |  50-150人,会计/审计,广州,10000-15000,10000,15000
成都国为生物医药有限公司,销售会计,5-7千・13薪,成都・高新区,2年,本科,"税务
医药行业
财务
审核
付款
销售会计
数据核算
利润结算
账务
五险一金
补充医疗保险
通讯补贴
交通补贴
定期体检
年终奖金
绩效奖金
员工食堂",民营  |  500-1000人,制药/生物工程,成都,5000-7000,5000,7000
广州市潮穗贸易有限公司,电商会计,7千-1万,广州・白云区,3-4年,本科,"电商行业
全盘账务
五险一金
员工旅游
专业培训
交通补贴
出国机会
股票期权
定期体检
绩效奖金
餐饮补贴",民营  |  50-150人,互联网/电子商务,广州,7000-10000,7000,10000
山东保蓝环保有限公司,会计经理/会计主管,4-7千,淄博,2年,大专,"财务
高新技术
生产制造
重工业
总账
绩效奖金
节日福利
专业培训
交通补贴
餐饮补贴
加班补贴
五险一金
商业险
公司分红",民营  |  150-500人,环保,淄博,4000-7000,4000,7000
四川瑞洋建筑工程有限公司,项目会计,7-9千,黄石,3-4年,大专,"专业培训
年终奖金
绩效奖金",民营  |  500-1000人,建筑/建材/工程,黄石,7000-9000,7000,9000
武汉东盟船舶配套工程有限公司,会计兼保密员,5-5.5千,武汉・蔡甸区,3-4年,大专,"会计
免费班车
餐饮补贴
交通补贴
年终奖金
包住宿
包吃
全勤奖
六险",民营  |  少于50人,机械/设备/重工,武汉,5000-5500,5000,5500
成都市南控智汇科技产业发展有限公司,资金会计,10-15万/年,成都・新都区,2年,本科,"资金管理
会计
国企单位
五险一金
员工旅游
交通补贴
餐饮补贴
通讯补贴
专业培训
年终奖金
定期体检
年底双薪",国企  |  少于50人,房地产,成都,nan,,
广西永杰环保科技有限公司,会计,3.5-4.5千,南宁・良庆区,2年,大专,"环保
交通补贴
餐饮补贴
通讯补贴
节日福利
带薪年假
周末双休",民营  |  少于50人,环保,南宁,3500-4500,3500,4500
广东新宝电器股份有限公司,中级成本会计师,6-9千,佛山,3-4年,大专,"社保
免费班车
定期体检
绩效奖金
员工旅游
餐饮补贴
住宿
专业培训
项目奖金",已上市  |  10000人以上,家具/家电/玩具/礼品,佛山,6000-9000,6000,9000
广西溢盛和健康管理有限公司,税务会计（南宁）,4.5-5.5千・13薪,南宁・青秀区,3-4年,大专,"医药
税务管理
纳税申报
税务会计
财经法律法规
员工旅游
通讯补贴
周末双休
带薪年假
五险
绩效奖金
定期体检",民营  |  少于50人,制药/生物工程,南宁,4500-5500,4500,5500
昆明东昊钛业有限公司,会计,5-7千,昆明・富民县,3-4年,大专,"账务处理
会计做账
初级会计证书
餐饮补贴
年终奖金
弹性工作
五险",民营  |  500-1000人,石油/化工/矿产/地质,昆明,5000-7000,5000,7000
上海威智信息技术有限公司,总账会计,9千-1.1万・13薪,上海・浦东新区,3-4年,本科,"财务
会计
高新企业
五险一金
绩效奖金
年终奖金
员工旅游
定期体检
餐饮补贴",民营  |  50-150人,电子技术/半导体/集成电路,上海,9000-11000,9000,11000
北京宏伟超达科技股份有限公司,会计,4.5-5千,北京・通州区,3-4年,大专,"会计
审计
房地产
五险一金",民营  |  50-150人,仪器仪表/工业自动化,北京,4500-5000,4500,5000
常州创明超电材料科技有限公司,财务主管会计,6千-1.2万,常州・新北区,3-4年,本科,"五险一金
餐饮补贴
通讯补贴
绩效奖金
年终奖金
定期体检
带薪年假
生日礼物
节日福利
人才公寓",外资（欧美）  |  50-150人,新能源,常州,6000-12000,6000,12000
湖北硕磊物流有限公司,会计,6-8千,武汉・东西湖区,3-4年,本科,"通讯补贴
交通补贴
餐饮补贴",民营  ,交通/运输/物流,武汉,6000-8000,6000,8000
北京元通东专汽车销售服务有限公司,会计,5-6千,北京・大兴区,5-7年,大专,"会计
审计
数据分析
带薪年假
包住宿
高温补贴
绩效奖金
五险
双休",民营  ,计算机软件,北京,5000-6000,5000,6000
广东海悟科技有限公司深圳分公司,费用会计,5-8千,东莞・樟木头镇,2年,大专,"五险一金
免费班车
员工旅游
餐饮补贴
年终奖金
绩效奖金
定期体检
专业培训
通讯补贴",民营  |  1000-5000人,通信/电信/网络设备,东莞,5000-8000,5000,8000
广州朗德至尚国际教育咨询有限公司,国际高中双语会计教师-中山市阿丁莱湾区学校,15-30万/年,中山,3-4年,本科,"高中教师
五险一金
子女读书优惠
双休寒暑假
专业培训
定期体检",民营  |  50-150人,教育/培训/院校,中山,nan,,
中城盛业建工集团有限公司,会计,5-7千,武汉・东湖新技术产业开发区,2年,大专,"财务
会计
税务
财务软件
税***计证
登帐
审计合同
财务会计
财务预算
节日福利
包吃
包住宿
五险",民营  |  150-500人,建筑/建材/工程,武汉,5000-7000,5000,7000
大健云仓科技（苏州）有限公司,账单会计,7千-1万,苏州,3-4年,本科,"五险一金
绩效奖金
带薪年假
节日福利",外资（欧美）  |  150-500人,互联网/电子商务,苏州,7000-10000,7000,10000
海南省时代光华智能科技咨询有限公司,会计,3-6千,海口・龙华区,2年,大专,"会计
专业培训
绩效奖金
晋升机制
岗位分红
立项奖励",民营  |  50-150人,计算机软件,海口,3000-6000,3000,6000
广州市雷子克电气机械有限公司,成本会计,5-6千,广州・白云区,2年,本科,"财务
会计
财务管理
成本控制
成本核算
成本管理
成本分析
成本管控
成本会计
成本报表
五险一金
带薪年假
节日福利
周末双休
餐饮补贴
提供住宿",合资  |  150-500人,仪器仪表/工业自动化,广州,5000-6000,5000,6000
大健云仓科技（苏州）有限公司,信保会计,7千-1万,苏州,3-4年,本科,"五险一金
绩效奖金
带薪年假
节日福利",外资（欧美）  |  150-500人,互联网/电子商务,苏州,7000-10000,7000,10000
江苏蓝歌带业有限公司,总账会计,5-8千,南通,3-4年,大专,"出口退税
纳税申报
个税申报
包吃
五险",  50-150人,贸易/进出口,南通,5000-8000,5000,8000
武汉市武昌区阳光喔培训学校,会计（双休，早九晚五）,5-7千,武汉・武昌区,1年,本科,"双休
朝九晚五
绩效奖金
社保五险",民营  |  150-500人,教育/培训/院校,武汉,5000-7000,5000,7000
佛山市飞达影视器材有限公司,会计,5-7千,佛山・禅城区,2年,大专,"会计
***
补充医疗保险
员工旅游
专业培训
餐饮补贴
绩效奖金
年终奖金",民营  |  50-150人,仪器仪表/工业自动化,佛山,5000-7000,5000,7000
大健云仓科技（苏州）有限公司,英语会计,6-9千,苏州・工业园区,3-4年,本科,"财务
会计
英语
会计学
五险一金
补充公积金
弹性工作
专业培训
股票期权
交通补贴",外资（欧美）  |  150-500人,互联网/电子商务,苏州,6000-9000,6000,9000
深圳市凯铭智慧建设科技有限公司,会计（建筑行业）,6千-1.2万,成都・高新区,3-4年,大专,"财务
建筑
核销
装订凭证
原始单据
记帐凭证
五险一金
全勤奖
双休
节日福利",民营  |  150-500人,建筑/建材/工程,成都,6000-12000,6000,12000
深圳市良胜电子有限公司,会计经理/会计主管,1-1.2万,深圳・宝安区,3-4年,大专,"财务
会计
五险一金
住房补贴
通讯补贴
绩效奖金",民营  |  150-500人,电子技术/半导体/集成电路,深圳,10000-12000,10000,12000
广东省海思工程咨询有限公司,会计,5-7千,广州・番禺区,1年,本科,"财务
全盘
会计
员工旅游
餐饮补贴
五险一金
周末双休",民营  |  50-150人,建筑/建材/工程,广州,5000-7000,5000,7000
大健云仓科技（苏州）有限公司,日语会计,8千-1.2万,苏州・工业园区,8-9年,本科,"会计
日语1级
财务软件
日语
财务
五险一金
补充公积金
弹性工作
专业培训
股票期权
交通补贴",外资（欧美）  |  150-500人,互联网/电子商务,苏州,8000-12000,8000,12000
东莞市三立灯饰有限公司,餐饮会计,6-8千,东莞,3-4年,大专,"成本核算
税务法规
财务法规
财务软件
eip
绩效奖金
全勤奖
包三餐
五险一金
专业培训
包住宿
节日福利",民营  |  150-500人,家具/家电/玩具/礼品,东莞,6000-8000,6000,8000
云南岿然减震科技有限公司,会计（五险+双休+团建+福利+年终奖）.,4.5-5.5千,昆明,3-4年,本科,"会计
税务
绩效奖金
餐饮补贴
通讯补贴
年终奖金
专业培训
学历补贴
生日补贴
提升空间
社保
带薪年假",民营  |  50-150人,建筑/建材/工程,昆明,4500-5500,4500,5500
四川众合悦盛科技有限公司,会计人员2名/会计实习人员2名,3.8-7.6千・13薪,成都・武侯区,1年,大专,"财会
财务
初级
账务处理
五险一金
员工旅游
餐饮补贴
通讯补贴
年终奖金
交通补贴
绩效奖金
定期体检
带薪假
工龄补贴",民营  |  少于50人,计算机软件,成都,3800-7600,3800,7600
西安雁塔能康中西医结合医院有限公司,薪酬会计,3-4.5千,西安,1年,大专,"绩效奖金
五险一金
节日福利
餐饮补贴
高温补贴",非营利组织  |  500-1000人,医疗/护理/卫生,西安,3000-4500,3000,4500
播恩集团股份有限公司,总账会计/成本会计,4.5-6千,昆明・官渡区,2年,大专,"销售
总账
成本
核算
IPO
五险一金
通讯补贴
餐饮补贴
定期体检
专业培训
绩效奖金
员工旅游
交通补贴
项目奖金",民营  |  500-1000人,农/林/牧/渔,昆明,4500-6000,4500,6000
臼井汽车零部件（佛山）有限公司,成本会计,6-8千,佛山,3-4年,大专,"成本核算
做五休二
带薪年假
五险一金
全勤奖
绩效奖金
节日福利
专业培训
加班补贴
住房补贴
年终奖金",外资（非欧美）  |  150-500人,汽车,佛山,6000-8000,6000,8000
武汉悦辰商业管理有限公司,财务会计专员,6-6.5千,武汉,3-4年,大专,"五险一金
员工旅游
专业培训
年终奖金",民营  |  150-500人,多元化业务集团公司,武汉,6000-6500,6000,6500
汇源电气有限公司,财务会计,5-8千・13薪,郑州・郑东新区,2年,大专,"五险一金
补充医疗保险
餐饮补贴
专业培训
年终奖金",民营  |  50-150人,电气/电力/水利,郑州,5000-8000,5000,8000
昆山真金食品有限公司,成本会计,6-9千・14薪,昆山,2年,本科,"成本核算
账务核算
制造业成本
财务报告
五险一金
免费班车
绩效奖金
年终奖金
定期体检
专业培训",民营  |  150-500人,快速消费品(食品、饮料、化妆品),昆山,6000-9000,6000,9000
杉杉医疗投资管理（上海）有限公司,会计,8千-1.2万,上海・浦东新区,2年,本科,"财务
会计凭证
会计报表
财务核算
五险一金
交通补贴
通讯补贴
餐饮补贴
定期体检
专业培训
员工旅游
绩效奖金",民营  ,医疗设备/器械,上海,8000-12000,8000,12000
昆山西尔维娅家居用品有限公司,会计/财务主管/财务主管,7千-1万,昆山,3-4年,大专,"财务
会计
五险一金
年终奖金",民营  |  50-150人,家具/家电/玩具/礼品,昆山,7000-10000,7000,10000
重庆校贝贝服饰有限公司,销售会计,5-7千,重庆・江北区,3-4年,大专,"制造业
财务软件
税务对接
销售收入经验
纳税申报
催收
excel
制造业erp
财务报表分析
销售合同审核
六险",民营  |  500-1000人,服装/纺织/皮革,重庆,5000-7000,5000,7000
江苏正保安盛财务顾问有限公司,校企合作讲师（会计）,5千-1万,南京・鼓楼区,3-4年,本科,"线上授课
线下授课
培训师
会计
助教
五险一金
交通补贴
餐饮补贴
年终奖金
弹性工作
周末双休",民营  |  150-500人,专业服务(咨询、人力资源、财会),南京,5000-10000,5000,10000
湖北华鼎团膳管理股份有限公司,会计（郑州）,3.5-5.5千,郑州・管城回族区,2年,本科,"核算
供应商采购
供应商对账
盘存
节日福利
全勤奖
绩效奖金
高温补贴
交六险
包吃包住
年终奖金
周末双休",已上市  |  1000-5000人,餐饮业,郑州,3500-5500,3500,5500
浙江万晟药业有限公司,采购与固定资产管理会计,5-7千・13薪,杭州・临安区,1年,大专,"免费班车
餐饮补贴
专业培训
定期体检",已上市  |  1000-5000人,制药/生物工程,杭州,5000-7000,5000,7000
东方日升（常州）新能源有限公司,成本会计,5-7.5千,宁波・宁海县,2年,本科,"专业培训
节日福利
绩效奖金
包三餐
包住宿
全勤奖",已上市  |  1000-5000人,新能源,宁波,5000-7500,5000,7500
合肥市诚泰模具有限责任公司,主办会计,7-9千,淮南,2年,大专,"记账凭证
纳税申报
会计报表
税法
账务处理
薪资审核
原始凭证
会计法规
明细帐
总账
年终奖金
弹性工作
包吃包住
做6休1",民营  |  50-150人,原材料和加工,淮南,7000-9000,7000,9000
山东保蓝环保有限公司,主管会计,6-8千,淄博,2年,本科,"会计
中级职称
有经验
本科
五险一金
绩效奖金
全勤奖
节日福利
专业培训
交通补贴
餐饮补贴
加班补贴
带薪年假
六险一金",民营  |  150-500人,环保,淄博,6000-8000,6000,8000
南京恒嘉财务管理有限公司,总账会计,6-8千,南京・玄武区,3-4年,本科,"总账会计
财务会计
员工旅游
交通补贴
定期体检
年终奖金
周末双休
五险一金",民营  |  少于50人,会计/审计,南京,6000-8000,6000,8000
广东海圆圆农业科技有限公司,总账会计,4-6千,佛山・南海区,2年,大专,"会计
总账
财务
年终奖金
员工旅游
购买社保
餐饮补贴",民营  |  500-1000人,农/林/牧/渔,佛山,4000-6000,4000,6000
嘉纳思迪建筑设计咨询（上海）有限公司,平湖工厂会计,7-7.5千,嘉兴・平湖市,3-4年,大专,"五险一金
员工旅游
专业培训
年终奖金",外资（非欧美）  ,家居/室内设计/装潢,嘉兴,7000-7500,7000,7500
天津中财型材有限责任公司,总账会计,6-8千・13薪,天津・滨海新区,3-4年,本科,"五险一金
餐饮补贴
年终奖金
带薪年假
加班补贴",民营  |  500-1000人,原材料和加工,天津,6000-8000,6000,8000
成都嘉裕房地产发展有限公司,主办会计,7-9千・13薪,成都,5-7年,本科,"带薪年假
每周双休
降温饮料
生日礼金
开门利是
住宿、工作餐
五险一金",民营  |  50-150人,房地产,成都,7000-9000,7000,9000
