职位名称,公司名称,工作经验要求,学历要求,工作地点,薪酬,发布时间,职位描述或任职要求,城市地区,公司规模,公司类型,公司标签
JAVA软件工程师（安卓APP维护与开发）,上海芮想信息科技有限公司,5-7年经验,大专,长沙长沙县三一魔豆仓创新中心1,1.5-2.2万,01-27发布,岗位职责：1、负责Android客户端APP产品研发，参与技术方案设计和改进。2、负责Android客户端技术架构的改进及性能优化。3、解决项目中遇到的各种技术难题和突发问题。4、Android应用领域前沿技术研究与新技术调研。任职要求：1、3年以上Android平台开发经验，熟悉Android相关开发、调试、优化工具、打包流程。2、对AndroidSDK有深入理解，熟练掌握Android平台各类API，能够对移动应用进行性能分析和优化，能独立完成安卓产品开发。3、熟悉android平台UI设计，熟悉android常用布局，熟悉android四大组件。4、扎实的java基础，熟悉常用数据结构，有C++开发经验优先考虑。5、熟悉多线程、Socket网络编程，熟悉TCP、UDP、HTTP等网络协议。6、熟悉Android界面布局及绘制、数据存储、网络通信机制等，理解Android运行原理和体系架构。年龄要求：25-32岁职能类别：Android开发工程师关键字：安卓android开发软件开发软件工程师,长沙,1000-5000人,民营,计算机软件
安卓开发工程师 (MJ000140),深圳至一数字科技有限公司,3-4年经验,本科,航城智谷中城未来产业园7栋307,1.5-2万,01-27发布,岗位职责：1、负责Android客户端APP产品研发，参与技术方案设计和改进。2、负责Android客户端技术架构的改进及性能优化。3、解决项目中遇到的各种技术难题和突发问题。4、Android应用领域前沿技术研究与新技术调研。任职要求：1、3年以上Android平台开发经验，熟悉Android相关开发、调试、优化工具、打包流程。2、对AndroidSDK有深入理解，熟练掌握Android平台各类API，能够对移动应用进行性能分析和优化，能独立完成安卓产品开发。3、熟悉android平台UI设计，熟悉android常用布局，熟悉android四大组件。4、扎实的java基础，熟悉常用数据结构，有C++开发经验优先考虑。5、熟悉多线程、Socket网络编程，熟悉TCP、UDP、HTTP等网络协议。6、熟悉Android界面布局及绘制、数据存储、网络通信机制等，理解Android运行原理和体系架构。年龄要求：25-32岁职能类别：Android开发工程师关键字：安卓android开发软件开发软件工程师,深圳-宝安区,少于50人,民营,计算机软件
安卓高级软件开发工程师,上海宝象医疗科技有限公司,3-4年经验,本科,上海市徐汇区枫林路420号枫林国际二期A座2楼C10室,15-30万/年,01-27发布,任职要求：1、大专及以上学历2、5年以上安卓原生开发经验3、熟悉java开发语言，熟悉kotlin等安卓原生常用开发框架和UI框架4、熟悉安卓原生与H5的通讯机制5、熟悉安卓开发的性能调优6、熟悉安卓的组件封装和自定义UI组件的开发，熟悉安卓页面的屏幕适配7、良好的编码习惯和代码风格职能类别：Android开发工程师关键字：java性能调优kotlin安卓开发组件封装通讯机制开发框架h5,上海-徐汇区,少于50人,民营,医疗/护理/卫生
安卓工程师（双休 13薪）,上海豪亿信息科技有限公司,5-7年经验,大专,张江润和总部园写字楼1,1.8-2.8万,01-27发布,任职要求：1、大专及以上学历2、5年以上安卓原生开发经验3、熟悉java开发语言，熟悉kotlin等安卓原生常用开发框架和UI框架4、熟悉安卓原生与H5的通讯机制5、熟悉安卓开发的性能调优6、熟悉安卓的组件封装和自定义UI组件的开发，熟悉安卓页面的屏幕适配7、良好的编码习惯和代码风格职能类别：Android开发工程师关键字：java性能调优kotlin安卓开发组件封装通讯机制开发框架h5,上海-浦东新区,500-1000人,民营,通信/电信/网络设备
安卓工程师,上海芮想信息科技有限公司,5-7年经验,大专,长沙长沙县三一魔豆仓创新中心1,1.5-2.2万,01-27发布,任职要求：1、大专及以上学历2、5年以上安卓原生开发经验3、熟悉java开发语言，熟悉kotlin等安卓原生常用开发框架和UI框架4、熟悉安卓原生与H5的通讯机制5、熟悉安卓开发的性能调优6、熟悉安卓的组件封装和自定义UI组件的开发，熟悉安卓页面的屏幕适配7、良好的编码习惯和代码风格职能类别：Android开发工程师关键字：java性能调优kotlin安卓开发组件封装通讯机制开发框架h5,长沙,1000-5000人,民营,计算机软件
安卓工程师,爱乔（上海）医疗科技有限公司,5-7年经验,本科,龙东大道3000号1幢A楼505、06,1.5-2.5万・14薪,01-27发布,任职要求：1、大专及以上学历2、5年以上安卓原生开发经验3、熟悉java开发语言，熟悉kotlin等安卓原生常用开发框架和UI框架4、熟悉安卓原生与H5的通讯机制5、熟悉安卓开发的性能调优6、熟悉安卓的组件封装和自定义UI组件的开发，熟悉安卓页面的屏幕适配7、良好的编码习惯和代码风格职能类别：Android开发工程师关键字：java性能调优kotlin安卓开发组件封装通讯机制开发框架h5,上海-浦东新区,50-150人,民营,医疗设备/器械
安卓工程师,广州三晶电气股份有限公司,5-7年经验,本科,黄埔区科学城荔枝山路9号,1.5-2.5万・15薪,01-27发布,岗位职责：1、负责Android客户端APP产品研发，参与技术方案设计和改进。2、负责Android客户端技术架构的改进及性能优化。3、解决项目中遇到的各种技术难题和突发问题。4、Android应用领域前沿技术研究与新技术调研。任职要求：1、3年以上Android平台开发经验，熟悉Android相关开发、调试、优化工具、打包流程。2、对AndroidSDK有深入理解，熟练掌握Android平台各类API，能够对移动应用进行性能分析和优化，能独立完成安卓产品开发。3、熟悉android平台UI设计，熟悉android常用布局，熟悉android四大组件。4、扎实的java基础，熟悉常用数据结构，有C++开发经验优先考虑。5、熟悉多线程、Socket网络编程，熟悉TCP、UDP、HTTP等网络协议。6、熟悉Android界面布局及绘制、数据存储、网络通信机制等，理解Android运行原理和体系架构。年龄要求：25-32岁职能类别：Android开发工程师关键字：安卓android开发软件开发软件工程师,广州,500-1000人,民营,新能源
Android安卓工程师,常州市荣瑞信息自动化有限公司,3-4年经验,本科,新闻大厦1201室,8千-1.2万,01-20发布,工作职责：①　按产品需求完成系统设计和功能模块的编写；②　遵循工作制度，开发规范，及时交付工作任务，对代码质量和结果负责；③　清晰理解分析业务需求，编写模块详细设计文档；④　能够维护现有业务安卓APP，并进行系统功能改进，后期进行新功能APP开发；任职资格：①　计算机相关专业本科及以上学历，1-3年以上Java开发经验;②　熟悉安卓APP开发，具有相关项目经验，能胜任给定的APP开发任务；③　熟悉MYSQL、ORACLE等数据库编程;④　熟悉软件开发流程；⑤　具有较强的逻辑思维能力和良好团队精神，有一定的文档能力；年龄要求：22-30岁职能类别：软件工程师关键字：软件工程师软件开发开发,常州-钟楼区,50-150人,民营,计算机软件
安卓工程师,上海芮想信息科技有限公司,5-7年经验,大专,长沙长沙县三一魔豆仓创新中心1,1.5-2.2万,01-27发布,职位描述：1、配合设计师实现交互效果，配合后台工程师完成应用开发；2、独立负责公司安卓端的研发；3、独立负责安卓端框架构建，系统集成，部署维护，精准定位问题等；任职要求：1、有较强的编程能力，深入了解设计模式。2、有5年以上android开发经验，能够很快适应团队工作，喜欢研究新技术3、熟悉常用Android端开发框架，如flutter等4、有过安卓端从0到1的开发经验，完整的app开发流程5、对安卓端与前端等有自己较深的理解，能独立开发app系统6、有信贷、风控、监管、支付等方面相关app项目经验更佳职能类别：Android开发工程师关键字：支付风控信贷监管,长沙,1000-5000人,民营,计算机软件
中高级安卓工程师,苏州咖乐美咖啡机科技有限公司,3-4年经验,本科,园区星龙街428号苏春工业坊,1.8-2.5万・14薪,01-20发布,任职要求：1、大专及以上学历2、5年以上安卓原生开发经验3、熟悉java开发语言，熟悉kotlin等安卓原生常用开发框架和UI框架4、熟悉安卓原生与H5的通讯机制5、熟悉安卓开发的性能调优6、熟悉安卓的组件封装和自定义UI组件的开发，熟悉安卓页面的屏幕适配7、良好的编码习惯和代码风格职能类别：Android开发工程师关键字：java性能调优kotlin安卓开发组件封装通讯机制开发框架h5,苏州-工业园区,150-500人,民营,家具/家电/玩具/礼品
Android工程师/安卓工程师,北京恒远恒信科技发展有限公司,2年经验,本科,深圳市南山区留仙大道1183号南山云谷创新产业园南风楼A座407,1.3-1.8万,01-17发布,Android/iOS开发工程师岗位职责1、根据业务需求，负责公司Android/iOS海外产品的开发工作；2、根据产品功能进行系统框架设计与搭建、模块代码设计，编码实现模块功能并确保开发质量，参与APP部分开发决策；3、具有良好的技术钻研能力、良好的文档编写能力及沟通能力，逻辑思维清晰严谨。参与代码评审，给出代码设计、性能、安全方面的建议；4、根据开发过程中的体验对所做产品提出改进意见和建议。5、独立完成Android/iOS产品的开发、测试以及GooglePlay/AppStore出包提审工作任职要求1.计算机，自动化，软件工程，通信等相关专业，两年以上的相关工作经验；2.有扎实的编码基础，熟悉常用算法和数据结构，熟悉异步编程机制3.熟练掌握手机移动端网络通信机制，对Socket通信、TCP/IP和HTTP有深刻理解和实际经验；熟悉JSON及XML数据结构及数据解析；4.精通Android或iOS应用开发框架、熟练进行Android/iOSUI/Framework开发技能、熟练使用Android/iOSSDK、熟练进行Android/iOS的编译、打包、提审等环节。5.掌握数据加密、防破解、性能优化、运行时等技术；6.同时具备Android和iOS两种技能者优先。7.能够熟悉运用Python，JavaScript，Shell等脚本语言者优先。职能类别：Android开发工程师,深圳-南山区,50-150人,民营,通信/电信运营、增值服务
Android安卓工程师,深圳市恺恩科技有限公司,1年经验,本科,南山区西丽街道国际创新谷6栋A座804室,1-1.5万,01-17发布,"职位描述：1、遵循敏捷开发流程，依据项目计划和需求进行app的设计、开发和维护；2、编写技术文档，审核代码以及调试服务器端，确保应用质量；3、负责与项目人员的沟通和其他相关资源的协调；4、负责android项目相关方案设计、执行以及技术文档的编写；5、指导团队成员共同完成研发任务，分享及应用新技术。任职要求：1.5年及以上Android开发经验；3年及以上AndroidFramework开发经验和项目管理经验；2.良好的Java基础，熟练掌握Android的API，理解Android的体系结构，掌握Android中界面绘制，后台运行，数据存储等的原理;3.熟悉多线程，对Socket通信、TCP/IP和HTTP/HTTPS协议有一定的理解和经验。4.扎实的C/C++,Java开发功底，深入理解android系统底层框架；5.熟悉UML及设计模式，熟悉面向对象设计，熟悉Git/SVN等相关版本控制软件；6.良好的分析和解决问题的能力，良好的沟通能力；7.必要的文档编写能力;8.熟悉不同分辨率适配，有性能优化经验;9.有BLE即时通讯和独立项目开发经验的优先;10.良好的团队协作精神，严谨、勤奋、敬业。职能类别：Android开发工程师关键字：javaAndroid安卓软件开发framework",深圳-南山区,50-150人,民营,仪器仪表/工业自动化
安卓工程师,上海芮想信息科技有限公司,5-7年经验,大专,长沙长沙县三一魔豆仓创新中心1,1.5-2.2万,01-27发布,职位描述及要求:岗位职责：1、负责Android平台客户端产品开发和维护工作，并负责在实际开发过程中与其他相关部门的沟通；2、参与手机App产品需求、功能等讨论，并根据需求出设计方案；3、熟悉Android常用组件以及开发模式，保证软件质量；4、对项目进行后期的维护及更新，发现其缺陷并改正更新；5、能够服从上级领导的工作调配。任职资格：1、具有良好判断能力、协调沟通能力和执行力，有独立思考解决问题的能力，具备良好的敬业精神和职业道德；2、能独立开发Android应用；3、3年及以上Android应用开发经验优先，熟悉安卓硬件设备的优先；4、精通java语言，熟悉Android应用开发流程。上班时间：上班时间5天8H，双休，节假日固定放假福利待遇：1.公司提供有竞争力的薪资待遇，每年1至2次调薪机会；2.简单的人际关系、良好的办公环境；3.设有五险一金、意外险、年度体检等；4.有午餐补贴，如有加班提供加班费5.节假日有额外不定时福利发放（端午、中秋、年终奖、带薪年假等）。职能类别：Android开发工程师关键字：android,长沙,1000-5000人,民营,计算机软件
安卓工程师,苏州君百智能科技有限公司,3-4年经验,大专,昆山市金沙江南路16号,1.5-2万,01-16发布,任职要求：1、大专及以上学历2、5年以上安卓原生开发经验3、熟悉java开发语言，熟悉kotlin等安卓原生常用开发框架和UI框架4、熟悉安卓原生与H5的通讯机制5、熟悉安卓开发的性能调优6、熟悉安卓的组件封装和自定义UI组件的开发，熟悉安卓页面的屏幕适配7、良好的编码习惯和代码风格职能类别：Android开发工程师关键字：java性能调优kotlin安卓开发组件封装通讯机制开发框架h5,昆山,少于50人,民营,机械/设备/重工
Android安卓工程师,本无网络科技有限公司,3-4年经验,本科,西永康田国际企业港10号楼5层（地铁1号线微电园站转247、276、295路公交团结村站下车即到）,1.2-1.8万,01-18发布,职责描述：1、根据需求设计功能模块的技术方案；2、独立进行功能模块的开发编码与调试；3、负责项目的维护与生产技术支持；4、承担相关技术文档的编写与维护工作；5、参与部分新技术的预研和测试工作。任职要求：1、本科及以上学历，计算机相关专业；2、3年以上Android开发经验，有完整的Android项目经验，具备扎实的Java、编程基础；3、熟悉android系统架构及相关技术，熟悉android下的网络通信机制，掌握HTTP、TCP/IP、Socket等网络通信编程技术；4、熟悉androidJNI开发，具备串口开发经验；5、有android多媒体开发经验，熟悉音频、视频及流媒体文件的播放；6、熟悉常用的UI布局框架，独立完成应用布局开发工作；7、具有良好的沟通能力和团队协作精神。职能类别：Android开发工程师关键字：android,重庆-沙坪坝区,少于50人,民营,互联网/电子商务
安卓工程师,海南钦诚软件技术有限公司,3-4年经验,本科,软件园12号楼,1-1.8万,01-18发布,1、负责公司业务所需的Android的设计和开发；2、参与项目需求分析、产品模块的概要和详细设计；3、完成分配模块的开发工作，以满足移动应用功能和非功能的要求。4、具有分享精神，团队协作精神；技能要求：1、Android应用开发经验，有实时视频开发经验的优先。2、大学本科毕业，熟练掌握C、C++、JAVA等语言3、熟悉物联网、安防监控类优先,大连,1000-5000人,"民营  </p><p data-v-5190a29c="""" class=""int at"">计算机软件</p><button data-v-5190a29c="""" track-type=""searchTrackButtonClick"" event-type=""99"" trace-name=""申请职位-职位下"" class=""p_but""> 申请职位 </button></div></div><div data-v-5190a29c="""" sensorsname=""JobShortExposure"" sensorsdata=""{&quot;pageCode&quot;:&quot;sou|sou|soulb&quot;,&quot;shortPageCode&quot;:&quot;sou|sou|soulb&quot;,&quot;requestId&quot;:&quot;d21bd805141ea9485a18a8f2aeedfbbb&quot;,&quot;policyType&quot;:&quot;搜索&quot;,&quot;jobRank&quot;:16,&quot;jobId&quot;:&quot;145433311&quot;,&quot;pageNum&quot;:1}"" class=""e sensors_exposure"" style=""overflow: visible;""><div data-v-5190a29c="""" class=""e_icons ick""></div><a data-v-5190a29c="""" href=""https://jobs.51job.com/yichang/145433311.html?s=sou_sou_soulb&amp;t=0_0&amp;req=d21bd805141ea9485a18a8f2aeedfbbb"" target=""_blank"" class=""el""><div data-v-5190a29c="""" class=""t"" style=""display: flex; align-items: center; height: 25px;""><span data-v-5190a29c="""" title=""安卓APP开发工程师"" class=""jname at"">安卓APP开发工程师</span><span data-v-5190a29c="""" class=""time"">01-27发布</span><div data-v-25fc73c5="""" data-v-5190a29c="""" class=""chat""><div data-v-25fc73c5="""" class=""chat-img""></div><span data-v-25fc73c5="""">立即沟通</span><div data-v-25fc73c5="""" class=""chat-detail""><div data-v-25fc73c5="""" class=""chat-detail-position""><div data-v-25fc73c5="""" class=""arrow""></div><div data-v-25fc73c5="""" class=""detail""><img data-v-25fc73c5="""" src=""data:image/png;base64,iVBORw0KGgoAAAANSUhEUgAAAFAAAABQCAYAAACOEfKtAAAAAXNSR0IArs4c6QAAAERlWElmTU0AKgAAAAgAAYdpAAQAAAABAAAAGgAAAAAAA6ABAAMAAAABAAEAAKACAAQAAAABAAAAUKADAAQAAAABAAAAUAAAAAAx4ExPAAATOElEQVR4Ac1cCXhT15X+nyTbsmVZNsbGGC8YG2MWAzYOW8zWEoY0hNBOEzJkAgn5aBaylQQnaWY6k6ZpWRoIdKYNbb9AaEM6YUjTpqF8nQzQj2xN2HeCCcTYBrzvsqzlzTlPiyVre096MnO+71r3nXvOuff+79z9Pgu4mfSzw0Nh15YBjjFUDAriGIjIAgQjxSnwL5PYSXEK9CvgOsUvEJOC5gK09mN4tqJJErsJf4RBzXPT1UTYG+bDgW8QUPMIjIkQxejKIAgi2TpJtg5Ag/3QZn6INbnmwapXdIWXU0oG6NVjs2B3LKeK3k0qKXLUopDpIDB3Q6vZiWfKDoEBjiHFDsCtFxPQ0/EABHEtAVcYwzoENy3gEkRhI5JSduDJ0ZbggpGnqA/g9st6NLQ8QkUi4MTsyIumoqYg1JO1jcgc8joeLOhV0TI5u5q07vAdZPHn5HEFcs3qW+tgqv4MhtozSGith8ZqhqhLgEMXD0d8IrqHl6Bz5GR05peTM0VZXAGXqWxP4PmKD+SWL5xclCVymX/1VC5slq1UuCXhMnSnJzZeRvahHTB9+YmbFfLXmpKJpokL0VS+GNYkU0jZsIkC3oMu4Uk8U3o1rGwYgegBXH94CbnGGzTFSAuTlyc5/fSHyNu3GYKtz8OTG3HE6dFYfhduTL8HtsRoxiOhlfrnlXiu4j25eQeSixzAd87E46veDQTcU4EMB+MNPbEXeX/ZHCxZNt+RYED9rOUSmKJGK1vPX1DYglH6KtwzXvnbJGORAfiLk2no6PsT6Vf6Fyg4J+n6RYz57VMQ7NbgQgpTeofmo2bh0+jKmaBQ00f8I6TEL8ZjE1t9uDIelAO46fgIWG37qL9TXOKSN59A0rXzMoqlUIQGl4Zbvov6OQ/CoY1TqOwSF3AacbqFWDO5TokBjRJhbDg2Glb7x5GAl/L1sdiAxxUQRWR+vhslO1ZD31KrqEoeYXYIrhvXUQHJ98D1R2lOJ35Chc1XYB9aay/Szu7HsM/3IKG5RolqRLIOvQGX73wB7YXTItKnlcvX1LPNxHPlPHcMS/IA3HwsFX32Q0o8TxAdyDj6PoYfehPaXtoHGEyiJn31tidogLkzsly5OcdrZ+H7ZW3hDIQHcNvhOLQJ/0ueNyucMXe6ztKNgj+8DOOVI27WTfmtnb8aDRWyp6a+ZRSEQ0gVv4mHK0KOeOH7wDasUwKexmrB6F1rbzp4jEbOh/+J1IvyJuq+6NETOwzXPQyFBnD90cXUbNeEseGTnL/3VSTeuOjDu5kPXJ74rubIisB133gkZD8QHMD1J3Joo3O7kpyT684g7dwBJSphZbUaDcrH5WLFXTOw6u5KFOZmhNXxFtCaO5D10e+8WcriDnEHJCwCq+kCs4kr2l6jv0OCpgdIyPr4rQBc5SytRsC0yUX41txyzKqcguS0dEBLRXXY8ciqHry/9yC2vLEXrR09soynn9onzREjWvqJjIGExXcDZRZ4ENlwZCEc4l8CKQTjaWhdO2nzkqCrjOllowmU0SguzEHG0CG03ynAYrWi19yL6w3NqLvWgua2DuRlZ2L+nHKkZw0HLfiDZYf2lmb87LWd2HvweFAZ74Sa27+Ppknf8mYpi2uE21E1Zd9AJX8AnRuhp8kFiwYKh3o21pygweNZPxF96hC8/qOVKJ04jo4wolmz+pnmjh4fHfoUP3nt97jR1B5AoJ/VNHkRLfkULdv7laWYUE0bsxMGbsz694HmjlVKwWP7CW3XBmRIjwTYj//9UZROLlUfPM6N5nuVs2di945X8J3bZ4Rc2PPeYnREDiVh42vFF0Ce84m0BR8Bafr8N3oTJkzHPGq2sSZDihEvvvAwtm95FqVj8gJm15uhaAEV0IaEDWPkRb4Atmvup7TAJfBSChQVRJsfe9GC6eR5/r2En6AqDAGlZaXY8foPsX3T0zAk6X2sRrzJ4GOFsHFi5OH6Aig6qjwpCiN9Rv/pxf0zVHjrCssB2o2ZOGUyDVYjfDStBkUTCh9dn4cBGPUDuPHoDJo08wF3RNRnyvLRE+L1yM0w+fAG7YH6xrElvgeBfaZh6mTPGDFWLuoH0O7g5hsxmTMLwdvtbtInJ7ujN+V34nivSYSgQR+dqahGXlg5AeTteQFLo8nAQRPdrvxJHhM6ncpTFo9leZHyySXU/Tr7X24d0W37D8iTsWLMiJwAXjHPpeYbdSfRWjLXk5Pd7vDEb0YkfYgJI0flSln3DqFVqZrEWDFmRE4ARbqrogK1lsyGXW+ULPX1RXRGo0Ip+k1YRWf1LGoDyFm4MHMBKKgCIB+GN1bcJdXAZonJTYp+dGTEWmhpyNQ71OmJMlTki4hOzDRYd9hE56Pl8jVDSzZU/CP4yBE0sbZa/eeGobXVTTW3t0u3HDpGTlHXMFtjzAg7DXSaSeSOqvX4Nn0yrk9zjkdXGkKvT9WvVb/FxsZW2ryxo27uSlhSaWNCbWLMCDsNbHSpUUUy6EQUL7gDNkMa/nbuuoqWlZmqrmuCeVgRGqd8W5miEmnCTkeuyLdCVaND05tQlmLFI8f/AX/77BRuGRaHbdvfQ319I+0taJBESyyTKRkpydTMKWO7nQIdQFksVujjdJhSNhZTp4xD4SjnyHn5Sh2+OHpOCj209ZUQHyfZieNpEk1Tujp70Nbeie6eXrJlx/BhQ/Hwyu9g//kWpC64Gz8s7sJPq43oU7GOHrAIOwHrj7xPi+RFHmYUkWy9A3XfcHpddU0Dlq/+CSztrcjPG45fbFqLrEzaGA1BnV09+Pm23djzx/3QJ9DUlNbRZrMF82ZNwYtrH0RaqnOED2aitb0Lz/xgC06c+pJ2nlLwwX9tRIpBj5mfDMWnbdK0LZhqhHzhfR05gUprHCBJ0/+ai/IyodcnoGz0BGRmDgkLHtfAmJyEb86pkADstfRPg2ZXloUFj/XTyLOnThlLXqpD/qh8CTzmW6O8Rcw2glAW7ZPzZW51qMXqu/NSOY/Op1cswFPPb5KdAV945ib85KNLkWI04Ffb/yBblwUvX7mGdS+thinFuZS0EXjnuqiasSAByRpawqm2aG2xatBgcU4tubz3L5oJgyERudnDcPFSrawqXPqqDk8/di/GFo/EiOEZeGDZHaR7VZZuc2s74qgfdYPHSic74tBt932xsozJEhKNGnrhqnkg57mjNsmT9eg85xbXPy9diJ1vf+Dhh4pc+foaxozu3wYrGDkCDTQlkUNv7/4rlt29wEf0y27VZmg+dqUHwo5GYf5MoL/v8pdSxvn1VQOqCrt8lHhEdThE7HjrzyjIH4G0NCPiaTTlbB0OB5qa2uhQqRGXLtdi4vhCH11+mFdZjh+89EvaonJ6ZWYGHUpptTwIo6/PivaObtSTfm19A8aVFPjo15hjCCBhR6Pw4RryQlXXOhfmNKDY4LsK4YqePFON7i4zXYKyQSRANXTmGx8XB31iPA0ARozIzkBiYv+WmDcSvTQaM0BtHV0w91jQRyd6DD6P1DqdDsnUVUwYW0gDl+9o+9iZVPzy6/5W4W0z6jhdwaFRWPoCKGpb3gYONsf7AcgeV0FzvEhJn5iAokLl77k6pk1Y6KRBRPRtb5HW0Evv83ZfL/BKGvTo2ViNwFJNRAJQRIDzyOjq+XHL/w8Af0P9cV1vDPtA4LqGtm0vRAeXv/b5bh34zb9dH+1ZrL9tuZxFh9Ox6pRJrnhkcoQdzTAZQPVGYXdJZn6agU6aWJeZbCgxhLxi51ZR7dfqEHBwUFqBcIFmvep7ICPRTuDxpv7ehgTVgJFr6O/UB3fbYjV59i4FA2iIP0GrkZi5yJ9uDD6A+xoHoQ9mzAg7DVaPp1FY+MIbVzXjh1oSUBvLyWyAwv75RuC5ZADRKFiEGWHnOhMR90dhKaQqN+PfXYvRRDZAzic648Ah5iQ6MXMCKNCX3jEkXgnwrshg0I+rVdsbCV1cF2ZOAKdO4S+7G0JrRJ7K69E912PfrP5ITfe/rw3C1ImxYsyInADOE3jhuityiMJrvnTRGFMvrO7R4qGTqeELoo7ELjgxcwHIRgXxt+rYDmyFNzV/Tf9zIibEd6dPGtFM+5GDQl5Y9edYVXGUmvHJWBbgZfJC2Pu36lXJi9cA7bWx23UeWEjGiLFyUT+AzBCEde6EWPy29tFA0l5PCx8em1WiDrJHh/gmre/2mUrW/c0MwMgXwJFl7xCK1f5a6nCkkZiaGzpuqANiZyOdGJmlTyAydTFbC3hVnrCRMOpn+QJ4j2CPpReScRq2aHeEm3EHbQJF8Mm/s+jUbrubCLxuskfLebKZkzAIALL3MUZe5AsgJ0wte5PqedpLRrUod1d2DS2z+KMZ3s/vJg/qbiGmgsqLVP4eOiOhz2j5Oq/0QjRxyNcrsBFJjRgTxmYA+QPIw7MgPDZATrXHXgd5oECBPZF/2Ru7m51AWujLI0egvozAttFtr166bcXNlj2XPU+y4/TAwkSVB6eBNWZMXFMX7ySqQQD6n1/VYP73RlHKpACpilg6arWFegtmp9lwb44Dc0zt0PJpEF27lQCQfumZyUFexJ5lJSClX+rfON5HgUHj/lOSZ122wS/BGR9ujKf/4pGBFK0DNjor6aTdGPZ4lWgn/XePLYFs0esLQkmaZ2F2LKBS+N4eDyIejP3aBCuyLTfoTkySFHRaqrjoem+MG9dy4C8bc/M4wnEmD8/56P2cobFiVZGOroLQ52O9Fhy3mvDE5yp4Jf+3uETCIgjR6wtCT5ZTW8EyKnVUc47l88qQnZ0tZaKhHUINNz3uA7n/Elxx6Zf7M3qW0r3ibnnvNEmfZUnOZUtLp7M60So5ZmZmBpZWFAWpmBK2VPdlcGIRUDE4gCz+XMUBess/Cqgpg1lgioeRTtOmTp2K4uJimHT0LqRmR5XnpufuBxkcN9/Nk/o38lTp2SvdLcegS82XmzEHHfRiL3JyciivMcgwJmJoIslEQ1x3xiAEhQaQFavKXyYQ94awETRp6nCDlCZQf1VQUICS8mn0AW2e08skj3J5Gh2S00m5i89e5Yqzd7GXMYh09ivx3WnMk9JYhuJDcpFTPAnDhvX3ODOynfkHLWCoBK4z1z0MhQdQIDdOlf7v39/D2PJLvjXHd2tJl0D7ggXTgeK5gImatQcMAkFqxgSED2/As9tT3TL8a6TLZaNnk90Z0Cb4rrXn5EV4a0UQPpPqzHUPQ+7uOYwYJf/HuXR0dX9EsZLwwk6JUyvHYUKGb6W8dR3mNmgaL9Hyjk9WFY6ZyZlAZhFgCH7n8FSjGRPfOOudpZz4ebrmUInHx9LcKjzJB5BtSZ++2/5Kk+Cx4Uznp8TjyqOl4cSkdButZcXmK4hrq3HO94JpcVNNzYGYXgDB9TlFMFE3v2jbaVxqozmkHBKEc9RXLMBzk2rliLNM+CbsbYkNx+kraaj7zJsdKF411XkzK1DaQJ6OvquLo/8TKJbMR19eBexG8i5pjuKSTDTBkV1K6QuAERNlg8faa25hWzKI68R1UwAeW1UGIGusGU+Xj+n/qQBB76vNSHfg24XJ0p1lVpFLAo2q8abh0I6chu68mdi27zCuGcnZi2ZDkz6SBlvqKxWQlS4g3ZmXgDVjBZjiQnYRH0h14ropJGVN2Nu4SJ8BbTjyIrH+jbovalvAqCQH1pal4Hu3FkvfqfHtKf5iKY5uYPF1NLnU1d6C+x94CDU1NUhNTcWO32xDbgH1dzLJZrNJ+XKeCQnOY9UuuqC+/Yuv8Ma5bhxvc/mNAN4YeIn+F8Ir1KrCDhiBso8cQJe1rM1fzF2cr9u1bMKw4bOLsqgc/iYt9NUS36Dna2jx8bSZEIJ6e7qx9N5/Qm1dnUfKYDDgnd/vQlZ2joc3MCLS5gTnwS+M43q9PuhLu3ijFbtP1l/bfcm87PijtxwcaEvJs39tlWi7ZKnAQym6nsKDFALa5MqZzXQ3kJoVA8mg8P1Ab2KPXbFiBc6e9R8509PT8e677yJ5wGe0DBbbdH+bx97u9jpv215xbsvbKVTRy5Y10nrp+kV9a+CXLI9BBWmi8BBJV1I4EUiLmxNXngOD2dTUhJaWFlq30gjMW1tEW7duDQgepzU3N6OqqkqSZXlupqzb1dVF35hYPC8lDHhctkouqxrgcbkCegsnREpUOe7s7qPwAoWgc0auPHskV549kQFZvJj+05QLzED5s9yePXvoinCalEwgSM2Uu4Uwfex5UvgphbdIh/s91UgVD/QuDReQwk7ijadwD4XD3unuOPdRDERGRgZ9uWSSBovbbrvNnRzwl5s3y3MzZX3uBhITE0OBx3lzGcZzmdQGjwupugey0YFEXjWBeMspsGc6t2YGCtFzT08PNm7ciAMHDqCzs9MjwR5233334fHHH/fwQkTolAlvUWDAYrKz7p236h7obdwd54pQqKLnXAq3UvhXCgco9FLwEO8ZLlmyRGraHiZFeJAoLQ26qmEbbIttsu1czmswwKO8BscDOaNARJ6pb++xjneI9jHU9Y3p7u4a8y/Pr81qbWkxkryRQEhmPZLrSkpK7nxl44bOIWnp10n2AnV/FzSC9oIpKe4Myfm8iEB5xYr3fwhNyOCVZit/AAAAAElFTkSuQmCC"" alt="""" class=""detail-img""><div data-v-25fc73c5="""" class=""detail-info""><p data-v-25fc73c5="""" class=""detail-info-name""></p><p data-v-25fc73c5="""" class=""detail-info-job""><span data-v-25fc73c5="""" class=""detail-info-job-posi""></span><!----></p><div data-v-25fc73c5="""" class=""detail-info-tag""><!----></div></div><div data-v-25fc73c5="""" class=""detail-download""><div data-v-25fc73c5="""" class=""detail-download-qrcode""><img data-v-25fc73c5="""" src=""https://img01.51jobcdn.com/we/images/logo.png"" alt="""" class=""logo""></div><p data-v-25fc73c5="""" class=""detail-download-tip"">来App与HR沟通！</p></div></div></div></div></div></div><p data-v-5190a29c="""" class=""info""><span data-v-5190a29c="""" class=""sal"">1.5-2.2万</span><span data-v-5190a29c="""" class=""d at""><span data-v-5190a29c="""">长沙</span><span data-v-5190a29c="""">|</span><span data-v-5190a29c="""">5-7年</span><span data-v-5190a29c="""">|</span><span data-v-5190a29c="""">大专</span></span></p><p data-v-5190a29c="""" class=""tags""><span data-v-5190a29c="""" title=""java""><i data-v-5190a29c="""">java</i></span><span data-v-5190a29c="""" title=""性能调优""><i data-v-5190a29c="""">性能调优</i></span><span data-v-5190a29c="""" title=""kotlin""><i data-v-5190a29c="""">kotlin</i></span><span data-v-5190a29c="""" title=""安卓开发""><i data-v-5190a29c="""">安卓开发</i></span><span data-v-5190a29c="""" title=""组件封装""><i data-v-5190a29c="""">组件封装</i></span><span data-v-5190a29c="""" title=""通讯机制""><i data-v-5190a29c="""">通讯机制</i></span><span data-v-5190a29c="""" title=""开发框架""><i data-v-5190a29c="""">开发框架</i></span><span data-v-5190a29c="""" title=""h5""><i data-v-5190a29c="""">h5</i></span><span data-v-5190a29c="""" title=""五险一金""><i data-v-5190a29c="""">五险一金</i></span><span data-v-5190a29c="""" title=""节假日福利""><i data-v-5190a29c="""">节假日福利</i></span><span data-v-5190a29c="""" title=""双休""><i data-v-5190a29c="""">双休</i></span></p></a><div data-v-5190a29c="""" class=""er""><a data-v-5190a29c="""" href=""https://jobs.51job.com/all/coB2RSNVA3AzlRPFY0XDE.html"" target=""_blank"" title=""上海芮想信息科技有限公司"" class=""cname at"">上海芮想信息科技有限公司</a><p data-v-5190a29c="""" class=""dc at"">民营",计算机软件
安卓工程师,上海芮想信息科技有限公司,5-7年经验,大专,长沙长沙县三一魔豆仓创新中心1,1.5-2.2万,01-27发布,岗位职责：1、根据需求进行APP软件设计、开发和维护；2、负责相关技术文档编写；3、负责与服务器端调试，确保应用质量；岗位要求：1、计算机或相关技术专业的本科及以上学历；2、2年以上Android开发经验，熟悉Android应用开发框架，能独立开发高性能的Android应用；3、熟悉前沿android相关的技术，对其源码及原理有所了解；4、丰富的Java/kotlin的编码技能；5、对软件产品有较强责任心；6、热爱设计编写程序，对IT行业充满激情，有独立的用代码解决问题的能力；7、熟悉智能穿戴或BLE应用开发者优先。职能类别：Android开发工程师关键字：javakotlin,长沙,150-500人,"民营  </p><p data-v-5190a29c="""" class=""int at"">计算机软件</p><button data-v-5190a29c="""" track-type=""searchTrackButtonClick"" event-type=""99"" trace-name=""申请职位-职位下"" class=""p_but""> 申请职位 </button></div></div><div data-v-5190a29c="""" sensorsname=""JobShortExposure"" sensorsdata=""{&quot;pageCode&quot;:&quot;sou|sou|soulb&quot;,&quot;shortPageCode&quot;:&quot;sou|sou|soulb&quot;,&quot;requestId&quot;:&quot;d21bd805141ea9485a18a8f2aeedfbbb&quot;,&quot;policyType&quot;:&quot;搜索&quot;,&quot;jobRank&quot;:18,&quot;jobId&quot;:&quot;142247781&quot;,&quot;pageNum&quot;:1}"" class=""e sensors_exposure"" style=""overflow: visible;""><div data-v-5190a29c="""" class=""e_icons ick""></div><a data-v-5190a29c="""" href=""https://jobs.51job.com/hangzhou/142247781.html?s=sou_sou_soulb&amp;t=0_0&amp;req=d21bd805141ea9485a18a8f2aeedfbbb"" target=""_blank"" class=""el""><div data-v-5190a29c="""" class=""t"" style=""display: flex; align-items: center; height: 25px;""><span data-v-5190a29c="""" title=""Android安卓工程师"" class=""jname at"">Android安卓工程师</span><span data-v-5190a29c="""" class=""time"">01-16发布</span><div data-v-25fc73c5="""" data-v-5190a29c="""" class=""chat""><div data-v-25fc73c5="""" class=""chat-img""></div><span data-v-25fc73c5="""">立即沟通</span><div data-v-25fc73c5="""" class=""chat-detail""><div data-v-25fc73c5="""" class=""chat-detail-position""><div data-v-25fc73c5="""" class=""arrow""></div><div data-v-25fc73c5="""" class=""detail""><img data-v-25fc73c5="""" src=""data:image/png;base64,iVBORw0KGgoAAAANSUhEUgAAAFAAAABQCAYAAACOEfKtAAAAAXNSR0IArs4c6QAAAERlWElmTU0AKgAAAAgAAYdpAAQAAAABAAAAGgAAAAAAA6ABAAMAAAABAAEAAKACAAQAAAABAAAAUKADAAQAAAABAAAAUAAAAAAx4ExPAAATOElEQVR4Ac1cCXhT15X+nyTbsmVZNsbGGC8YG2MWAzYOW8zWEoY0hNBOEzJkAgn5aBaylQQnaWY6k6ZpWRoIdKYNbb9AaEM6YUjTpqF8nQzQj2xN2HeCCcTYBrzvsqzlzTlPiyVre096MnO+71r3nXvOuff+79z9Pgu4mfSzw0Nh15YBjjFUDAriGIjIAgQjxSnwL5PYSXEK9CvgOsUvEJOC5gK09mN4tqJJErsJf4RBzXPT1UTYG+bDgW8QUPMIjIkQxejKIAgi2TpJtg5Ag/3QZn6INbnmwapXdIWXU0oG6NVjs2B3LKeK3k0qKXLUopDpIDB3Q6vZiWfKDoEBjiHFDsCtFxPQ0/EABHEtAVcYwzoENy3gEkRhI5JSduDJ0ZbggpGnqA/g9st6NLQ8QkUi4MTsyIumoqYg1JO1jcgc8joeLOhV0TI5u5q07vAdZPHn5HEFcs3qW+tgqv4MhtozSGith8ZqhqhLgEMXD0d8IrqHl6Bz5GR05peTM0VZXAGXqWxP4PmKD+SWL5xclCVymX/1VC5slq1UuCXhMnSnJzZeRvahHTB9+YmbFfLXmpKJpokL0VS+GNYkU0jZsIkC3oMu4Uk8U3o1rGwYgegBXH94CbnGGzTFSAuTlyc5/fSHyNu3GYKtz8OTG3HE6dFYfhduTL8HtsRoxiOhlfrnlXiu4j25eQeSixzAd87E46veDQTcU4EMB+MNPbEXeX/ZHCxZNt+RYED9rOUSmKJGK1vPX1DYglH6KtwzXvnbJGORAfiLk2no6PsT6Vf6Fyg4J+n6RYz57VMQ7NbgQgpTeofmo2bh0+jKmaBQ00f8I6TEL8ZjE1t9uDIelAO46fgIWG37qL9TXOKSN59A0rXzMoqlUIQGl4Zbvov6OQ/CoY1TqOwSF3AacbqFWDO5TokBjRJhbDg2Glb7x5GAl/L1sdiAxxUQRWR+vhslO1ZD31KrqEoeYXYIrhvXUQHJ98D1R2lOJ35Chc1XYB9aay/Szu7HsM/3IKG5RolqRLIOvQGX73wB7YXTItKnlcvX1LPNxHPlPHcMS/IA3HwsFX32Q0o8TxAdyDj6PoYfehPaXtoHGEyiJn31tidogLkzsly5OcdrZ+H7ZW3hDIQHcNvhOLQJ/0ueNyucMXe6ztKNgj+8DOOVI27WTfmtnb8aDRWyp6a+ZRSEQ0gVv4mHK0KOeOH7wDasUwKexmrB6F1rbzp4jEbOh/+J1IvyJuq+6NETOwzXPQyFBnD90cXUbNeEseGTnL/3VSTeuOjDu5kPXJ74rubIisB133gkZD8QHMD1J3Joo3O7kpyT684g7dwBJSphZbUaDcrH5WLFXTOw6u5KFOZmhNXxFtCaO5D10e+8WcriDnEHJCwCq+kCs4kr2l6jv0OCpgdIyPr4rQBc5SytRsC0yUX41txyzKqcguS0dEBLRXXY8ciqHry/9yC2vLEXrR09soynn9onzREjWvqJjIGExXcDZRZ4ENlwZCEc4l8CKQTjaWhdO2nzkqCrjOllowmU0SguzEHG0CG03ynAYrWi19yL6w3NqLvWgua2DuRlZ2L+nHKkZw0HLfiDZYf2lmb87LWd2HvweFAZ74Sa27+Ppknf8mYpi2uE21E1Zd9AJX8AnRuhp8kFiwYKh3o21pygweNZPxF96hC8/qOVKJ04jo4wolmz+pnmjh4fHfoUP3nt97jR1B5AoJ/VNHkRLfkULdv7laWYUE0bsxMGbsz694HmjlVKwWP7CW3XBmRIjwTYj//9UZROLlUfPM6N5nuVs2di945X8J3bZ4Rc2PPeYnREDiVh42vFF0Ce84m0BR8Bafr8N3oTJkzHPGq2sSZDihEvvvAwtm95FqVj8gJm15uhaAEV0IaEDWPkRb4Atmvup7TAJfBSChQVRJsfe9GC6eR5/r2En6AqDAGlZaXY8foPsX3T0zAk6X2sRrzJ4GOFsHFi5OH6Aig6qjwpCiN9Rv/pxf0zVHjrCssB2o2ZOGUyDVYjfDStBkUTCh9dn4cBGPUDuPHoDJo08wF3RNRnyvLRE+L1yM0w+fAG7YH6xrElvgeBfaZh6mTPGDFWLuoH0O7g5hsxmTMLwdvtbtInJ7ujN+V34nivSYSgQR+dqahGXlg5AeTteQFLo8nAQRPdrvxJHhM6ncpTFo9leZHyySXU/Tr7X24d0W37D8iTsWLMiJwAXjHPpeYbdSfRWjLXk5Pd7vDEb0YkfYgJI0flSln3DqFVqZrEWDFmRE4ARbqrogK1lsyGXW+ULPX1RXRGo0Ip+k1YRWf1LGoDyFm4MHMBKKgCIB+GN1bcJdXAZonJTYp+dGTEWmhpyNQ71OmJMlTki4hOzDRYd9hE56Pl8jVDSzZU/CP4yBE0sbZa/eeGobXVTTW3t0u3HDpGTlHXMFtjzAg7DXSaSeSOqvX4Nn0yrk9zjkdXGkKvT9WvVb/FxsZW2ryxo27uSlhSaWNCbWLMCDsNbHSpUUUy6EQUL7gDNkMa/nbuuoqWlZmqrmuCeVgRGqd8W5miEmnCTkeuyLdCVaND05tQlmLFI8f/AX/77BRuGRaHbdvfQ319I+0taJBESyyTKRkpydTMKWO7nQIdQFksVujjdJhSNhZTp4xD4SjnyHn5Sh2+OHpOCj209ZUQHyfZieNpEk1Tujp70Nbeie6eXrJlx/BhQ/Hwyu9g//kWpC64Gz8s7sJPq43oU7GOHrAIOwHrj7xPi+RFHmYUkWy9A3XfcHpddU0Dlq/+CSztrcjPG45fbFqLrEzaGA1BnV09+Pm23djzx/3QJ9DUlNbRZrMF82ZNwYtrH0RaqnOED2aitb0Lz/xgC06c+pJ2nlLwwX9tRIpBj5mfDMWnbdK0LZhqhHzhfR05gUprHCBJ0/+ai/IyodcnoGz0BGRmDgkLHtfAmJyEb86pkADstfRPg2ZXloUFj/XTyLOnThlLXqpD/qh8CTzmW6O8Rcw2glAW7ZPzZW51qMXqu/NSOY/Op1cswFPPb5KdAV945ib85KNLkWI04Ffb/yBblwUvX7mGdS+thinFuZS0EXjnuqiasSAByRpawqm2aG2xatBgcU4tubz3L5oJgyERudnDcPFSrawqXPqqDk8/di/GFo/EiOEZeGDZHaR7VZZuc2s74qgfdYPHSic74tBt932xsozJEhKNGnrhqnkg57mjNsmT9eg85xbXPy9diJ1vf+Dhh4pc+foaxozu3wYrGDkCDTQlkUNv7/4rlt29wEf0y27VZmg+dqUHwo5GYf5MoL/v8pdSxvn1VQOqCrt8lHhEdThE7HjrzyjIH4G0NCPiaTTlbB0OB5qa2uhQqRGXLtdi4vhCH11+mFdZjh+89EvaonJ6ZWYGHUpptTwIo6/PivaObtSTfm19A8aVFPjo15hjCCBhR6Pw4RryQlXXOhfmNKDY4LsK4YqePFON7i4zXYKyQSRANXTmGx8XB31iPA0ARozIzkBiYv+WmDcSvTQaM0BtHV0w91jQRyd6DD6P1DqdDsnUVUwYW0gDl+9o+9iZVPzy6/5W4W0z6jhdwaFRWPoCKGpb3gYONsf7AcgeV0FzvEhJn5iAokLl77k6pk1Y6KRBRPRtb5HW0Evv83ZfL/BKGvTo2ViNwFJNRAJQRIDzyOjq+XHL/w8Af0P9cV1vDPtA4LqGtm0vRAeXv/b5bh34zb9dH+1ZrL9tuZxFh9Ox6pRJrnhkcoQdzTAZQPVGYXdJZn6agU6aWJeZbCgxhLxi51ZR7dfqEHBwUFqBcIFmvep7ICPRTuDxpv7ehgTVgJFr6O/UB3fbYjV59i4FA2iIP0GrkZi5yJ9uDD6A+xoHoQ9mzAg7DVaPp1FY+MIbVzXjh1oSUBvLyWyAwv75RuC5ZADRKFiEGWHnOhMR90dhKaQqN+PfXYvRRDZAzic648Ah5iQ6MXMCKNCX3jEkXgnwrshg0I+rVdsbCV1cF2ZOAKdO4S+7G0JrRJ7K69E912PfrP5ITfe/rw3C1ImxYsyInADOE3jhuityiMJrvnTRGFMvrO7R4qGTqeELoo7ELjgxcwHIRgXxt+rYDmyFNzV/Tf9zIibEd6dPGtFM+5GDQl5Y9edYVXGUmvHJWBbgZfJC2Pu36lXJi9cA7bWx23UeWEjGiLFyUT+AzBCEde6EWPy29tFA0l5PCx8em1WiDrJHh/gmre/2mUrW/c0MwMgXwJFl7xCK1f5a6nCkkZiaGzpuqANiZyOdGJmlTyAydTFbC3hVnrCRMOpn+QJ4j2CPpReScRq2aHeEm3EHbQJF8Mm/s+jUbrubCLxuskfLebKZkzAIALL3MUZe5AsgJ0wte5PqedpLRrUod1d2DS2z+KMZ3s/vJg/qbiGmgsqLVP4eOiOhz2j5Oq/0QjRxyNcrsBFJjRgTxmYA+QPIw7MgPDZATrXHXgd5oECBPZF/2Ru7m51AWujLI0egvozAttFtr166bcXNlj2XPU+y4/TAwkSVB6eBNWZMXFMX7ySqQQD6n1/VYP73RlHKpACpilg6arWFegtmp9lwb44Dc0zt0PJpEF27lQCQfumZyUFexJ5lJSClX+rfON5HgUHj/lOSZ122wS/BGR9ujKf/4pGBFK0DNjor6aTdGPZ4lWgn/XePLYFs0esLQkmaZ2F2LKBS+N4eDyIejP3aBCuyLTfoTkySFHRaqrjoem+MG9dy4C8bc/M4wnEmD8/56P2cobFiVZGOroLQ52O9Fhy3mvDE5yp4Jf+3uETCIgjR6wtCT5ZTW8EyKnVUc47l88qQnZ0tZaKhHUINNz3uA7n/Elxx6Zf7M3qW0r3ibnnvNEmfZUnOZUtLp7M60So5ZmZmBpZWFAWpmBK2VPdlcGIRUDE4gCz+XMUBess/Cqgpg1lgioeRTtOmTp2K4uJimHT0LqRmR5XnpufuBxkcN9/Nk/o38lTp2SvdLcegS82XmzEHHfRiL3JyciivMcgwJmJoIslEQ1x3xiAEhQaQFavKXyYQ94awETRp6nCDlCZQf1VQUICS8mn0AW2e08skj3J5Gh2S00m5i89e5Yqzd7GXMYh09ivx3WnMk9JYhuJDcpFTPAnDhvX3ODOynfkHLWCoBK4z1z0MhQdQIDdOlf7v39/D2PJLvjXHd2tJl0D7ggXTgeK5gImatQcMAkFqxgSED2/As9tT3TL8a6TLZaNnk90Z0Cb4rrXn5EV4a0UQPpPqzHUPQ+7uOYwYJf/HuXR0dX9EsZLwwk6JUyvHYUKGb6W8dR3mNmgaL9Hyjk9WFY6ZyZlAZhFgCH7n8FSjGRPfOOudpZz4ebrmUInHx9LcKjzJB5BtSZ++2/5Kk+Cx4Uznp8TjyqOl4cSkdButZcXmK4hrq3HO94JpcVNNzYGYXgDB9TlFMFE3v2jbaVxqozmkHBKEc9RXLMBzk2rliLNM+CbsbYkNx+kraaj7zJsdKF411XkzK1DaQJ6OvquLo/8TKJbMR19eBexG8i5pjuKSTDTBkV1K6QuAERNlg8faa25hWzKI68R1UwAeW1UGIGusGU+Xj+n/qQBB76vNSHfg24XJ0p1lVpFLAo2q8abh0I6chu68mdi27zCuGcnZi2ZDkz6SBlvqKxWQlS4g3ZmXgDVjBZjiQnYRH0h14ropJGVN2Nu4SJ8BbTjyIrH+jbovalvAqCQH1pal4Hu3FkvfqfHtKf5iKY5uYPF1NLnU1d6C+x94CDU1NUhNTcWO32xDbgH1dzLJZrNJ+XKeCQnOY9UuuqC+/Yuv8Ma5bhxvc/mNAN4YeIn+F8Ir1KrCDhiBso8cQJe1rM1fzF2cr9u1bMKw4bOLsqgc/iYt9NUS36Dna2jx8bSZEIJ6e7qx9N5/Qm1dnUfKYDDgnd/vQlZ2joc3MCLS5gTnwS+M43q9PuhLu3ijFbtP1l/bfcm87PijtxwcaEvJs39tlWi7ZKnAQym6nsKDFALa5MqZzXQ3kJoVA8mg8P1Ab2KPXbFiBc6e9R8509PT8e677yJ5wGe0DBbbdH+bx97u9jpv215xbsvbKVTRy5Y10nrp+kV9a+CXLI9BBWmi8BBJV1I4EUiLmxNXngOD2dTUhJaWFlq30gjMW1tEW7duDQgepzU3N6OqqkqSZXlupqzb1dVF35hYPC8lDHhctkouqxrgcbkCegsnREpUOe7s7qPwAoWgc0auPHskV549kQFZvJj+05QLzED5s9yePXvoinCalEwgSM2Uu4Uwfex5UvgphbdIh/s91UgVD/QuDReQwk7ijadwD4XD3unuOPdRDERGRgZ9uWSSBovbbrvNnRzwl5s3y3MzZX3uBhITE0OBx3lzGcZzmdQGjwupugey0YFEXjWBeMspsGc6t2YGCtFzT08PNm7ciAMHDqCzs9MjwR5233334fHHH/fwQkTolAlvUWDAYrKz7p236h7obdwd54pQqKLnXAq3UvhXCgco9FLwEO8ZLlmyRGraHiZFeJAoLQ26qmEbbIttsu1czmswwKO8BscDOaNARJ6pb++xjneI9jHU9Y3p7u4a8y/Pr81qbWkxkryRQEhmPZLrSkpK7nxl44bOIWnp10n2AnV/FzSC9oIpKe4Myfm8iEB5xYr3fwhNyOCVZit/AAAAAElFTkSuQmCC"" alt="""" class=""detail-img""><div data-v-25fc73c5="""" class=""detail-info""><p data-v-25fc73c5="""" class=""detail-info-name""></p><p data-v-25fc73c5="""" class=""detail-info-job""><span data-v-25fc73c5="""" class=""detail-info-job-posi""></span><!----></p><div data-v-25fc73c5="""" class=""detail-info-tag""><!----></div></div><div data-v-25fc73c5="""" class=""detail-download""><div data-v-25fc73c5="""" class=""detail-download-qrcode""><img data-v-25fc73c5="""" src=""https://img01.51jobcdn.com/we/images/logo.png"" alt="""" class=""logo""></div><p data-v-25fc73c5="""" class=""detail-download-tip"">来App与HR沟通！</p></div></div></div></div></div></div><p data-v-5190a29c="""" class=""info""><span data-v-5190a29c="""" class=""sal"">7.5千-1.2万・14薪</span><span data-v-5190a29c="""" class=""d at""><span data-v-5190a29c="""">杭州・滨江区</span><span data-v-5190a29c="""">|</span><span data-v-5190a29c="""">1年</span><span data-v-5190a29c="""">|</span><span data-v-5190a29c="""">本科</span></span></p><p data-v-5190a29c="""" class=""tags""><span data-v-5190a29c="""" title=""java""><i data-v-5190a29c="""">java</i></span><span data-v-5190a29c="""" title=""多线程""><i data-v-5190a29c="""">多线程</i></span><span data-v-5190a29c="""" title=""kotlin""><i data-v-5190a29c="""">kotlin</i></span><span data-v-5190a29c="""" title=""周末双休""><i data-v-5190a29c="""">周末双休</i></span><span data-v-5190a29c="""" title=""加班费""><i data-v-5190a29c="""">加班费</i></span><span data-v-5190a29c="""" title=""全额公积金""><i data-v-5190a29c="""">全额公积金</i></span><span data-v-5190a29c="""" title=""补充医疗保险""><i data-v-5190a29c="""">补充医疗保险</i></span><span data-v-5190a29c="""" title=""高温补贴""><i data-v-5190a29c="""">高温补贴</i></span><span data-v-5190a29c="""" title=""管理规范""><i data-v-5190a29c="""">管理规范</i></span><span data-v-5190a29c="""" title=""年终奖金""><i data-v-5190a29c="""">年终奖金</i></span><span data-v-5190a29c="""" title=""员工旅游""><i data-v-5190a29c="""">员工旅游</i></span><span data-v-5190a29c="""" title=""定期体检""><i data-v-5190a29c="""">定期体检</i></span><span data-v-5190a29c="""" title=""五险一金""><i data-v-5190a29c="""">五险一金</i></span></p></a><div data-v-5190a29c="""" class=""er""><a data-v-5190a29c="""" href=""https://jobs.51job.com/all/coUzcFZVQwBT4AZVE2BmM.html"" target=""_blank"" title=""滨江兄弟信息技术（杭州）有限公司"" class=""cname at"">滨江兄弟信息技术（杭州）有限公司</a><p data-v-5190a29c="""" class=""dc at"">外资（非欧美）",计算机软件
安卓工程师,嘉信商务管理咨询（大连）有限公司,5-7年经验,本科,上海市,1.5-3万,01-18发布,任职要求：1、大专及以上学历2、5年以上安卓原生开发经验3、熟悉java开发语言，熟悉kotlin等安卓原生常用开发框架和UI框架4、熟悉安卓原生与H5的通讯机制5、熟悉安卓开发的性能调优6、熟悉安卓的组件封装和自定义UI组件的开发，熟悉安卓页面的屏幕适配7、良好的编码习惯和代码风格职能类别：Android开发工程师关键字：java性能调优kotlin安卓开发组件封装通讯机制开发框架h5,上海,1000-5000人,已上市,计算机软件
java安卓工程师,滨江兄弟信息技术（杭州）有限公司,1年经验,本科,西兴街道江陵路88号万轮科技园8号楼,7.5千-1.2万・14薪,01-16发布,工作职责：1、参与产品设计，使用流程等，方案讨论，负责Android客户端软件开发工作;2、根据产品开发流程规范，完成相关技术文档编写;3、解决开发过程中遇到的技术问题，配合项目成员完成相关工作。任职资格：1、3-5年工作经验，专科或以上学历，计算机、电子信息、通信工程相关专业;2、熟练Android相关开发，熟悉Android标准控件、AndroidframeworkAPI；3、精通以下一种或多种多线程、安卓UI、动画、文件操作优先；4、熟悉AndroidStudio开发环境，能够写出强稳定高可用易扩展的代码。职能类别：Android开发工程师关键字：java多线程数据库linux,杭州-滨江区,1000-5000人,民营,计算机软件
高级安卓工程师,惠州市华阳多媒体电子有限公司,3-4年经验,本科,惠州市华阳多媒体电子有限公司,1.3-2.5万,01-14发布,来都来了，投一个吧，我回复超快哟~~试一试嘛岗位职责：1、负责Android手机软件的开发及设计；2、根据产品的需求进行Android产品的分析；3、对Android平台开发技术进行研究，发现其缺陷并改正更新；4、根据用户需求研发新的Android产品，并测试其性能，进行改进；5、根据项目需求进行学习并快速掌握技巧；6、与研发上下游同学进行有效沟通，快速处理问题。任职要求：1、本科及以上学历。较强的技术敏感度，较强的学习能力和工作韧性；2、具备3-5年以上原生Android端开发经验，熟悉Android多线程、网络协议、前端数据库等，熟悉苹果应用市场上架流程及规则；3、对APP性能优化和内存优化有深入了解，熟练掌握IOS平台下的代码调试和调优技术；4、熟练掌握IM通讯开发，有社交平台、电商平台开发经验；5、具有良好的编程技巧和文档编写能力；6、能迅速适应工作环境以及抗压能力，有良好的沟通能力，团队合作精神。职能类别：Android开发工程师关键字：APPUIAndroid,惠州-惠城区,少于50人,民营,电子技术/半导体/集成电路
安卓工程师（Android）-北京市平谷区,上海芮想信息科技有限公司,5-7年经验,大专,长沙长沙县三一魔豆仓创新中心1,1.5-2.2万,01-27发布,1.精通Android基础功能开发，拥有良好的编程风格，扎实的编程基础和数据结构算法基础；2.深入理解Android各版本SDK更新内容，具有丰富的java/kotlin开发经验，对内存管理，多线程开发，及AMS原理有深入了解；3.熟悉网络通信机制及常用数据传输协议，，有Socket经验优先；4.具备良好的分析解决问题能力，有技术难题攻关经验，按时独立承担任务模块，分析并解决相应问题，具备一定抗压能力；热爱互联网和新技术，具有极强的快速学习能力；5.熟悉App版本迭代、上架发布等工作。职能类别：Android开发工程师,长沙,少于50人,民营,计算机软件
安卓系统工程师,盐城一之来计算机有限公司,2年经验,大专,文港南路49号西伏河智能数字社区3号楼6层,8千-1.3万,01-13发布,任职要求：1、大专及以上学历2、5年以上安卓原生开发经验3、熟悉java开发语言，熟悉kotlin等安卓原生常用开发框架和UI框架4、熟悉安卓原生与H5的通讯机制5、熟悉安卓开发的性能调优6、熟悉安卓的组件封装和自定义UI组件的开发，熟悉安卓页面的屏幕适配7、良好的编码习惯和代码风格职能类别：Android开发工程师关键字：java性能调优kotlin安卓开发组件封装通讯机制开发框架h5,盐城-亭湖区,1000-5000人,已上市,计算机软件
安卓工程师,青岛沐贤人才服务有限公司,3-4年经验,本科,汉峪金谷,1-1.5万,01-10发布,要求：6年以上开发经验，3年以上Android开发经验主要是Java实现Android开发，会kotlin英语听说读写熟练，口语可以作为工作语言工作地点：上海市普陀区职能类别：Android开发工程师,济南-高新区,1000-5000人,民营,专业服务(咨询、人力资源、财会)
安卓系统工程师,惠州市华阳多媒体电子有限公司,3-4年经验,本科,惠州市华阳多媒体电子有限公司,1.3-2.5万,01-14发布,【岗位职责】1.Brother自有产品的的AndroidApp开发和优化；2.负责调研、产品需求分析、设计、编码、测试和文档编写等相关工作。【任职资格】1.本科及以上学历，计算机相关专业；2.1年以上Android平台开发经验；3.熟悉Kotlin开发语言，并对各自特性有深入了解；4.具有良好的团队合作能力气和沟通能力；5.有良好的自学能力和上进心。【薪酬福利】1.试用期工资不打折；入社即可缴纳社保公积金，另有补充商业保险；2.周末双休，加班支付1.5倍加班工资；3.法定年假、育儿假、独生子女假和公司给予带薪假等；4.年终奖人均2个月；每年4月调薪；5.工会、文体俱乐部、年度旅游和年度体检等；6.各种培训和学习机会（入职教育、共通教育、日语培训、海外培训等）。职能类别：Android开发工程师关键字：java多线程kotlin,惠州-惠城区,50-150人,民营,电子技术/半导体/集成电路
安卓开发工程师,上海芮想信息科技有限公司,5-7年经验,大专,长沙长沙县三一魔豆仓创新中心1,1.5-2.2万,01-27发布,岗位职责：负责HUD产品的Android应用开发。任职要求：1.本科及以上，3年及以上安卓开发经验：2.熟练使用AndroidStudio及Android应用开发；3.熟悉Java/C++语言开发，具备良好的编码习惯；4.有以下条件者优先（一种或几种）：①有3D动画经验者；②有车机系统开发经验者；③熟悉JavaScript开发者；④有OpenCV开发经验者。职能类别：Android开发工程师关键字：javac++android,长沙,150-500人,已上市,计算机软件
Android/安卓开发工程师,江苏金软软件技术有限公司,3-4年经验,本科,崇川区工农南路118号汇金国际B座16楼,6千-1.2万,01-10发布,任职要求：1、大专及以上学历2、5年以上安卓原生开发经验3、熟悉java开发语言，熟悉kotlin等安卓原生常用开发框架和UI框架4、熟悉安卓原生与H5的通讯机制5、熟悉安卓开发的性能调优6、熟悉安卓的组件封装和自定义UI组件的开发，熟悉安卓页面的屏幕适配7、良好的编码习惯和代码风格职能类别：Android开发工程师关键字：java性能调优kotlin安卓开发组件封装通讯机制开发框架h5,南通,150-500人,民营,计算机软件
安卓开发工程师,云涌科技,1年经验,本科,长椿路11号国家大学科技园孵化2号楼B座16层,8千-1.2万,01-03发布,"1.能够独立开发app完成相关软件项目的设计与开发；2.熟练使用Android常用组件；3.熟练使用Android平台UI设计规范，能够按要求实现自定义UI和功能；4.熟练使用MVP,MVVM框架具有良好的编码规范；5.熟练使用Android?Jetpack；6.熟练使用路由框架ARouter；?7.对Android性能优化有深入的了解；8.对支付、地图、第三方登录等有所了解；9.了解移动端混合式开发架构；职能类别：Android开发工程师关键字：Android开发",郑州-高新区,1000-5000人,民营,仪器仪表/工业自动化
安卓/Android软件开发工程师,重庆舟海智能科技有限公司,2年经验,大专,空港朗月路6号临空智能产业园9栋四楼,6千-1.2万,12-31发布,"岗位职责1、负责公司AIOT相关android端应用app的开发和性能优化；2、对客户端架构进行全局规划和思考；不断推动技术突破和效率提升；3、参与创建技术标准及规范；任职要求1.计算机、通信等相关专业本科学历，3年以上Android开发经验，扎实的计算机专业基本功，强大的编码能力；（必须）2.熟悉android系统打包编译、插件化、热修复,sdk输出等主流技术原理并有独特见解；3.熟悉常见的网络通讯协议；4.对android系统框架、对客户端稳定性和性能优化有体系化思考；【加分项】有flutter或相关跨平台开发经验者优先录取有AIoT设备研发者优先录取职能类别：Android开发工程师",重庆-渝北区,少于50人,民营,电子技术/半导体/集成电路
Android/安卓开发工程师,上海芮想信息科技有限公司,5-7年经验,大专,长沙长沙县三一魔豆仓创新中心1,1.5-2.2万,01-27发布,岗位职责：负责HUD产品的Android应用开发。任职要求：1.本科及以上，3年及以上安卓开发经验：2.熟练使用AndroidStudio及Android应用开发；3.熟悉Java/C++语言开发，具备良好的编码习惯；4.有以下条件者优先（一种或几种）：①有3D动画经验者；②有车机系统开发经验者；③熟悉JavaScript开发者；④有OpenCV开发经验者。职能类别：Android开发工程师关键字：javac++android,长沙,150-500人,民营,计算机软件
安卓APP开发工程师,武汉飞流智能技术有限公司,5-7年经验,本科,未来科技城C区C3栋502室,1.8-2.5万,12-28发布,任职要求：1、大专及以上学历2、5年以上安卓原生开发经验3、熟悉java开发语言，熟悉kotlin等安卓原生常用开发框架和UI框架4、熟悉安卓原生与H5的通讯机制5、熟悉安卓开发的性能调优6、熟悉安卓的组件封装和自定义UI组件的开发，熟悉安卓页面的屏幕适配7、良好的编码习惯和代码风格职能类别：Android开发工程师关键字：java性能调优kotlin安卓开发组件封装通讯机制开发框架h5,武汉,5000-10000人,已上市,仪器仪表/工业自动化
安卓/Android软件开发工程师,北京白象新技术有限公司,2年经验,大专,兴谷经济开发区M2-5区9号7房,8千-1.2万,12-26发布,"任职要求：1、熟悉java编程语言；2、熟练应用Oracle、MySql、SQLServer等关系型数据库；3、熟悉eclipse、androidstudio、apktool工具；4、熟练android的json、saxl解析，熟练使用xml、json解析技术；5、可以做PDA,UI后端福利待遇：1、国家法定节假日正常休息；2、岗位薪资+薪级工资+考核奖金3、绩效奖金，节日福利，生日福利，员工旅游6、在五险一金的基础上，免费给每位员工参加医疗及意外的商业补充保险；职能类别：Android开发工程师",北京-平谷区,1000-5000人,民营,医疗设备/器械
安卓开发工程师（智能硬件）,奇虎360科技有限公司,5-7年经验,本科,奇虎360总部,2-4万・15薪,01-26发布,1、基于Android手持机和工控板进行客户端应用设计和开发；2、基于工控板和相应外设进行身份证、IC卡、串口通信、人像识别处理；3、完成android软件设计、编码、测试和维护工作，确保开发质量；4、与第三方SDK对接，并具备java编写测试demo的能力。职位要求：1、本科以上，1年以上Android开发经验，至少完整参与开发1个项目，有完整H5页面设计经验者优先；?2、熟悉Android程序设计及AndroidStudio使用；3、熟悉Activity、Fragment生命周期、消息机制、内存管理机制等；4、熟悉Android下串口通信、网络通信，掌握TCP/IP和http/https编程，熟知json及xml等网络数据格式；5、良好的沟通能力、学习能力、解决问题能力，能独立进行应用程序开发；6、有Android工控板开发经验。职能类别：Android开发工程师关键字：android安卓安卓开发软件开发android开发开发软件工程师工程师,北京,50-150人,民营,互联网/电子商务
安卓工程师,上海芮想信息科技有限公司,5-7年经验,大专,长沙长沙县三一魔豆仓创新中心1,1.5-2.2万,01-27发布,岗位职责：1、主要从事基于在公司sdk基础上，对Android平台客户端应用程序的功能设计、开发、实现、优化，维护和升级；2、负责安卓手机与手环项目的测试app的开发。3、负责PC与手环项目的测试工具开发（用java语言实现即可）。4、负责api接口文档的调试和编写输出。岗位要求：1、能够独立完成项目的开发，接口调试。有2年以上Android客户端开发经验；2、对设计模式熟悉，MVC，MVVM等；3、有丰富的移动端APP应用项目经验和架构经验；4、有PC工具（java或者其他语言均可）开发经验优先。5、熟练掌握网络编程；职能类别：Android开发工程师关键字：androidjava安卓安卓开发android开发,长沙,150-500人,民营,计算机软件
Software Android Engineer软件安卓工程师,深圳市橙视科技发展有限公司,1年经验,大专,西乡易尚三维产业园11楼,1.6-2.2万・13薪,12-16发布,任职要求：1、大专及以上学历2、5年以上安卓原生开发经验3、熟悉java开发语言，熟悉kotlin等安卓原生常用开发框架和UI框架4、熟悉安卓原生与H5的通讯机制5、熟悉安卓开发的性能调优6、熟悉安卓的组件封装和自定义UI组件的开发，熟悉安卓页面的屏幕适配7、良好的编码习惯和代码风格职能类别：Android开发工程师关键字：java性能调优kotlin安卓开发组件封装通讯机制开发框架h5,深圳-宝安区,5000-10000人,民营,通信/电信/网络设备
车辆车机安卓框架工程师,大连隆基信息技术有限公司,1年经验,大专,数码广场软件园,8千-1.5万,01-27发布,一、岗位职责：1、自动化系统及相关产品的Android应用程序设计开发、调测、发布、维护。2、开发过程中相关文件的设计、编写与存档，包括工程源码、方案文档、开发笔记、测试文档、改进方案等。二、任职需求：1、本科及以上学历。2、5年以上Android开发经验，熟悉java、C++等开发语言。3、具有良好的产品意识与团队意识，能够主动追求工作结果的完整性。4、熟练使用office系列办公软件（word，excel，visio等）。5、熟练使用AndroidStudio开发环境，了解大疆DJIMSDK。6、具备良好的学习能力、沟通能力、理解能力、审美能力。7、有模块化、分布式系统设计经验，有较强的架构意识福利待遇：1.国家法定节假日休假。2.缴纳五险一金（养老保险、失业保险、工伤保险、生育保险、医疗保险、住房公积金）3.公司福利：节假日过节费、结婚礼金、带薪年休假、年度调薪、年终奖金等各项福利。年龄要求：30-45岁职能类别：Android开发工程师关键字：java,大连-沙河口区,1000-5000人,民营,计算机软件
深圳OPPO驻场-安卓应用工程师,浙江大华技术股份有限公司,1年经验,本科,滨安路1199号,1.5-2.5万・14薪,01-27发布,1、计算机、通信、电子等相关专业专科以上学历；2、良好的Java技术功底，有较强的文档编写能力和设计能力；3、熟悉Android系统架构，1年以上实际Android平台开发经验；4、熟练掌握AndroidUI/Framework开发技能；5、熟悉Android网络通讯，有网络编程经验；6、具备良好的职业素养和团队协作精神，以及较强的学习能力；7、可以在面试时带着自己的作品；8、我公司在北京市平谷区，公司提供食宿。工作地址北京市平谷区兴谷经济开发区M2-5区9号厂房年龄要求：23-33岁职能类别：软件工程师,杭州-滨江区,150-500人,民营,计算机软件
安卓系统工程师,上海芮想信息科技有限公司,5-7年经验,大专,长沙长沙县三一魔豆仓创新中心1,1.5-2.2万,01-27发布,岗位要求1、良好的Java/C++语言基础，熟悉常用数据结构和算法，熟悉设计模式2、熟练掌握Android体系结构，掌握UI组件、动态效果、后台任务、异步多线程处理、数据存储、网络通信等的原理，熟悉http、tcp/ip协议、json/xml通信格式；3、熟悉Android平台下的高性能编程及性能调优，熟悉JNI调用；4.熟练使用AndroidStudio、Git等开发工具，在GitHub开源项目者优5、有音视频通讯、电话等开发经验者优先；6、有手机、平板、车机、手表等智能设备系统定制经验者优先岗位职责1、负责系统类应用及媒体，网络等应用开发实现2、参与手表入网，入库认证及Framework模块的需求实现以及三方合作厂商的适配对接工作3、学习和研究新技术以满足产品的需求职能类别：Android开发工程师,长沙,少于50人,民营,计算机软件
iOS/安卓开发工程师,绵阳优森科技有限公司,3-4年经验,本科,天府四街长虹科技大厦B416,30-50万/年,01-26发布,任职要求：1、大专及以上学历2、5年以上安卓原生开发经验3、熟悉java开发语言，熟悉kotlin等安卓原生常用开发框架和UI框架4、熟悉安卓原生与H5的通讯机制5、熟悉安卓开发的性能调优6、熟悉安卓的组件封装和自定义UI组件的开发，熟悉安卓页面的屏幕适配7、良好的编码习惯和代码风格职能类别：Android开发工程师关键字：java性能调优kotlin安卓开发组件封装通讯机制开发框架h5,成都-武侯区,50-150人,民营,计算机软件
高级安卓开发工程师,深圳市秦峰科技发展有限公司,2年经验,大专,颐丰华工业园区,1-1.5万,01-25发布,"1、负责公司基于android平台系统整合与应用的开发；2、负责项目设计,以及项目核心功能的开发；3、负责androoid平台上的技术攻关。职位要求：1.了解android系统架构，能够熟练定制android系统，具有1年以上项目开发经验。2.熟悉linux内核架构，有linux驱动编写经验。3、熟练掌握c/c++，熟悉java语言。4、有投影仪、平板电脑、广告机、IPTV等系统开发经验优先。5、欢迎应届毕业生投递。职能类别：Android开发工程师关键字：linuxC++C语言",深圳-龙华区,1000-5000人,民营,仪器仪表/工业自动化
大厂驻场-安卓应用工程师,安徽奥里奥克科技股份有限公司,3-4年经验,大专,习友路与香樟大道交口“深港城”3号楼A-B座,7千-1.4万,01-26发布,任职要求：1.大专及以上学历，计算机/电子等相关专业优先；2.1年以上Android应用开发经验；3.了解多线程（多任务、多进程）开发；4.有C/C++开发经验者优先；5.理解GUI的内部机制，有开源算法或框架设计经验者优先；6.工作态度积极、认真，具有团队合作精神，愿意刻苦钻研不断接触***的技术。本职位针对国内/欧美/对日三个方向均有需求，欧美项目英语读写水平；日语项目日语读写水平；国内项目没有语言要求，会外语加分项。大连软件园知名日企，自主研发项目，非外派职位，本社福利超级棒！六险一金，固定14薪，带薪年、病假，节日福利等。公司重点项目，部长亲自培养。福利待遇：1、12薪+4个月年终奖+带薪培训+免费体检+节假日福利+带薪年假+带薪病假+年度涨薪；2、入职即缴纳六险一金；3、生日福利：会有意想不到的生日惊喜；4、团建活动：每年都会组织出去旅游2-3次；5、培训：新进人员有免费全面、系统的岗前培训;6、工作环境：外企标配工作环境，空间开放敞亮，个人独立坐席，企业氛围朝气有活力；7、员工活动：丰富多彩的各类员工活动和运动俱乐部；E-Learning学习平台；家庭日活动；外出旅游；项目聚餐；各类培训课程等;8、晋升机会：90%内部晋升职能类别：Android开发工程师关键字：android安卓安卓开发android开发C/C++GUI多线程开源算法框架设计,合肥-高新区,少于50人,民营,机械/设备/重工
安卓/Android软件开发工程师,上海芮想信息科技有限公司,5-7年经验,大专,长沙长沙县三一魔豆仓创新中心1,1.5-2.2万,01-27发布,工作职责:1、参与安卓产品的开发；2、负责产品系统的需求澄清以及文档编写工作；3、负责安卓驱动，HAL以及Native模块的设计开发与维护工作；4、负责安卓系统的调试，优化工作；5、负责相应模块技术文档编写。任职资格:1、计算机、软件、电子、通信、自动化等相关专业本科及以上学历；2、熟悉C/C语言，熟悉Linux，一年以上相关工作经验；3、熟悉LinuxBSP开发以及问题定位方法；4、熟悉安卓Binder通信原理并具备相关开发经验者优先；5、熟悉安卓音频，Input，Display，网络管理，多媒体服务，Camera等一个或者多个技术领域者优先。6、熟悉Java以及JNI编程者优先职能类别：Android开发工程师,长沙,少于50人,民营,计算机软件
安卓软件工程师-运通国际,青岛智力云人工智能科技有限公司,1年经验,本科,市南香港中路61号,6千-1.2万,01-27发布,任职要求：1、大专及以上学历2、5年以上安卓原生开发经验3、熟悉java开发语言，熟悉kotlin等安卓原生常用开发框架和UI框架4、熟悉安卓原生与H5的通讯机制5、熟悉安卓开发的性能调优6、熟悉安卓的组件封装和自定义UI组件的开发，熟悉安卓页面的屏幕适配7、良好的编码习惯和代码风格职能类别：Android开发工程师关键字：java性能调优kotlin安卓开发组件封装通讯机制开发框架h5,青岛-市南区,1000-5000人,合资,计算机软件
安卓系统工程师 (MJ000257),腾柏新迅（上海）智能科技有限公司,3-4年经验,本科,上海市浦东新区碧波路690号微电子港7号楼,1.2-1.5万,01-27发布,1.负责完成Android平台移动应用产品开发及架构设计。2.对项目的需求，进行系统分析并提出解决方案，根据产品需求负责架构设计和编写接口功能实现；3.能独立处理和解决所负责的事务，根据开发进度完成相应模块软件的设计、开发、编程任务；4.负责上位机硬件接口对接5.根据研发要求及项目流程规范编写相关的技术文档。职能类别：Android开发工程师,上海-浦东新区,1000-5000人,民营,电子技术/半导体/集成电路
安卓驱动开发工程师,惠州市华阳多媒体电子有限公司,3-4年经验,本科,广东省惠州市东江高新科技产业园上霞北路1号华阳工业园B区4号楼,1.2-1.5万,12-13发布,岗位职责：1.Android客户端功能模块的技术方案规划和设计2.Android客户端代码的编写、开发维护以及扩展；3.跟进Android的新技术发展，编写设计开发及实现文档；根据产品功能需求设计并完成软件实现。4.解决项目过程中的各种故障和问题任职要求：1.计算机相关专业，大专/本科学历3-4年Android开发经验2.有大型互联网客户端APP或各类SDK的开发经验精通java3.深入理解面向对象的设计思想，常用设计模式精通Android开发4.了解Android框架，了解各种内存和性能优化技术，以及常见的系统问题排查解决的方法5.对AndroidUI开发有相当经验6.拥有较强的自我驱动力和学习能力，逻辑思维能力优秀具有良好的沟通能力，和良好的团队合作精神7.有音视频多媒体开发经历者优先职能类别：Android开发工程师,惠州,150-500人,合资,电子技术/半导体/集成电路
安卓应用开发工程师(J15512),上海芮想信息科技有限公司,5-7年经验,大专,长沙长沙县三一魔豆仓创新中心1,1.5-2.2万,01-27发布,"岗位职责：1.基于Android平台进行手机软件的设计、开发、需求分析等；2.熟悉手机客户端应用程序开发工具,包括UI及通讯等；3.与项目相关人员配合共同完成手机客户端应用软件的开发设计工作；4.配合美术及策划人员能够优化现有产品的用户操作体验；5.源代码的模块学习开发及测试。职位要求:1.两年以上android平台开发经验，熟练使用eclipse、androidsdk等开发工具进行开发，了解android框架api；主导过一个以上开发项目者优先。有成熟作品者优先；2.构建软件产品的系统架构，包括软件设计、编码和验证；3.根据产品需求和概要设计写出产品详细设计文档，对指定模块和功能编码实现，参与相关技术难点攻关；4.熟悉Android平台UI设计规范，对Android控件的理解较深，能够按要求实现自定义UI和功能。5.大专以上学历职能类别：Android开发工程师",长沙,50-150人,民营,计算机软件
安卓APP开发工程师,优华劳斯汽车系统(上海)有限公司,3-4年经验,大专,将军大道118号,30-40万/年,01-23发布,任职要求：1、大专及以上学历2、5年以上安卓原生开发经验3、熟悉java开发语言，熟悉kotlin等安卓原生常用开发框架和UI框架4、熟悉安卓原生与H5的通讯机制5、熟悉安卓开发的性能调优6、熟悉安卓的组件封装和自定义UI组件的开发，熟悉安卓页面的屏幕适配7、良好的编码习惯和代码风格职能类别：Android开发工程师关键字：java性能调优kotlin安卓开发组件封装通讯机制开发框架h5,南京-江宁区,5000-10000人,外资（欧美）,汽车
安卓Android开发工程师,广东物控联动智能科技有限公司,3-4年经验,本科,港口镇星晨花园,8千-1.2万,01-21发布,1.负责移动平台Android客户端的应用开发；2.负责Android手机平台应用软件的需求分析、功能设计、编码和测试；3.负责参与产品需求分析并参与技术实施方案设计；4.负责参与制定设计及实现规范，指导设计、实现及部署工作；5.负责参与对手机软件系列产品进行维护和持续升级；负责和研究新的移动互联网技术以满足产品的需求职能类别：软件工程师,中山-石岐区,10000人以上,"民营  </p><p data-v-5190a29c="""" class=""int at"">电子技术/半导体/集成电路</p><button data-v-5190a29c="""" track-type=""searchTrackButtonClick"" event-type=""99"" trace-name=""申请职位-职位下"" class=""p_but""> 申请职位 </button></div></div><div data-v-5190a29c="""" sensorsname=""JobShortExposure"" sensorsdata=""{&quot;pageCode&quot;:&quot;sou|sou|soulb&quot;,&quot;shortPageCode&quot;:&quot;sou|sou|soulb&quot;,&quot;requestId&quot;:&quot;d21bd805141ea9485a18a8f2aeedfbbb&quot;,&quot;policyType&quot;:&quot;搜索&quot;,&quot;jobRank&quot;:49,&quot;jobId&quot;:&quot;145267854&quot;,&quot;pageNum&quot;:1}"" class=""e sensors_exposure"" style=""overflow: visible;""><div data-v-5190a29c="""" class=""e_icons ick""></div><a data-v-5190a29c="""" href=""https://jobs.51job.com/guangzhou/145267854.html?s=sou_sou_soulb&amp;t=0_0&amp;req=d21bd805141ea9485a18a8f2aeedfbbb"" target=""_blank"" class=""el""><div data-v-5190a29c="""" class=""t"" style=""display: flex; align-items: center; height: 25px;""><span data-v-5190a29c="""" title=""安卓软件工程师-运通国际"" class=""jname at"">安卓软件工程师-运通国际</span><span data-v-5190a29c="""" class=""time"">01-27发布</span><div data-v-25fc73c5="""" data-v-5190a29c="""" class=""chat""><div data-v-25fc73c5="""" class=""chat-img""></div><span data-v-25fc73c5="""">立即沟通</span><div data-v-25fc73c5="""" class=""chat-detail""><div data-v-25fc73c5="""" class=""chat-detail-position""><div data-v-25fc73c5="""" class=""arrow""></div><div data-v-25fc73c5="""" class=""detail""><img data-v-25fc73c5="""" src=""data:image/png;base64,iVBORw0KGgoAAAANSUhEUgAAAFAAAABQCAYAAACOEfKtAAAAAXNSR0IArs4c6QAAAERlWElmTU0AKgAAAAgAAYdpAAQAAAABAAAAGgAAAAAAA6ABAAMAAAABAAEAAKACAAQAAAABAAAAUKADAAQAAAABAAAAUAAAAAAx4ExPAAATOElEQVR4Ac1cCXhT15X+nyTbsmVZNsbGGC8YG2MWAzYOW8zWEoY0hNBOEzJkAgn5aBaylQQnaWY6k6ZpWRoIdKYNbb9AaEM6YUjTpqF8nQzQj2xN2HeCCcTYBrzvsqzlzTlPiyVre096MnO+71r3nXvOuff+79z9Pgu4mfSzw0Nh15YBjjFUDAriGIjIAgQjxSnwL5PYSXEK9CvgOsUvEJOC5gK09mN4tqJJErsJf4RBzXPT1UTYG+bDgW8QUPMIjIkQxejKIAgi2TpJtg5Ag/3QZn6INbnmwapXdIWXU0oG6NVjs2B3LKeK3k0qKXLUopDpIDB3Q6vZiWfKDoEBjiHFDsCtFxPQ0/EABHEtAVcYwzoENy3gEkRhI5JSduDJ0ZbggpGnqA/g9st6NLQ8QkUi4MTsyIumoqYg1JO1jcgc8joeLOhV0TI5u5q07vAdZPHn5HEFcs3qW+tgqv4MhtozSGith8ZqhqhLgEMXD0d8IrqHl6Bz5GR05peTM0VZXAGXqWxP4PmKD+SWL5xclCVymX/1VC5slq1UuCXhMnSnJzZeRvahHTB9+YmbFfLXmpKJpokL0VS+GNYkU0jZsIkC3oMu4Uk8U3o1rGwYgegBXH94CbnGGzTFSAuTlyc5/fSHyNu3GYKtz8OTG3HE6dFYfhduTL8HtsRoxiOhlfrnlXiu4j25eQeSixzAd87E46veDQTcU4EMB+MNPbEXeX/ZHCxZNt+RYED9rOUSmKJGK1vPX1DYglH6KtwzXvnbJGORAfiLk2no6PsT6Vf6Fyg4J+n6RYz57VMQ7NbgQgpTeofmo2bh0+jKmaBQ00f8I6TEL8ZjE1t9uDIelAO46fgIWG37qL9TXOKSN59A0rXzMoqlUIQGl4Zbvov6OQ/CoY1TqOwSF3AacbqFWDO5TokBjRJhbDg2Glb7x5GAl/L1sdiAxxUQRWR+vhslO1ZD31KrqEoeYXYIrhvXUQHJ98D1R2lOJ35Chc1XYB9aay/Szu7HsM/3IKG5RolqRLIOvQGX73wB7YXTItKnlcvX1LPNxHPlPHcMS/IA3HwsFX32Q0o8TxAdyDj6PoYfehPaXtoHGEyiJn31tidogLkzsly5OcdrZ+H7ZW3hDIQHcNvhOLQJ/0ueNyucMXe6ztKNgj+8DOOVI27WTfmtnb8aDRWyp6a+ZRSEQ0gVv4mHK0KOeOH7wDasUwKexmrB6F1rbzp4jEbOh/+J1IvyJuq+6NETOwzXPQyFBnD90cXUbNeEseGTnL/3VSTeuOjDu5kPXJ74rubIisB133gkZD8QHMD1J3Joo3O7kpyT684g7dwBJSphZbUaDcrH5WLFXTOw6u5KFOZmhNXxFtCaO5D10e+8WcriDnEHJCwCq+kCs4kr2l6jv0OCpgdIyPr4rQBc5SytRsC0yUX41txyzKqcguS0dEBLRXXY8ciqHry/9yC2vLEXrR09soynn9onzREjWvqJjIGExXcDZRZ4ENlwZCEc4l8CKQTjaWhdO2nzkqCrjOllowmU0SguzEHG0CG03ynAYrWi19yL6w3NqLvWgua2DuRlZ2L+nHKkZw0HLfiDZYf2lmb87LWd2HvweFAZ74Sa27+Ppknf8mYpi2uE21E1Zd9AJX8AnRuhp8kFiwYKh3o21pygweNZPxF96hC8/qOVKJ04jo4wolmz+pnmjh4fHfoUP3nt97jR1B5AoJ/VNHkRLfkULdv7laWYUE0bsxMGbsz694HmjlVKwWP7CW3XBmRIjwTYj//9UZROLlUfPM6N5nuVs2di945X8J3bZ4Rc2PPeYnREDiVh42vFF0Ce84m0BR8Bafr8N3oTJkzHPGq2sSZDihEvvvAwtm95FqVj8gJm15uhaAEV0IaEDWPkRb4Atmvup7TAJfBSChQVRJsfe9GC6eR5/r2En6AqDAGlZaXY8foPsX3T0zAk6X2sRrzJ4GOFsHFi5OH6Aig6qjwpCiN9Rv/pxf0zVHjrCssB2o2ZOGUyDVYjfDStBkUTCh9dn4cBGPUDuPHoDJo08wF3RNRnyvLRE+L1yM0w+fAG7YH6xrElvgeBfaZh6mTPGDFWLuoH0O7g5hsxmTMLwdvtbtInJ7ujN+V34nivSYSgQR+dqahGXlg5AeTteQFLo8nAQRPdrvxJHhM6ncpTFo9leZHyySXU/Tr7X24d0W37D8iTsWLMiJwAXjHPpeYbdSfRWjLXk5Pd7vDEb0YkfYgJI0flSln3DqFVqZrEWDFmRE4ARbqrogK1lsyGXW+ULPX1RXRGo0Ip+k1YRWf1LGoDyFm4MHMBKKgCIB+GN1bcJdXAZonJTYp+dGTEWmhpyNQ71OmJMlTki4hOzDRYd9hE56Pl8jVDSzZU/CP4yBE0sbZa/eeGobXVTTW3t0u3HDpGTlHXMFtjzAg7DXSaSeSOqvX4Nn0yrk9zjkdXGkKvT9WvVb/FxsZW2ryxo27uSlhSaWNCbWLMCDsNbHSpUUUy6EQUL7gDNkMa/nbuuoqWlZmqrmuCeVgRGqd8W5miEmnCTkeuyLdCVaND05tQlmLFI8f/AX/77BRuGRaHbdvfQ319I+0taJBESyyTKRkpydTMKWO7nQIdQFksVujjdJhSNhZTp4xD4SjnyHn5Sh2+OHpOCj209ZUQHyfZieNpEk1Tujp70Nbeie6eXrJlx/BhQ/Hwyu9g//kWpC64Gz8s7sJPq43oU7GOHrAIOwHrj7xPi+RFHmYUkWy9A3XfcHpddU0Dlq/+CSztrcjPG45fbFqLrEzaGA1BnV09+Pm23djzx/3QJ9DUlNbRZrMF82ZNwYtrH0RaqnOED2aitb0Lz/xgC06c+pJ2nlLwwX9tRIpBj5mfDMWnbdK0LZhqhHzhfR05gUprHCBJ0/+ai/IyodcnoGz0BGRmDgkLHtfAmJyEb86pkADstfRPg2ZXloUFj/XTyLOnThlLXqpD/qh8CTzmW6O8Rcw2glAW7ZPzZW51qMXqu/NSOY/Op1cswFPPb5KdAV945ib85KNLkWI04Ffb/yBblwUvX7mGdS+thinFuZS0EXjnuqiasSAByRpawqm2aG2xatBgcU4tubz3L5oJgyERudnDcPFSrawqXPqqDk8/di/GFo/EiOEZeGDZHaR7VZZuc2s74qgfdYPHSic74tBt932xsozJEhKNGnrhqnkg57mjNsmT9eg85xbXPy9diJ1vf+Dhh4pc+foaxozu3wYrGDkCDTQlkUNv7/4rlt29wEf0y27VZmg+dqUHwo5GYf5MoL/v8pdSxvn1VQOqCrt8lHhEdThE7HjrzyjIH4G0NCPiaTTlbB0OB5qa2uhQqRGXLtdi4vhCH11+mFdZjh+89EvaonJ6ZWYGHUpptTwIo6/PivaObtSTfm19A8aVFPjo15hjCCBhR6Pw4RryQlXXOhfmNKDY4LsK4YqePFON7i4zXYKyQSRANXTmGx8XB31iPA0ARozIzkBiYv+WmDcSvTQaM0BtHV0w91jQRyd6DD6P1DqdDsnUVUwYW0gDl+9o+9iZVPzy6/5W4W0z6jhdwaFRWPoCKGpb3gYONsf7AcgeV0FzvEhJn5iAokLl77k6pk1Y6KRBRPRtb5HW0Evv83ZfL/BKGvTo2ViNwFJNRAJQRIDzyOjq+XHL/w8Af0P9cV1vDPtA4LqGtm0vRAeXv/b5bh34zb9dH+1ZrL9tuZxFh9Ox6pRJrnhkcoQdzTAZQPVGYXdJZn6agU6aWJeZbCgxhLxi51ZR7dfqEHBwUFqBcIFmvep7ICPRTuDxpv7ehgTVgJFr6O/UB3fbYjV59i4FA2iIP0GrkZi5yJ9uDD6A+xoHoQ9mzAg7DVaPp1FY+MIbVzXjh1oSUBvLyWyAwv75RuC5ZADRKFiEGWHnOhMR90dhKaQqN+PfXYvRRDZAzic648Ah5iQ6MXMCKNCX3jEkXgnwrshg0I+rVdsbCV1cF2ZOAKdO4S+7G0JrRJ7K69E912PfrP5ITfe/rw3C1ImxYsyInADOE3jhuityiMJrvnTRGFMvrO7R4qGTqeELoo7ELjgxcwHIRgXxt+rYDmyFNzV/Tf9zIibEd6dPGtFM+5GDQl5Y9edYVXGUmvHJWBbgZfJC2Pu36lXJi9cA7bWx23UeWEjGiLFyUT+AzBCEde6EWPy29tFA0l5PCx8em1WiDrJHh/gmre/2mUrW/c0MwMgXwJFl7xCK1f5a6nCkkZiaGzpuqANiZyOdGJmlTyAydTFbC3hVnrCRMOpn+QJ4j2CPpReScRq2aHeEm3EHbQJF8Mm/s+jUbrubCLxuskfLebKZkzAIALL3MUZe5AsgJ0wte5PqedpLRrUod1d2DS2z+KMZ3s/vJg/qbiGmgsqLVP4eOiOhz2j5Oq/0QjRxyNcrsBFJjRgTxmYA+QPIw7MgPDZATrXHXgd5oECBPZF/2Ru7m51AWujLI0egvozAttFtr166bcXNlj2XPU+y4/TAwkSVB6eBNWZMXFMX7ySqQQD6n1/VYP73RlHKpACpilg6arWFegtmp9lwb44Dc0zt0PJpEF27lQCQfumZyUFexJ5lJSClX+rfON5HgUHj/lOSZ122wS/BGR9ujKf/4pGBFK0DNjor6aTdGPZ4lWgn/XePLYFs0esLQkmaZ2F2LKBS+N4eDyIejP3aBCuyLTfoTkySFHRaqrjoem+MG9dy4C8bc/M4wnEmD8/56P2cobFiVZGOroLQ52O9Fhy3mvDE5yp4Jf+3uETCIgjR6wtCT5ZTW8EyKnVUc47l88qQnZ0tZaKhHUINNz3uA7n/Elxx6Zf7M3qW0r3ibnnvNEmfZUnOZUtLp7M60So5ZmZmBpZWFAWpmBK2VPdlcGIRUDE4gCz+XMUBess/Cqgpg1lgioeRTtOmTp2K4uJimHT0LqRmR5XnpufuBxkcN9/Nk/o38lTp2SvdLcegS82XmzEHHfRiL3JyciivMcgwJmJoIslEQ1x3xiAEhQaQFavKXyYQ94awETRp6nCDlCZQf1VQUICS8mn0AW2e08skj3J5Gh2S00m5i89e5Yqzd7GXMYh09ivx3WnMk9JYhuJDcpFTPAnDhvX3ODOynfkHLWCoBK4z1z0MhQdQIDdOlf7v39/D2PJLvjXHd2tJl0D7ggXTgeK5gImatQcMAkFqxgSED2/As9tT3TL8a6TLZaNnk90Z0Cb4rrXn5EV4a0UQPpPqzHUPQ+7uOYwYJf/HuXR0dX9EsZLwwk6JUyvHYUKGb6W8dR3mNmgaL9Hyjk9WFY6ZyZlAZhFgCH7n8FSjGRPfOOudpZz4ebrmUInHx9LcKjzJB5BtSZ++2/5Kk+Cx4Uznp8TjyqOl4cSkdButZcXmK4hrq3HO94JpcVNNzYGYXgDB9TlFMFE3v2jbaVxqozmkHBKEc9RXLMBzk2rliLNM+CbsbYkNx+kraaj7zJsdKF411XkzK1DaQJ6OvquLo/8TKJbMR19eBexG8i5pjuKSTDTBkV1K6QuAERNlg8faa25hWzKI68R1UwAeW1UGIGusGU+Xj+n/qQBB76vNSHfg24XJ0p1lVpFLAo2q8abh0I6chu68mdi27zCuGcnZi2ZDkz6SBlvqKxWQlS4g3ZmXgDVjBZjiQnYRH0h14ropJGVN2Nu4SJ8BbTjyIrH+jbovalvAqCQH1pal4Hu3FkvfqfHtKf5iKY5uYPF1NLnU1d6C+x94CDU1NUhNTcWO32xDbgH1dzLJZrNJ+XKeCQnOY9UuuqC+/Yuv8Ma5bhxvc/mNAN4YeIn+F8Ir1KrCDhiBso8cQJe1rM1fzF2cr9u1bMKw4bOLsqgc/iYt9NUS36Dna2jx8bSZEIJ6e7qx9N5/Qm1dnUfKYDDgnd/vQlZ2joc3MCLS5gTnwS+M43q9PuhLu3ijFbtP1l/bfcm87PijtxwcaEvJs39tlWi7ZKnAQym6nsKDFALa5MqZzXQ3kJoVA8mg8P1Ab2KPXbFiBc6e9R8509PT8e677yJ5wGe0DBbbdH+bx97u9jpv215xbsvbKVTRy5Y10nrp+kV9a+CXLI9BBWmi8BBJV1I4EUiLmxNXngOD2dTUhJaWFlq30gjMW1tEW7duDQgepzU3N6OqqkqSZXlupqzb1dVF35hYPC8lDHhctkouqxrgcbkCegsnREpUOe7s7qPwAoWgc0auPHskV549kQFZvJj+05QLzED5s9yePXvoinCalEwgSM2Uu4Uwfex5UvgphbdIh/s91UgVD/QuDReQwk7ijadwD4XD3unuOPdRDERGRgZ9uWSSBovbbrvNnRzwl5s3y3MzZX3uBhITE0OBx3lzGcZzmdQGjwupugey0YFEXjWBeMspsGc6t2YGCtFzT08PNm7ciAMHDqCzs9MjwR5233334fHHH/fwQkTolAlvUWDAYrKz7p236h7obdwd54pQqKLnXAq3UvhXCgco9FLwEO8ZLlmyRGraHiZFeJAoLQ26qmEbbIttsu1czmswwKO8BscDOaNARJ6pb++xjneI9jHU9Y3p7u4a8y/Pr81qbWkxkryRQEhmPZLrSkpK7nxl44bOIWnp10n2AnV/FzSC9oIpKe4Myfm8iEB5xYr3fwhNyOCVZit/AAAAAElFTkSuQmCC"" alt="""" class=""detail-img""><div data-v-25fc73c5="""" class=""detail-info""><p data-v-25fc73c5="""" class=""detail-info-name""></p><p data-v-25fc73c5="""" class=""detail-info-job""><span data-v-25fc73c5="""" class=""detail-info-job-posi""></span><!----></p><div data-v-25fc73c5="""" class=""detail-info-tag""><!----></div></div><div data-v-25fc73c5="""" class=""detail-download""><div data-v-25fc73c5="""" class=""detail-download-qrcode""><img data-v-25fc73c5="""" src=""https://img01.51jobcdn.com/we/images/logo.png"" alt="""" class=""logo""></div><p data-v-25fc73c5="""" class=""detail-download-tip"">来App与HR沟通！</p></div></div></div></div></div></div><p data-v-5190a29c="""" class=""info""><span data-v-5190a29c="""" class=""sal"">8千-1.5万</span><span data-v-5190a29c="""" class=""d at""><span data-v-5190a29c="""">广州・黄埔区</span><span data-v-5190a29c="""">|</span><span data-v-5190a29c="""">3-4年</span><span data-v-5190a29c="""">|</span><span data-v-5190a29c="""">本科</span></span></p><p data-v-5190a29c="""" class=""tags""><span data-v-5190a29c="""" title=""kotlin""><i data-v-5190a29c="""">kotlin</i></span><span data-v-5190a29c="""" title=""androidsdk""><i data-v-5190a29c="""">androidsdk</i></span><span data-v-5190a29c="""" title=""androidui""><i data-v-5190a29c="""">androidui</i></span><span data-v-5190a29c="""" title=""android""><i data-v-5190a29c="""">android</i></span><span data-v-5190a29c="""" title=""功能模块开发""><i data-v-5190a29c="""">功能模块开发</i></span><span data-v-5190a29c="""" title=""socket通信""><i data-v-5190a29c="""">socket通信</i></span><span data-v-5190a29c="""" title=""ndk开发""><i data-v-5190a29c="""">ndk开发</i></span><span data-v-5190a29c="""" title=""系统开发""><i data-v-5190a29c="""">系统开发</i></span><span data-v-5190a29c="""" title=""开发""><i data-v-5190a29c="""">开发</i></span><span data-v-5190a29c="""" title=""代码编写""><i data-v-5190a29c="""">代码编写</i></span><span data-v-5190a29c="""" title=""五险一金""><i data-v-5190a29c="""">五险一金</i></span><span data-v-5190a29c="""" title=""定期体检""><i data-v-5190a29c="""">定期体检</i></span><span data-v-5190a29c="""" title=""免费班车""><i data-v-5190a29c="""">免费班车</i></span><span data-v-5190a29c="""" title=""补充医疗保险""><i data-v-5190a29c="""">补充医疗保险</i></span><span data-v-5190a29c="""" title=""年终奖金""><i data-v-5190a29c="""">年终奖金</i></span><span data-v-5190a29c="""" title=""专业培训""><i data-v-5190a29c="""">专业培训</i></span><span data-v-5190a29c="""" title=""出国机会""><i data-v-5190a29c="""">出国机会</i></span><span data-v-5190a29c="""" title=""绩效奖金""><i data-v-5190a29c="""">绩效奖金</i></span><span data-v-5190a29c="""" title=""员工饭堂""><i data-v-5190a29c="""">员工饭堂</i></span><span data-v-5190a29c="""" title=""部门活动""><i data-v-5190a29c="""">部门活动</i></span></p></a><div data-v-5190a29c="""" class=""er""><a data-v-5190a29c="""" href=""https://jobs.51job.com/all/coVjJTPwVgUWgDZgVlUzc.html"" target=""_blank"" title=""广州广电运通金融电子股份有限公司"" class=""cname at"">广州广电运通金融电子股份有限公司</a><p data-v-5190a29c="""" class=""dc at"">已上市",电气/电力/水利
安卓开发工程师,马瑞利汽车电子（广州）有限公司,5-7年经验,本科,广州花都区新华镇新雅街2号,1.5千以下,12-12发布,岗位职责：1、负责Android平板APP智能工具柜APP设计及研发；2、负责硬件驱动设计3、云平台的对接，包括自有SAAS平台、微信小程序、第三方设计及对接；3、负责项目技术文档的编写和项目资料的归档；4、按照产品及项目计划，按时提交高质量代码，完成开发任务；5、完成上级分配的其他工作。岗位要求：1、计算机相关专业本科以上学历，三年以上Android开发经验；2、对Android系统架构有深入的理解，熟悉Java程序设计、JSON/XML解析、常用设计模式、基本的数据结构与算法、熟悉sqllite数据库，HTTP协议等；3、有实际上线项目开发经验，能独立完成Android客户端的开发工作及后期维护BUG修复工作；4、精通Android硬件通信接口，如rs232、RS485、TTL、modbusTCP/RTU等、数据存储、UI布局、动画与控件等的使用，熟悉多线程编程、网络编程、Service等；5、熟悉AndroidNative层开发并有相关完整项目开发经验；6、善于沟通与团队协作、责任心强、热爱学习，具有较强的执行能力和抗压能力，能保证项目的进度和质量；职能类别：Android开发工程师关键字：安卓智能硬件,广州-花都区,,,汽车零配件
安卓Android开发工程师,青岛腾创信息技术有限公司,2年经验,本科,城阳区天一仁和财富中心,6-9千,01-27发布,岗位职责：负责HUD产品的Android应用开发。任职要求：1、本科，电子/软件相关专业，3年以上工作经验：2、熟练使用AndroidStudio；3、熟悉Java/C++语言开发，具备良好的编码习惯；4、熟悉Android应用开发；5、熟悉安卓动画开发；6、有以下条件者优先（一种或几种）：①有3D动画经验者；②有车机系统开发经验者；③熟悉JavaScript开发者；④有OpenCV开发经验者。职能类别：Android开发工程师,青岛,,,电子技术/半导体/集成电路
安卓开发工程师,广州广电运通金融电子股份有限公司,3-4年经验,本科,科学城黄埔区科林路11号（广电运通）,8千-1.5万,01-27发布,任职要求：1、大专及以上学历2、5年以上安卓原生开发经验3、熟悉java开发语言，熟悉kotlin等安卓原生常用开发框架和UI框架4、熟悉安卓原生与H5的通讯机制5、熟悉安卓开发的性能调优6、熟悉安卓的组件封装和自定义UI组件的开发，熟悉安卓页面的屏幕适配7、良好的编码习惯和代码风格职能类别：Android开发工程师关键字：java性能调优kotlin安卓开发组件封装通讯机制开发框架h5,广州-黄埔区,,,计算机软件
