职位名称,公司名称,薪酬,城市地区,学历要求,工作经验要求,发布时间,公司标签,工作地点,职位描述或任职要求,规模类型
数据分析初级工程师（2023届）,福建新大陆软件工程有限公司,8千-1.5万,北京-海淀区,本科,在校生/应届生,01-31发布,通信/电信运营、增值服务,益华国际广场,工作职责:1、对海量业务数据进行导入并诊断、汇总、分析、呈现BI分析报告，从数据中挖掘和整理客户行为特征，满足建模研究的需要；2、分析业务问题，通过应用统计学的相关理论、数据挖掘模型、机器学习方法建立数据模型，为用户的业务发展、产品策略、市场活动、风险管理等提供决策支持；3、能够按照项目经理要求完成项目实施。任职资格:1、本科及以上在校生，数学、统计、经济学、商业分析、计算机等相关专业；2、实习期不少于3个月，实习期间每周出勤不少于4天；3、掌握回归、时间序列、决策树等数据挖掘常用算法和基本理论；4、具有良好的逻辑思维、学习能力和数据敏感度；5、善于团队合作，具备良好的沟通表达能力和理解能力6、具备Python、SAS、SQL、powerBI、帆软等数据分析及可视化软件使用经验者优先；7、校内外参与数据分析建模相关项目或者大赛获奖者优先。,民营  |  500-1000人
大气治理项目数据分析师（实习生）,康姆德润达（无锡）测量技术有限公司,2.5-5千,长沙-开福区,大专,在校生/应届生,01-31发布,仪器仪表/工业自动化,新动力金融科技中心C座5层,"一、岗位职责：1、负责行业研究和潜在投资机会研究，筛选符合要求的投资项目；2、进行投资项目的市场调研、数据收集和可行性分析；3.协助各类商品产业链期、现货板块行业研究；研发交易策略并进行可操作性分析4.主导基础数据分析和数据挖掘；通过分析数据发现规律；产生数据统计分析的报表、图表等可视化展现方式。二、职位要求：1、金融、经济、管理、财会等相关专业者优先；2、良好沟通能力及合作精神，具备较强的逻辑思维能力、创新和钻研精神以及团队合作意识；3、国际金融商品分析操作经验者优先。三、福利待遇1.五天工作制，9:00-12:00,13:30-17:30，周末双休；2.本职位上班时间自由，不受地域限制和考勤制度约束。有意者请在正常上班期间（周一至周五9:30-18:00，周六、周日双休，法定节假日按国家规定带薪休假。）带着你的相关资料（个人简历、相片、毕业证书等资料）亲临本公司面试。",外资（欧美）  |  50-150人
数据分析专员（2023届）,牧田（中国）有限公司,8-12万/年,广州-黄埔区,本科,在校生/应届生,01-31发布,机械/设备/重工,武汉理工大学出版社,1、数据分析及其质量控制，协助相关新项目的开展;2、编写或优化数据分析程序，进行数据挖掘工作;3、协助开发或优化科室相关项目和数据管理软件;4、独立申请科研课题，发表论文。任职要求1、本科以上，数学、统计、计算机、生物等相关专业;2、具有相关编程语言和程序应用的能力；3、工作认真负责，具有较强的工作热情、沟通能力和团队精神。我司对此岗位提供专业的岗位培训，可接受只有基本知识的求职者。,外资（非欧美）  |  5000-10000人
数据分析管培生(J10170),上海魔域投资管理有限公司,8千-1万,上海,本科,在校生/应届生,01-31发布,租赁服务,若水路388号A幢,关于嘉因生物上海嘉因生物科技有限公司是国内从事转录调控技术服务的龙头企业，是上海市高新技术企业，公共实训平台、博士后流动站。目前公司有三大业务板块：转录调控的科研服务（普通细胞水平和单细胞水平），生物酶的研发和生产，液态活检诊断试剂的开发。目前公司已经完成pre-A融资，截至2021年7月，嘉因生物已协助各合作团队发表表观遗传类和单细胞类文章近百篇，近一年的科研文章主要发表在包括Science、NatureCommunications、PNAS、GenomeBiology、Theranostics等高水平国际期刊岗位职责：1、负责高通量测序数据分析和数据分析的研发。2、配合其他部门解决数据分析相关问题。岗位要求：1.生物学、农学、植物学和医学等相关专业，本科及以上学历。2、有上进心优先有自主学习能力优先。3.具备R或者python或shell编程的基础。4.思路清晰、善于沟通、表达能力强，富于协作精神及强烈的团队合作意识。5.责任感强，自律性强。,外资（非欧美）  |  1000-5000人
环境数据分析师,安徽中盈国创环保科技有限公司,6千-1万,西安-经济技术开发区,本科,在校生/应届生,01-31发布,环保,广州市海珠区建基路66号广东外贸广场24楼,工作职责负责业务数据采集、整理及分析工作；具有批判性思维能力，将数据分析与客户生产的产品或服务联系起来；建立标准的数据挖掘模型，并完成模型的大数据应用验证和优化，利用分析挖掘技术解决实际商业问题；独立编写行业数据分析报告，及时发现业务中隐含的漏洞和问题，为业务决策提供数据支持依据；自动化可视化运维，商业智能数据分析，大数据分析；职位要求本科及以上学历，计算机、数学、信息及相关专业优先；熟练使用至少一种数据统计分析工具，如R、Python、SAS、WEKA、SPSS等，快速有效的给出数据分析方法及结论；精通SQL，熟悉SQL优化基本技术，至少使用过一种大型关系型数据库（如ORACLE、DB2），了解linux、unix操作系统；具有良好的英语书写沟通能力；态度积极，有能力发现和解决问题；性格灵活开朗，良好的与人沟通能力，自律；良好的沟通能力，抗压性强。,民营  |  50-150人
数据分析（抖音）,上海旺旺食品集团有限公司,6-8千·13薪,上海-黄浦区,本科,在校生/应届生,01-31发布,快速消费品(食品、饮料、化妆品),静安区西藏北路18号四行天地B栋6楼,"Responsiblefordatapreparationandreportingforsuppliersourcing,performancemanagementandcontractexecutionwithinChinaregion.Assistingfororganizing,filingandkeepingagreementrecorduponinter-departmentandcompanyrequirement.KeyResponsibilities：-Performthoroughdatacollectionandanalysisofrunningcontractsforcostsavingsopportunities.-ManageinternalaccountingsystemrateandfutureDigiDocinputforoperationorderdispatch,contractsupervisionandfinanceexpensesettlementsupporting.-Maintainprocurementrecordsincludingtermofcontract,servicemapping,purchasedcosts,etc..-Assistonroutineworkonvendorqualificationevaluation,contractdocumentationpreparationandfollowedsignatoryhandoveranditsrelativetracking.-Interactwithinternalrelevantstakeholderstomakeaproperorganizingandfillingforagreement.-Necessaryreportinginsideteam.RequiredExperience&Skills：-Minimumbachelor’sdegree-ProficientuserofMicrosoftOffice,particularlyExcelandPPT.-Possessexcellentorganizationalskills,detail-orientedandresultdriven.-Experienceonhandlingmultipletaskssimultaneouslywithintightdeadlines.-FluentspokenandwrittenEnglish.",外资（非欧美）  |  10000人以上
数据分析实习生,费斯托（中国）有限公司大连分公司,120元/天,大连-甘井子区,大专,在校生/应届生,01-31发布,互联网/电子商务,武汉理工大学出版社,语言要求：应届可培养泰语无障碍英语读写工作时间：9：00-18：00双休周末中国法定薪资范围：根据经验综合面试定薪（6k-7k）+六险一金+13薪工作地点：亿达春田有班车,外资（欧美）  |  1000-5000人
数据分析初级工程师（2023届）,福建新大陆软件工程有限公司,8千-1.5万,上海-徐汇区,本科,在校生/应届生,01-31发布,通信/电信运营、增值服务,上海徐汇区漕溪北路398号2002,1、负责电商运营日常数据收集汇总&数据分析；2、通过自动化及爬虫技术，高效获取不同来源数据；3、辅助完成内部信息系统开发；4、完成领导安排的其他事情；5、有责任心，工作态度积极热情，善于沟通和各部门协调。岗位要求：1、乐于学习，逻辑思维清晰；2、积极的工作状态、高度的责任心、能吃苦耐劳，有团队精神；3、精通Excel，熟悉Python、PowerQuery、PowerAutomate、Selenium；4、熟悉数据库设计；5、数学系或计算机系优先考虑。,民营  |  500-1000人
数据分析实习生,辰诺（上海）国际贸易有限公司,4-5千,上海-长宁区,本科,在校生/应届生,01-31发布,快速消费品(食品、饮料、化妆品),若水路388号A幢,岗位职责：1、学习并熟悉公司宏观经济与投资研究的数据分析体系，梳理数据信息源，定期及时地采集与更新数据信息，协助构建数据采集模板与信息库；2、通过在职培训逐步学习掌握围绕宏观经济、中观行业与微观主体的数据分析方法，并依据采集的数据开展定期及时的数据分析工作，逐步独立形成数据分析结果的报告；3、在工作中不断拓展和优化数据采集方法，完善经济分析的数据库；不断学习和健全数据分析工具和方法，积极尝试并运用新的思路、算法、工具；持续运用市场表现和数据来校验和优化团队现有的模型、算法；4、定期参加行业、公司组织的各类研讨、交流、会议等活动，不断拓展知识技能边界；5、其他根据公司业务需求和个人发展的相关工作安排。任职要求：1、应届毕业生及毕业不超过3年的毕业生；2、大学本科及以上学历，理学（数学、统计、物理、计算机等）、经济、金融、会计及相关专业；3、熟悉运用Excel、PPT、Word等基础软件工具（了解Python、VBA等语言优先）；4、具有文图编辑能力和较好的中文沟通表达能力；5、具备在宏观分析和投资研究方面发展的主观意愿，有自我驱动的学习动力与相应的学习能力，拥有和同事客户积极的沟通交流能力，有承受挫折百折不挠的恒心毅力。,民营  |  少于50人
数据分析（应届生）,上海旺旺食品集团有限公司,6-8千·13薪,惠州-惠城区,本科,在校生/应届生,01-31发布,快速消费品(食品、饮料、化妆品),庐阳区长江中路银泰中心写字楼19层才莱商贸,职位诱惑：空调零食下午茶，团建活动多，团队都是80尾/90后，脱单圣地，氛围活泼，领导接地气，相信你会喜欢上我们这个有趣的大家庭岗位职责：1、日常报表制作与更新；2、监控日常运营及业务指标，及时对异常情况进行预警；3、负责呼叫系统任务调配及管理；4、通过数据分析方式，给予公司决策支持；5、会用python或者R语言进行数据分析、数据建模以及爬虫等工作。任职要求：1、本科及以上学历，数学、统计学、计算机、企业管理等相关专业；2、能熟练使用办公软件及函数；3、熟练运用EXCEL、PPT及SQL；掌握R或Python；4、具备优秀的职业素养和职业道德，热爱本行业，工作责任心强，有敬业精神，具备良好的团队合作精神。5、优秀本科应届毕业生或一年以上数据分析工作者优先考虑。福利待遇：1、法定节假日：（元旦、春节、清明节、劳动节、端午节、中秋节、国庆节）按国家规定放假。2、旅游：公司会不定期组织大家出去玩，公司买单，你只管放松心情，享受慢生活。3、活动：公司会不定期组织员工生日会、下午茶、派对等活动。4、培训：带薪入职培训+不定期组织大家学习相关技能。5、五险一金：必买。6、每个月5号发薪资，不仅仅有年终奖，还有年底十三薪福利目前公司处于高速发展中，提供良好的平台，发展空间大，老板平易近人，办公环境优美，有意向欢迎投递简历。,外资（非欧美）  |  10000人以上
数据分析师（FAT）（实习）,上海联和金融信息服务有限公司,150元/天,大连-甘井子区,本科,在校生/应届生,01-31发布,计算机服务(系统、数据服务、维修),武汉理工大学出版社,语言：英语4级+工作时间：9：00-18：00休周末及中国法定假期薪资范围：4.5k-5.5k根据综合面试定薪+六险一金+13薪岗位职责：分析通过彭博系统更新、维护、分析及数据上传等相关流程。,国企  |  150-500人
临床数据分析,武汉致众科技股份有限公司,5千-1万,上海,本科,在校生/应届生,01-31发布,医疗设备/器械,市府路168号浙江东日股份有限公司（合众大厦12层）,岗位职责1.基于对业务的深入了解，为业务运营人员提供数据支持，及时响应业务需求；2.构建并维护全面、准确、反映业务特征的指标体系，并基于日常指标监控，推动业务部门的数据化运营；3.提炼业务诉求，有针对性的提出解决方案，通过数据可视化或者数据服务，帮忙业务更直观清晰的挖掘数据背后的信息，辅助业务决策；4.基于业务理解或者从数据分析中发现新的应用场景和创新点，进而与相关团队协作并推动数据产品的规划、设计和落地；任职要求1.本科及以上学历，数学、统计、计算机、经济等相关专业优先；2.熟悉Excel、SQL、Python等数据分析工具和技术；3.思维敏捷，逻辑性强，具有较强的数据分析能力和数据敏感性，善于从数据中发现问题、分析问题。,民营  |  150-500人
数据分析实习生,上海劢联企业管理咨询有限公司,4-5千,北京-朝阳区,硕士,在校生/应届生,01-31发布,专业服务(咨询、人力资源、财会),花神大道23号8号楼二单元4楼江苏东昂科技有限公司,工作职责：1、参与科研课题，负责相关业务数据特征提取及分析；2、完成部门领导交给的其他工作任务；任职资格：1、硕士（2023/2024毕业），统计学、应用数学、计算机、自动化、信号处理等数据分析和应用的相关专业2、熟悉数据分析建模和技术，熟悉常用数据算法，如决策树、聚类、逻辑回归，关联分析、SVM，贝叶斯网络等；研究方向为机器学习、预警预测、决策优化等；熟悉Python，有过类似科研经历者优先3、参加过数学建模竞赛并取得全国比赛较好成绩的优先考虑4、实习期每周不少于4天，实习工资200元/天，实习时间为3个月及以上者择优转正。,民营  |  50-150人
汽车数据分析工程师,上海机动车检测中心技术有限公司,2.5-3万,上海-奉贤区,本科,在校生/应届生,01-31发布,汽车,北京海淀区五道口,工作描述：根据实验方案和目的分析实验室数据；开发和应用新的统计分析方法到项目中；实验报告的撰写和输出；组织和培训统计知识；协助部门内其它工作等。岗位要求：本科以上学历，统计学，数学等相关专业和学习背景，会编程***；有一定相关工作经验，统计知识扎实的应届生亦可。,国企  |  150-500人
数据分析助理,江苏智恒达投资集团有限公司,4-6千,上海-静安区,本科,在校生/应届生,01-31发布,贸易/进出口,武汉理工大学出版社,岗位责任：1、通过将信息技术、人工智能、大数据、互联网和物联网技术与企业平台经济发展相结合，以技术创新驱动业务创新，推动公司数字化转型和数字化经营，成为行业科技领先企业。2、研究方向和领域：①RFID智能货柜物流周转系统；②视觉识别、自动分拣智能物流系统；③大数据分析和数据智能；④平台智能语音服务；⑤智慧供应链和电商服务平台。任职要求：1、智能制造、人工智能、智能科学与技术、大数据、软件工程、计算机等相关专业本科及以上学历；2、英文六级，***学校毕业；3、至少熟悉一种软件开发语言；4、中共党员和学生干部优先。,民营  |  150-500人
数据分析工程师,深圳市天软科技开发有限公司,5-8千,青岛,本科,在校生/应届生,01-31发布,计算机服务(系统、数据服务、维修),市府路168号浙江东日股份有限公司（合众大厦12层）,工作内容：协助完成项目工作所需的资料查找和整理，追踪行业动态及相关政策；参与项目工作的讨论，记录并整理会议纪要；在顾问指导下开展工作，编写PPT和WORD报告部分内容；参与创新业务方案的相关信息收集和材料准备等。岗位要求：2022年应届毕业生，研二或者大四在校生优先金融工程、商业分析、统计、金融、经济、数学和其他商科类专业优先理解能力强，学习新知识快，逻辑思维能力良好，熟悉PPT、EXCEL和WORD的编辑处理，具备一定数据分析编程能力优先工作认真、负责、踏实，能够接受高强度的工作节奏,民营  |  50-150人
数据分析师（FAT）,上海联和金融信息服务有限公司,6-8千,石家庄-裕华区,大专,在校生/应届生,01-31发布,计算机服务(系统、数据服务、维修),福田保税区市花路联合金融大厦7楼-零在金融,,国企  |  150-500人
数据分析专员,广州市利联贸易有限公司,8千-1万,苏州,本科,在校生/应届生,01-31发布,批发/零售,湖里区金尚路2388号,岗位职责：1、对公司业务数据进行整理、统计、分析；2、协助完成业务部门数据分析需求；任职要求：1、学历要求：统招本科及以上，数学/统计学/财务类相关专业；可接受优秀的应届毕业生2、精通office，熟悉SQL优先；3、较强的逻辑思维能力、学习创新能力、需求分析能力、沟通协调能力，数据敏感性强；,民营  |  50-150人
IT数据分析实习生,哈其德（上海）国际货运代理有限公司,150元/天,上海-虹口区,硕士,在校生/应届生,01-31发布,交通/运输/物流,武汉理工大学出版社,【工作职责】1、负责公司APP的流量渠道投放数据及业务数据分析，产出优化策略，提升ROI；2、以商业分析角度，寻找新客业务的提升点，参与设计各项测试方案，推动并协同获客团队、风控团队、运营团队解决业务痛点；3、协助建立及优化具备新客业务针对性的分析方法，独立完成归因、回归等分析项目，产出分析报告。【任职资格】1、2023年应届生，金融、统计、数学、计量经济等相关专业研究生及以上学历；2、使用SQL，熟悉Python、SAS等数据处理工具；3、数字敏感，逻辑清晰，快速的自主学习能力，独立与创新思考的能力，乐于接受挑战，责任心强；4、对数据分析领域有强烈探知欲望与兴趣。,外资（欧美）  |  50-150人
数据分析专员（2023届）,牧田（中国）有限公司,8-12万/年,成都,本科,在校生/应届生,01-31发布,机械/设备/重工,上海市,岗位职责：1、负责大气污染数据收集、分析，依照项目和客户需求，提供数据服务；2、了解颗粒物、臭氧生成机制，利用国控、省控、气象、组分等监测数据，开展综合分析；3、负责项目售前、售中技术协调，组织项目实施、监督、调整；4、负责与客户对接，协调引导客户需求；5、完成领导交办的其他工作。任职要求：1、本科及以上学历，大气科学/环境科学/环境工程相关专业，硕士优先；2、良好的数据处理和分析能力，熟练运用办公软件和制图工具；3、良好的团队合作及沟通能力，逻辑能力及语言组织表达能力良好，善于提炼总结分析。4、有政府大气项目经验、能独立整理汇报者优先。工作地点：四川省内,外资（非欧美）  |  5000-10000人
临床数据分析实习生,珀金埃尔默企业管理（上海）有限公司,150元/天,上海-黄浦区,本科,在校生/应届生,01-31发布,医疗设备/器械,益州大道中段555号星宸国际A座18层,"ThepositionistoassistTradeManagerontheactivitiesofthetradebycoordinatingallocationmanagementactivitieswithinChinaregion,andliaisingwithHO/ROlinemanagementandareasalesteamtocontributetovesselperformance.KeyResponsibilities：-toreviewofinternalprocessesadherence.-todistributeRO/HOpolicies,rateguidelines,surcharges,specificproceduresetc.toChinanetwork.-toupdateandmonitorofvesselfulfillmentondailybasis,keepcloseeyeonthebooking/equipmentpickupnumberondailybasis.-tosetquotafordesignatedportoforiginontheequipmentsupply.-toanalyzethetopcustomerperformanceaswellasdetailsegmentperformanceonweeklybasis-toanalyzevesselperformancetosharesamewithlocalmanagement,HO&ROmanagement,areasandsalesmanageronweeklybasis.-tointerveneinbusinessnegotiationswithHO&ROifneedanyescalationbyNetwork.-toassistTradeManagertocoordinatewithareasandsales/commercialmanagerforidentifyingnewbusiness.-tokeepagoodfollowupofnon-performingcustomersandtoacceleratesametorespectivesales.-toconstantlydialoguewithbranchofficestounderstandandtakenecessaryactiononbookinggenerations.-toparticipateinNORtargetsettingandfulfillmentmonitoring.-topreparePPTasmeetingmaterialsfortrademanager.-OthertasksassignedbyTradeManager.RequiredExperience&Skills：1.	Bachelor’sdegreeorabove,excellentindataanalysis,e.g.Excel,SQL,Phython,PowerBI,etc.4.	Resultsoriented,analytical,andagreatteamspirit.5.	Willingtoworkunderpressureandself-motivated.6.	Goodcommunication/negotiation/reportingskills7.	FluentinEnglishandmandarin",外资（欧美）  |  1000-5000人
数据分析师,上海联和金融信息服务有限公司,6-8千,深圳-宝安区,大专,在校生/应届生,01-31发布,计算机服务(系统、数据服务、维修),瑞安市塘下镇肇平垟下村,"一、岗位职责：1.大数据项目的咨询、监理、评估服务，涵盖项目的立项审批、概预算、设计、招标、实施、验收、运维等周期。2对大数据项目建设的全过程实施监理；对项目进行质量、进度、投资控制；协调项目各方关系。3.审核承建单位提交的各类文档；对工程的功能、性能、工艺、知识产权等进行监督把关。4.组织项目测试、验收。二、任职资格：1熟悉信息技术专业知识、信息系统工程基本理论。2身体健康、吃苦耐劳。三、优先条件：1.数据统计学专业,信息通信，统计2.党员、学生干部。四、薪资待遇：1.发展空间：监理工程师——项目经理——行业专家2.试用期2个月，优秀者可提前转正。3.按照青岛市劳保政策签署劳动合同、缴纳五险一金；按照国家劳动法规定，给予员工双休日、法定假日、婚产假。",国企  |  150-500人
数据分析实习生（2023届） 双休 转正机会,广州点赞广告策划有限公司,3-3.5千,上海-浦东新区,本科,在校生/应届生,01-31发布,广告,武汉理工大学出版社,,民营  |  150-500人
实习生（数据分析）,伊顿电气集团(EATON),130元/天,,,,01-31发布,多元化业务集团公司,广东省广州市黄埔区新瑞路16号3号楼6层,,外资（欧美）  |  500-1000人
组件制造中心数据分析培训生(018320),隆基乐叶光伏科技有限公司,7千-1.1万,广州-天河区,本科,在校生/应届生,01-31发布,新能源,,岗位职责1、参与广发银行收单及优惠商户业务的数据体系及风险体系的建设及产品技术的规划建设；2、负责搭建并完善业务指标及监控体系，为管理层和运营层提供数据策略支持服务；3、负责B端金融各业务部门（市场、产品、运营、风控等）各类项目及数据分析，对业务数据进行深度诊断、分析、挖掘，为业务提供有建设性的分析结论和建议。应聘要求1、硕士及以上学历，统计学、数据挖掘、计算机与科学、数学等专业优先；2、熟悉大数据相关技术和技能，有相关数据和算法能力、熟悉SQL/Python/R语言者优先；3、积极主动，逻指思维能力强，抗压能力强。,民营  |  10000人以上
数据分析实习生,广州市溢信科技股份有限公司,120元/天,贵阳-云岩区,本科,在校生/应届生,01-31发布,计算机软件,岳麓区青山路678号科创软件园5楼510办公室,1、产品和运营模块数据的提供；2、基础数据采集和处理；3、数据价值的挖掘，通过客群、产品等专题分析，编写经营数据分析报告，及时发现和分析其中隐含的变化和问题；为公司经营决策、产品方向，销售策略、后台运营提供策略方案。4、协助各部门完成数据整理、分析与利用，及时提供支持方面的工作。岗位要求1、大专以上学历，数学、统计、理学类专业优先；2、具有较强的罗辑思维、数学思维、创新思维；3、熟练使用Excel的函数、数据透视表等常规办公技能，PPT办公技能强3、性格开朗，抗压性强，有冲劲4、责任心强，善于沟通。5、两年以上数据处理、分析方面的工作经营6、有电商平台的工作经验7、了解抖音平台的后台，有相关取数经验。,民营  |  150-500人
数据分析实习生,浙江天正信息科技有限公司,3-4.5千,佛山-顺德区,本科,在校生/应届生,01-31发布,计算机软件,武汉理工大学出版社,岗位职责：1、负责数据收集与汇总，对数据进行整理和分析，形成数据统计报告，；2、根据已有的数据容量，建立企业内部数据库，并定期对数据库内容进行更新和维护，为企业的相关决策提供数据参考。任职资格：1、本科学历，统计/数学专业优先，熟练使用EXCEL等办公软件；2、具有数理统计，经济学，数据库原理相关知识；3、严谨的逻辑思维能力、学习能力、言语表达能力、沟通能力。3、通过数据分析，对公司进展异常的项目进行预警，协助公司年度计划的完成。,民营  |  150-500人
营运岗--数据分析（2023应届生）,华润置地（长春）有限公司,7-9千,深圳-龙华区,本科,在校生/应届生,01-31发布,房地产,广东省广州市黄埔区新瑞路16号3号楼6层,,国企  |  150-500人
数据分析实习生,上海资信有限公司,150元/天,广州-海珠区,本科,在校生/应届生,01-31发布,金融/投资/证券,锦绣天府项目部,,国企  |  150-500人
精益数据分析专员（江苏雅博）,艾兰得营养品泰州有限公司,5-7千,北京-海淀区,本科,在校生/应届生,01-31发布,快速消费品(食品、饮料、化妆品),青东商务区B座四层,工作职责:1.对渠道销售队伍、产品、客户承保等数据进行分析，梳理相关性，为渠道决策提出相关建议；2.行业数据的分析梳理、对比；3.督导机构业绩考核目标进度达成；4.部门安排的其他工作。任职资格:1.***大学本科及以上；2.金融、经济、保险、法律等专业,民营  
数据分析工程师,江苏中达盛清环境技术有限公司,6千-1万,深圳-龙岗区,本科,在校生/应届生,01-31发布,环保,武汉理工大学出版社,,民营  |  少于50人
数据分析专员,德华兔宝宝装饰新材股份有限公司,4-5千,上海-闵行区,本科,在校生/应届生,01-31发布,家具/家电/玩具/礼品,广东省广州市黄埔区新瑞路16号3号楼6层,岗位职责：1.收集、整理、归纳、分析公司所需的数据、信息，对公司的各方面数据进行分析、解读和预测，形成对于公司的内在价值判断和预测2.完成直属领导安排的其他相关工作任职资格：1.、金融、经济等相关专业本科在读生；2、具有良好的数据分析能力和逻辑分析能力；3、诚实守信，为人正直，具有较强的沟通协调能力、执行能力、团队合作能力。4、能够保证至少6个月的实习期，每周到岗时间原则上不少于四天；,已上市  |  1000-5000人
运营管培生（数据分析向）,上海成蹊信息科技有限公司,5-9千,,,,01-31发布,网络游戏,锦绣天府项目部,,民营  |  150-500人
生物信息数据分析工程师,南京科络思生物科技有限公司,1-1.5万·13薪,,,,01-31发布,制药/生物工程,新桥镇新华路8号海澜之家集团股份有限公司,,民营  |  少于50人
大气污染治理工程师（数据分析）,江苏中达盛清环境技术有限公司,6-8千,广州-越秀区,本科,在校生/应届生,01-31发布,环保,武汉理工大学出版社,=岗位职责：1.对行情基本面和策略面进行分析，预测未来走势，撰写分析报告;2.通过财经新闻，搜集和整理相关数据进行投资工作;了解和分析相关市场制度;3、能够在指定时间内处理大量财经和金融信息，并且提炼重点；4、通晓金融市场基本逻辑和指标，识别出对市场有影响力的重大要闻；5、具有一定的联想能力，能够从现有市场中识别未来可能需要关注的重点；6、能在工作中进步，并追求创造性的“生产”内容，提供更多的创新建议。职位要求：1、大专及以上学历、有金融、经济、财会等经管类专业背景优先经验者优先考虑；2、对金融市场投资感兴趣，热爱交易，学习能力强，抗干扰抗压能力强；3、沟通能力强，逻辑思路清晰，能在压力下工作，具有高度责任心和团队合作精神；4、熟练地office办公软件应用能力，耐心，细心。【福利待遇】1、薪资：底薪6000起+绩效奖金不封顶+月综合奖金，综合薪资12000以上，有能力者可派往分公司担任管理者，2、上班时间：5天6小时工作制，周一至周五早上9：30~17：00；6小时工作制，周末双休；享受双假期（不需要补休），国内的法定节假日+国外的节假日（圣诞节复活节）3、丰富的企业文化活动，篮球赛、羽毛球、台球等；年度旅游活动（由各分公司自行安排）4、舒适的办公环境，良好的工作氛围，互帮互助的学习热潮，公司有微波炉，方便我们的同仁。【上班时间】1周一至周五上午9：30-12:00，下午13:30-17:002周末双休、国家法定假期休假。3带薪年假、婚假、产假、陪产假等；,民营  |  少于50人
汽车电子数据分析鉴定工程师,四川华大科技司法鉴定所,6千-1.1万,北京-朝阳区,本科,在校生/应届生,01-31发布,检测，认证,广东省广州市黄埔区新瑞路16号3号楼6层,中专隆天知识产权运营（深圳）股份有限公司为隆天知识产权集团旗下从事知识产权竞争情报分析、知识产权大数据服务与知识产权产业化运营的专项平台公司。中专隆天注册在深圳，总部位于北京，以“数据驱动、价值萃取、精准匹配、运营未来”为运营理念，以“多维度知识产权竞争情报分析”为核心，以“知识产权+科创投”为运营模式，是一家实现了“科技创新、投资孵化、知识产权、智慧互联”融合发展的高端科技企业服务优秀公司。根据公司业务发展需要，中专隆天2022秋季校招正式开启，具体需求如下：工作地点：北京、深圳、成都岗位职责：1、辅助项目总监或项目经理完成相关行业、政策、法律、市场、技术信息调查整理；2、辅助项目总监或项目经理做好知识产权数据归类、分析与整理；3、辅助完成分析图表的制作与可视化。任职条件：1.	在校大学生或研究生；2.	具有工学或理学（包括：机电、机械、通信、物理、自动化、计算机、医药、有机化学、生物、光电、微电子、数学）相关学科背景；3.	具有较强的文字表达能力、沟通能力以及数据信息收集整合能力；4.	熟练使用PPT、WORD、EXCEL等办公软件；5.	实习生150-200元/天,民营  |  50-150人
人力资源管培生（数据分析方向）,中国大地财产保险股份有限公司信用保证险事业部,7千-1.2万·15薪,,,,01-31发布,保险,永威时代中心,,国企  |  10000人以上
商务专员-数据分析(校招）,埃地沃兹贸易（上海）有限公司,8千-1.1万,,,,01-31发布,电子技术/半导体/集成电路,,,外资（欧美）  |  500-1000人
数据分析师,安徽老乡鸡餐饮股份有限公司,5-8千,广州-越秀区,大专,在校生/应届生,01-31发布,餐饮业,武汉理工大学出版社,"岗位职责：1.对行情基本面和策略面进行分析，预测未来走势，撰写分析报告;2.通过财经新闻，搜集和整理相关数据进行投资工作;了解和分析相关市场制度;3、能够在指定时间内处理大量财经和金融信息，并且提炼重点；4、通晓金融市场基本逻辑和指标，识别出对市场有影响力的重大要闻；5、具有一定的联想能力，能够从现有市场中识别未来可能需要关注的重点；6、能在工作中进步，并追求创造性的“生产”内容，提供更多的创新建议。职位要求：1、大专及以上学历、有金融、经济、财会等经管类专业背景优先经验者优先考虑；2、对金融市场投资感兴趣，热爱交易，学习能力强，抗干扰抗压能力强；3、沟通能力强，逻辑思路清晰，能在压力下工作，具有高度责任心和团队合作精神；4、熟练地office办公软件应用能力，耐心，细心。【福利待遇】1、薪资：底薪6000起+月综合奖金+绩效奖金上不封顶，综合薪资9000以上，有能力者可派往分公司担任管理者，2、上班时间：5天6小时工作制，周一至周五早上9：30~17：00；6小时工作制，周末双休；享受双假期（不需要补休），国内的法定节假日+国外的节假日（圣诞节复活节）3、丰富的企业文化活动，篮球赛、羽毛球、台球等；年度旅游活动（由各分公司自行安排）4、舒适的办公环境，良好的工作氛围，互帮互助的学习热潮，公司有微波炉，方便我们的同仁。【上班时间】1周一至周五上午9：30-12:00，下午13:30-17:002周末双休、国家法定假期休假。3带薪年假、婚假、产假、陪产假等；公司信息广州丰荣发展有限公司涉及各大投资领域，包含销售、开发、代理、金融等领域。全称：广州丰荣发展有限公司丰荣发展成立于2015年，注册资金1亿元。企业发展理念：稳定、发展、改革、创新企业文化理念：企业善待员工，员工心系企业，员工和企业共同发展管理创造价值，服务提升优势，品质至上，服务至优是集团公司的发展理念。团结、创新、务实、奋进是公司志不渝的追求。公司倍加珍惜每一分荣誉，坚持：质量***、用户至上、以质兴业以优取胜""的经营宗旨，不断将优秀人才贡献社会，与社会各界优势互补、同创辉煌！",民营  |  10000人以上
数据分析实习生,亚信科技OBC,3-4千,北京-朝阳区,本科,在校生/应届生,01-31发布,计算机软件,广东省广州市黄埔区新瑞路16号3号楼6层,中专隆天知识产权运营（深圳）股份有限公司为隆天知识产权集团旗下从事知识产权竞争情报分析、知识产权大数据服务与知识产权产业化运营的专项平台公司。中专隆天注册在深圳，总部位于北京，以“数据驱动、价值萃取、精准匹配、运营未来”为运营理念，以“多维度知识产权竞争情报分析”为核心，以“知识产权+科创投”为运营模式，是一家实现了“科技创新、投资孵化、知识产权、智慧互联”融合发展的高端科技企业服务优秀公司。根据公司业务发展需要，中专隆天2022秋季校招正式开启，具体需求如下：岗位职责：1、完成相关产业、投资、并购、政策、法律、市场、技术信息调查研究2、检索专利与科技文献，完成技术竞争情报分析项目研究3、完成知识产权数据检索、归类与筛选，完成相关分析图表的可视化工作4、参与企业科创板上市知识产权辅导项目、科创投资项目筛选与科创项目技术尽调任职条件：1、本科及以上学历，机电、机械、通信、物理、自动化、计算机、医药、有机化学、生物、光电、微电子、数学、统计等相关学科背景。2、具有较强的文字表达能力、沟通能力以及数据信息分析整合能力，熟练使用PPT、WORD、EXCEL等办公软件；3、具有快速学习新知识的能力和较好的逻辑思维能力以及很好的行业和技术理解能力；4、同时具有知识产权学科背景或经历者可以优先考虑。薪酬待遇：1、公司为员工提供五险一金、额外商业保险及行业内具有充分竞争力的薪酬待遇、培训机会与晋升空间；2、公司提供健康体检、带薪年假、年终奖励；3、应届毕业生7000-12000元/月，特别优秀者另议。,民营  |  10000人以上
专业服务助理(投标/行业研究和数据分析支持),毕马威信息技术服务（南京）有限公司,5-6千,深圳,本科,在校生/应届生,01-31发布,专业服务(咨询、人力资源、财会),,ScopeofWork催收部日常数据的整理，统计和分析，用于日常催收部各业务团队performance的管理和检测，并辅助管理层对催收策略的决策。KeyResponsibilities1.	提供及时、精确的评分卡和资产效能分析。2.	提供有意义的即席专案分析和管理信息报告以支持更有效的风险管理。3.	确保及时地报告信贷/效能相关信息给高级管理层。4.	提供高质量MIS报告以及分析结果。5.	处理常规核查（如集团要求的查核及监管要求的查核）6.	能够积极完成上级指派的任务。7.	参与分析型数据集市的设计、优化和维护，确保提供最新的信息，与业务操作保持同步。8.	与其他团队成员协同合作，建立和完善MIS管理信息处理系统的报告制度和联动机制，以提高效率，对业务需求作出快速反应。职位要求：1.大学本科及以上，金融，统计学，数学等理科相关专业优先，有金融领域数据分析工作经验优先。2.熟悉数据统计，分析等相关专业知识，至少熟悉运用以下其中一种数据统计分析工具：SAS，R，SPSS，Python，SQL等，并熟练使用Excel。3.逻辑思维能力出色，有较强的工作自主意识。4.英语4级及以上，英语读写能力良好。,外资（欧美）  |  500-1000人
[校招] 销售支持（数据分析） Sales Support Officer,达飞轮船（中国）有限公司,7-8千·13薪,,,,01-30发布,交通/运输/物流,,,外资（欧美）  |  1000-5000人
数据分析实习生,上海数道信息科技有限公司,200元/天,北京,本科,在校生/应届生,01-30发布,计算机服务(系统、数据服务、维修),武汉理工大学出版社,工作职责:1、通过选择相关工具，并进行二次开发，协助团队，实现外部公开数据的抓取、转化、可视化呈现，并基于可视化呈现进行分析，给出市场趋势的预测。2、维护自研和购买系统正常运行，定期进行数据备份，确保抓取数据和分析结果的安全。任职资格:1、本科及以上计算机、统计类相关学历；2、具备一定的编程语言如Python等基础及较强的编程能力；3、对诸如ELK、PowerBI、Tableau等可视化系统熟悉；4、优秀的学习能力，良好的团队合作意识和沟通能力;5、英语CET-4及以上水平，读写熟练。,民营  |  少于50人
数据分析实习生,亚信科技OBC,3千及以下,北京-朝阳区,本科,在校生/应届生,01-31发布,计算机软件,,中专隆天知识产权运营（深圳）股份有限公司为隆天知识产权集团旗下从事知识产权竞争情报分析、知识产权大数据服务与知识产权产业化运营的专项平台公司。中专隆天注册在深圳，总部位于北京，以“数据驱动、价值萃取、精准匹配、运营未来”为运营理念，以“多维度知识产权竞争情报分析”为核心，以“知识产权+科创投”为运营模式，是一家实现了“科技创新、投资孵化、知识产权、智慧互联”融合发展的高端科技企业服务优秀公司。根据公司业务发展需要，中专隆天2022秋季校招正式开启，具体需求如下：岗位职责：1、完成相关产业、投资、并购、政策、法律、市场、技术信息调查研究2、检索专利与科技文献，完成技术竞争情报分析项目研究3、完成知识产权数据检索、归类与筛选，完成相关分析图表的可视化工作4、参与企业科创板上市知识产权辅导项目、科创投资项目筛选与科创项目技术尽调任职条件：1、本科及以上学历，机电、机械、通信、物理、自动化、计算机、医药、有机化学、生物、光电、微电子、数学、统计等相关学科背景。2、具有较强的文字表达能力、沟通能力以及数据信息分析整合能力，熟练使用PPT、WORD、EXCEL等办公软件；3、具有快速学习新知识的能力和较好的逻辑思维能力以及很好的行业和技术理解能力；4、同时具有知识产权学科背景或经历者可以优先考虑。薪酬待遇：1、公司为员工提供五险一金、额外商业保险及行业内具有充分竞争力的薪酬待遇、培训机会与晋升空间；2、公司提供健康体检、带薪年假、年终奖励；3、应届毕业生7000-12000元/月，特别优秀者另议。,民营  |  10000人以上
地理信息数据分析工程师,广东国垚信息科技有限公司,5千-1万,广州,本科,在校生/应届生,01-31发布,建筑/建材/工程,虹口区塘沽路309号东泰大厦,,民营  |  50-150人
数据分析员,上海申美饮料食品有限公司,5-7千,杭州-上城区,大专,在校生/应届生,01-30发布,快速消费品(食品、饮料、化妆品),天河区林和西路161号中泰国际广场B塔38楼,岗位职责：1、根据公司经营指标，负责商品销售运营信息收集、分析并提供运营建议和市场建议；2、根据各季商品销售与往年同期商品销售，数据进行分析对比，参照订货季节产品的节气规则，做出所有区域、各品类的销售节奏，并对下一季度产品整体情况进行宏观预测；3、负责组织并参与市场调研工作，收集竞争品牌的商品销售运营数据及商品发展数据信息，了解市场商品销售动态，为商品开发方向作参考；？4、新老品畅滞销及各市场货品库存消化流转进度跟进；？5、评审会提供历年销售分析与数据支持；订货会订单数据整理与分析。任职要求：1、熟悉商品运作管理，熟悉商品订货、分析、终端货品运营；？2、对数据敏感，有很强的逻辑分析能力，熟悉掌握数据分析逻辑及方法，精通数据分析工具与技巧提升工作效率；3、能用数据指导运营与销售；4、统计学、数学、财务、市场营销专业优先；5、爱岗敬业，善于沟通与协调，做事认真细致，具有高度的责任心，具备良好的职业道德素养；,合资  |  500-1000人
市场数据分析专员,亚信科技（中国）有限公司,7千-1万·13薪,重庆,本科,在校生/应届生,01-31发布,计算机软件,武汉理工大学出版社,,已上市  |  10000人以上
数据分析实习生,亚信科技OBC,3千及以下,北京-朝阳区,本科,在校生/应届生,01-31发布,计算机软件,广东省广州市黄埔区新瑞路16号3号楼6层,中专隆天知识产权运营（深圳）股份有限公司为隆天知识产权集团旗下从事知识产权竞争情报分析、知识产权大数据服务与知识产权产业化运营的专项平台公司。中专隆天注册在深圳，总部位于北京，以“数据驱动、价值萃取、精准匹配、运营未来”为运营理念，以“多维度知识产权竞争情报分析”为核心，以“知识产权+科创投”为运营模式，是一家实现了“科技创新、投资孵化、知识产权、智慧互联”融合发展的高端科技企业服务优秀公司。根据公司业务发展需要，中专隆天2022秋季校招正式开启，具体需求如下：岗位职责：1、完成相关产业、投资、并购、政策、法律、市场、技术信息调查研究2、检索专利与科技文献，完成技术竞争情报分析项目研究3、完成知识产权数据检索、归类与筛选，完成相关分析图表的可视化工作4、参与企业科创板上市知识产权辅导项目、科创投资项目筛选与科创项目技术尽调任职条件：1、本科及以上学历，机电、机械、通信、物理、自动化、计算机、医药、有机化学、生物、光电、微电子、数学、统计等相关学科背景。2、具有较强的文字表达能力、沟通能力以及数据信息分析整合能力，熟练使用PPT、WORD、EXCEL等办公软件；3、具有快速学习新知识的能力和较好的逻辑思维能力以及很好的行业和技术理解能力；4、同时具有知识产权学科背景或经历者可以优先考虑。薪酬待遇：1、公司为员工提供五险一金、额外商业保险及行业内具有充分竞争力的薪酬待遇、培训机会与晋升空间；2、公司提供健康体检、带薪年假、年终奖励；3、应届毕业生7000-12000元/月，特别优秀者另议。,民营  |  10000人以上
数据分析,上海递家品牌管理有限公司,6-8千,南京-鼓楼区,本科,在校生/应届生,01-30发布,计算机软件,彩频路11号广东软件园F栋12-13楼,这个职位将为毕马威中国投资咨询部门提供日常的投标流程支持服务。我们的目标是从创造客户价值的角度，为投资咨询部门制作高质量的客户服务建议书，提供行业研究和数据支持，促进并推动投标提案流程，实现我们市场份额的转型增长并以有效的方式拓展我们在核心业务中的领先地位。这个职位需要与毕马威投资咨询前线部门，其他业务部门，区域的***和项目经理合作，参与统一规划并制作客户服务建议书.岗位职责：-使用毕马威模板协助团队创建并制作客户服务建议书-协助团队通过当前共享数据库丰富客户服务建议书（包括PPT模板更新，行业研究和投资关注点，工作范围和项目行业经验等）-与在佛山和印度毕马威交付中心团队合作共同创建客户服务建议书（如需要）-根据毕马威现有的相关网站及工具来支持客户服务建议书的创建-与团队积极沟通，以明确他们的服务要求-协助团队针对目标公司和行业进行研究-协助团队提供数据分析支持-协助团队对客户服务建议书做相关的翻译（如需要）岗位要求：-本科以上学历-能够在独立或团队的环境中工作，对商业投资和行业研究有一定的兴趣-良好的口头表达和书写能力，CET-6或同等水平-熟练运用Powerpoint和Excel-工作态度积极，乐于挑战新鲜事物,民营  |  150-500人
数据分析专员,优锐医药科技（上海）有限公司,8千-1万,苏州-工业园区,本科,在校生/应届生,01-31发布,制药/生物工程,大港工业城南海路9-27号,工作职责：1、负责数据湖仓一体产品选型、设计、开发和测试；2、负责数据建模、调度系统、数据预处理子系统的设计和开发；3、负责数据湖仓一体ETL流程的优化及解决ETL相关技术问题；4、参与数据产品设计和评审，保障数据平台架构稳定；5、为日常运营活动提供数据支持，并且在一定程度上给予评估和建设性建议；6、指导和协助其他团队成员，共同建立起商业智能分析工作的流程、规范和方法；7、完成公司安排的其他数据相关的工作和任务。任职资格：1、计算机相关、数学/应用数学本科及以上学历；2、熟悉python及其数据分析相关的库；3、熟悉java开发语言；3、熟悉Hadoop生态圈及其原理；4、熟悉PowerBI或FineReport/BI报表工具；5、熟悉Oracle、SQLServer、mysql、postgresql等主流数据库，熟练运用SQL、PL-SQL程序语言、存储过程；6、对数据敏感，具有良好的逻辑思维能力、沟通能力和表达呈现能力，对数据挖掘方法和工具有一定了解。,外资（非欧美）  |  150-500人
数据分析师,广东大家食品有限公司,3.8-6.5千,肇庆-端州区,本科,在校生/应届生,01-18发布,农/林/牧/渔,,,民营  |  150-500人
数据分析岗（实习）,现代财产保险（中国）有限公司,3-4.2千,北京-西城区,本科,在校生/应届生,01-17发布,保险,,1、协助开展业务数据分析2、协助建立风控指标体系3、协助建立信用风控体系任职要求1、金融、统计、计算机、数学等相关专业在校生，数理基础扎实2、熟练使用Excel、Python，熟悉常用统计模型。3、每周出勤三天以上，可以连续实习2个月及以上,合资  |  150-500人
数据分析师,武汉珞伽启思信息科技有限公司,800元/天,武汉-武昌区,硕士,在校生/应届生,01-16发布,文字媒体/出版,,"本公司招聘各个领域的数据分析人才，主要以经管类调研数据分析为主，提供咨询方案。一、任职要求：1.学历要求：目前仅接受国内研究生及以上（条件优秀的本科生亦可），及优秀的海外大学留学生。2.专业要求范围：商科、管理、金融、工商管理、数学、人力、市场营销、法律、文学、经济、会计、政治、物流、计算机、教育、国贸、统计、MBA、机械、信息工程等等。要是你会数据分析类、如PYTHON、EVIEWS，SPSS，STATA，MATLAB等将是本公司着重培养人才！薪资将会比普通专业的更加丰厚！3.态度要求：热爱写作,诚信负责，工作积极配合。具备良好的职业道德，具有充足的写作时间。为什么选择我们？本公司不限工作时间、不限工作地点、工作灵活，接tasks后，只要能在规定时间完成即可！待遇丰厚！所有的工作地点和时间均由你自己安排，任务由你选择；欢迎加入我们公司，希望广大贤士能来共创事业。如果有意向，直接投递简历至邮箱。",事业单位  |  50-150人
Research Scientist 数据建模与数据分析研究员,牛津大学（苏州）科技有限公司,28-30万/年,苏州-工业园区,博士,在校生/应届生,01-16发布,学术/科研,,,外资（欧美）  |  50-150人
数据分析实习生,广州市福思特科技有限公司,3-4千,广州-海珠区,本科,在校生/应届生,01-17发布,计算机软件,,职责描述：1.协助进行新商科相关课程产品设计、案例研究；2.协助开展教学软件案例内容相关数据分析工作；3.为电商运营、商业决策、活动优化提供信息及数据支持。任职要求：1.本科或以上学历，计算机科学与技术、数据科学与大数据技术等相关专业优先；2.有校内外数据分析项目经验优先；3.熟练使用数据统计分析工具，熟练掌握Python，具有优秀的数据分析技能与报告呈现能力；4.逻辑能力强，具备数据敏感度及问题分析解决能力，有预判性思维；5.出色的沟通表达与跨团队协调能力。实习要求实习3个月，每周3天起,民营  |  150-500人
数据分析实习生,上海时代光华教育发展有限公司,150元/天,上海-静安区,本科,在校生/应届生,01-16发布,计算机软件,,【数据分析实习生·岗位JD】工作职责：1、整理各项业务数据，以月报等形式汇报更新；2、协同参与业务数据系统的日常运营、管理和维护工作；3、与团队内部以及需求部门进行有效沟通，及时跟进进度以及解决相关数据问题；4、协助完成部门其他日常工作。任职资格：1、本科及以上学历；2、对数据分析相关工作有兴趣，对数据敏感3、了解多种统计、挖掘方法，和一般大数据分析方法；4、积极好学、细致耐心、责任感强、善于学习，有良好的团队合作精神；5、熟练使用操作Excel、SPSS/SAS等相关数据分析软件者优先；6、有python学习经验者优先。,民营  |  500-1000人
数据分析师,武汉珞伽启思信息科技有限公司,800元/天,武汉-武昌区,硕士,在校生/应届生,01-16发布,文字媒体/出版,,"本公司招聘各个领域的数据分析人才，主要以经管类调研数据分析为主，提供咨询方案。一、任职要求：1.学历要求：目前仅接受国内研究生及以上（条件优秀的本科生亦可），及优秀的海外大学留学生。2.专业要求范围：商科、管理、金融、工商管理、数学、人力、市场营销、法律、文学、经济、会计、政治、物流、计算机、教育、国贸、统计、MBA、机械、信息工程等等。要是你会数据分析类、如PYTHON、EVIEWS，SPSS，STATA，MATLAB等将是本公司着重培养人才！薪资将会比普通专业的更加丰厚！3.态度要求：热爱写作,诚信负责，工作积极配合。具备良好的职业道德，具有充足的写作时间。为什么选择我们？本公司不限工作时间、不限工作地点、工作灵活，接tasks后，只要能在规定时间完成即可！待遇丰厚！所有的工作地点和时间均由你自己安排，任务由你选择；欢迎加入我们公司，希望广大贤士能来共创事业。如果有意向，直接投递简历至邮箱。",事业单位  |  50-150人
金融数据分析师,上海梵基股权投资管理有限公司,8千-1.5万·13薪,上海,本科,在校生/应届生,01-16发布,金融/投资/证券,,岗位职责：1.按照基金经理的投资策略思路，去挖掘并清洗数据，将概念与想法转化为数学模型并将算法实现为代码，完成对应的数据处理；2.参与交易策略的研发、生成可行的盈利策略，挖掘各种交易信号，具体涉及期权等复杂衍生品定价模型的研究、交易想法的策略化、数据处理、研报复现等；3.交易相关数据的日常统计、整理及维护；4.熟练使用编程语言（Python、C++等）独立撰写程序，分析统计基金交易盈亏和风控数据，协助管理投资组合，维护基金的业绩归因分析，并提出改进意见；5.完成基金经理交代的其它工作。职位要求：1.学历要求：***本科及以上学历，数学、物理、商业分析、金融工程、统计、数量经济、数据科学等相关理工类专业，硕士、博士优先；2.工作经验：1-3年，可接受应届毕业生；3.专业要求：具备数据建模能力，擅于市场信息及数据的搜集，并能根据研究课题的需要进行信息整合；熟练使用编程语言（Python)，精通Pandas/Numpy等高效处理数据模块；扎实的数理功底、较强的逻辑分析能力、学习能力，具备创新意识和量化思维，对股票、期货、外汇等金融产品以及期权定价模型与期权交易结构有一定了解；有金融时间序列数据分析经验优先，能够独立完成基于数据提出假设、检验、研究并达成结论；4.英语水平：精通英语听说读写，CET-6（含）以上，有海外留学经验者优先；5.个性要求：良好的职业道德和高度的安全保密意识，工作细致严谨，责任心强，良好的沟通能力和团队合作精神，对金融行业有兴趣，有志长期发展，勇于接受挑战，愿与公司共同成长。,民营  |  少于50人
Research Scientist 数据建模与数据分析研究员,牛津大学（苏州）科技有限公司,28-30万/年,苏州-工业园区,博士,在校生/应届生,01-16发布,学术/科研,,,外资（欧美）  |  50-150人
业务数据分析,安徽省才莱商贸有限公司,4.5-6千,合肥,本科,在校生/应届生,01-16发布,批发/零售,,,民营  |  500-1000人
数据分析师,武汉珞伽启思信息科技有限公司,800元/天,武汉-武昌区,硕士,在校生/应届生,01-16发布,文字媒体/出版,,"本公司招聘各个领域的数据分析人才，主要以经管类调研数据分析为主，提供咨询方案。一、任职要求：1.学历要求：目前仅接受国内研究生及以上（条件优秀的本科生亦可），及优秀的海外大学留学生。2.专业要求范围：商科、管理、金融、工商管理、数学、人力、市场营销、法律、文学、经济、会计、政治、物流、计算机、教育、国贸、统计、MBA、机械、信息工程等等。要是你会数据分析类、如PYTHON、EVIEWS，SPSS，STATA，MATLAB等将是本公司着重培养人才！薪资将会比普通专业的更加丰厚！3.态度要求：热爱写作,诚信负责，工作积极配合。具备良好的职业道德，具有充足的写作时间。为什么选择我们？本公司不限工作时间、不限工作地点、工作灵活，接tasks后，只要能在规定时间完成即可！待遇丰厚！所有的工作地点和时间均由你自己安排，任务由你选择；欢迎加入我们公司，希望广大贤士能来共创事业。如果有意向，直接投递简历至邮箱。",事业单位  |  50-150人
数据分析,浙江东日股份有限公司,1-2万,温州-鹿城区,硕士,在校生/应届生,01-16发布,多元化业务集团公司,,"任职要求：1、***硕士及以上学历2、具有扎实的数学基础，熟悉概率、统计理论，掌握一定的数据研究方法；3、精通Excel、PowerQuery、熟练使用MySQL或Oracle等数据库的操作,了解Hadoop等分布式架构；4、掌握R、Python或MATLAB等编程语言；5、具备严谨的逻辑思维、持续学习能力；6、取得CDA认证者优先。岗位职责：1、深入理解业务数据分析需求，面向业务开展数据服务；2、通过API收集数据，掌握较好的数据清洗及ETL技术，负责生产标准数据；3、对标准数据进行挖掘，实施数据建模；4、数据分析的流程、规范和方法建立，及相关文档的撰写；5、配合数据中台的建设及实施。",已上市  |  1000-5000人
数据分析员,江苏东昂科技有限公司,4-5.5千·13薪,南京-雨花台区,大专,在校生/应届生,01-16发布,新能源,,【岗位职责】1.负责公司业务、产品线数据、日常经营数据的整理和分析;2.熟悉使用excel、word等办公软件，有上进心;3.深入理解业务，通过数据分析为业务团队提供数据支持;4.负责通过系统后台的数据进行数据较验、抽取、报送、报表查询等技术支撑工作。【任职要求】1.计算机、数学或统计学专业专科以上学历;2.熟悉EXCEL各类函数、对PPT等办公软件有一定的经验;3.具有一定的文档编写能力，能够编写、整理项目实施相关方案文档；4.熟悉MySQL、MongoDB等数据库操作；5.对数据敏感、有较强的逻辑思维能力和独立专项分析能力;6.具有良好的沟通能力，能清晰表达问题内容。7.具备良好团队协作精神和责任心，有较强的抗压能力；8.具有一定的文档编写能力，能够编写、整理项目实施相关方案文档；9.有政府、运营商、大中型企业服务经验者优先；【工作地点】花神大道23号8号楼4楼江苏东昂科技有限公司,民营  |  50-150人
数据分析实习生,北京九畴科技有限公司,4.5-6千,北京-海淀区,大专,在校生/应届生,01-16发布,计算机软件,,任职要求：1、大二及以上学生，可全职工作2个月以上；2、有强烈的责任感和良好的沟通能力，能进行高效团队协作；3、踏实、认真、认可并愿意承担基础性工作4、有较好的逻辑思维能力，对数据敏感性。               5、熟练使用Excel，熟练函数的使用。                     6、统计学专业或有数据分析经验优先。,民营  |  500-1000人
科研数据分析师,武汉珞伽启思信息科技有限公司,800元/天,武汉-武昌区,硕士,在校生/应届生,01-16发布,文字媒体/出版,,"本公司招聘各个领域的数据分析人才，主要以经管类调研数据分析为主一、任职要求：1.学历要求：目前仅接受国内研究生及以上（条件优秀的本科生亦可），及优秀的海外大学留学生。2.专业要求范围：商科、管理、金融、工商管理、数学、人力、市场营销、法律、文学、经济、会计、政治、物流、计算机、教育、国贸、统计、MBA、机械、信息工程等等。要是你会数据分析类、如PYTHON、EVIEWS，SPSS，STATA，MATLAB等将是本公司着重培养人才！薪资将会比普通专业的更加丰厚！3.态度要求：热爱写作,诚信负责，工作积极配合。具备良好的职业道德，具有充足的写作时间。为什么选择我们？本公司不限工作时间、不限工作地点、工作灵活，接tasks后，只要能在规定时间完成即可！待遇丰厚！所有的工作地点和时间均由你自己安排，任务由你选择；欢迎加入我们公司，希望广大贤士能来共创事业。如果有意向，请投递简历。",事业单位  |  50-150人
数据分析,浙江东日股份有限公司,8-12万/年,温州-鹿城区,本科,在校生/应届生,01-15发布,多元化业务集团公司,,,已上市  |  1000-5000人
反欺诈岗（数据分析）,深圳市零在小额贷款有限责任公司,6-8千,深圳-福田区,大专,在校生/应届生,01-15发布,金融/投资/证券,,岗位职责：1、负责集团内部业务数据报表整理、分析，并输出相应的数据报告；2、动态监测相关业务数据指标，及时更新及维护数据报表；3、协助反欺诈部日常事务工作。任职要求：1、大专及以上学历，数学、计算机、统计学等相关专业优先，优秀本科应届毕业生亦可考虑；2、熟练掌握excel表格函数的应用，具备报表制作、数据报告分析能力;3、对数据分析有强烈兴趣，具备逻辑思维，能快速理解业务，发掘业务细节和数据之间的联系优先考虑；4、认真细致、积极主动，具有良好的沟通能力及一定的承压能力。5、精通粤语优先考虑；我们真诚邀请不懈追求、富于团队精神的您加入到我们队伍中来!我们将为您提供以下福利待遇：1、舒适、整洁、开放的办公环境，设有：公司茶水间、图书馆、游戏室、健身器械；2、每周五天工作制，每天7.5小时工作时间，周末双休；3、入职即为每一位员工提供“五险一金”等福利保障；4、在职期间享受各类法定有薪假期，逢节日发放节日礼金；5、每年享有调薪和年终奖金发放机会；6、定期组织员工聚餐及各类文娱活动；7、享受弹性积分福利，积分可兑换不同形式的奖励；8、良好的内、外部培训机制，为每一位员工快速实现自我提升和成就自我创造条件；9、广阔的职业发展空间，为每一位员工提供公平、平等、丰富的晋升机会和职业发展平台。,外资（非欧美）  |  150-500人
数据分析助理,厦门弘有信信息技术服务有限公司,3.5-5千·13薪,厦门,本科,在校生/应届生,01-14发布,计算机服务(系统、数据服务、维修),,我司在戴尔（中国）厦门总部的服务团队，因业务发展需要，诚聘如下职位：岗位名称：数据分析助理岗位职责：负责企业产品数据管理、维护和支持任职要求：1、专业不限，本科以上学历，英语通过CET4及以上，熟悉office日常办公软件，实习生或应届生亦可。2、因支持欧美业务，约每2个月会有5天夜班，夜班在家办公即可。（当月有夜班津贴）工作地点：戴尔（中国）厦门总部（湖里区金尚路2388号）上班时间：全职，8小时/天，5天/周薪酬：3500～5000元/月福利：五险一金，岗前带薪培训，上下班车接送，食堂午餐补贴，夜班补贴，带薪年假，年底双薪，***落户办理，团队拓展活动，外企工作氛围,民营  |  50-150人
科研数据分析师,武汉珞伽启思信息科技有限公司,800元/天,武汉-武昌区,硕士,在校生/应届生,01-16发布,文字媒体/出版,,"本公司招聘各个领域的数据分析人才，主要以经管类调研数据分析为主一、任职要求：1.学历要求：目前仅接受国内研究生及以上（条件优秀的本科生亦可），及优秀的海外大学留学生。2.专业要求范围：商科、管理、金融、工商管理、数学、人力、市场营销、法律、文学、经济、会计、政治、物流、计算机、教育、国贸、统计、MBA、机械、信息工程等等。要是你会数据分析类、如PYTHON、EVIEWS，SPSS，STATA，MATLAB等将是本公司着重培养人才！薪资将会比普通专业的更加丰厚！3.态度要求：热爱写作,诚信负责，工作积极配合。具备良好的职业道德，具有充足的写作时间。为什么选择我们？本公司不限工作时间、不限工作地点、工作灵活，接tasks后，只要能在规定时间完成即可！待遇丰厚！所有的工作地点和时间均由你自己安排，任务由你选择；欢迎加入我们公司，希望广大贤士能来共创事业。如果有意向，请投递简历。",事业单位  |  50-150人
监测数据分析师,上海巨一科技发展有限公司,5-9千,上海,本科,在校生/应届生,01-14发布,计算机软件,,1.负责桥隧结构健康监测系统监测数据的分析和处理；2.负责桥隧结构的有限元分析与数据解读；3.编制桥隧结构的监测与检测数据报告的编制与评审；4.其他事项。任职要求1.桥梁工程、隧道工程及相关专业背景的本科毕业生或研究生；应届生或毕业3年内的***，在读学生曾从事过相关课题或项目的实习生亦可；2.有桥梁、隧道设计、科研、监测或检测工作经历优先；3.能够熟练使用office办公软件，如Word、Excel、Visio；4.会使用Abquas、MATLAB、CAD、Revit等软件的优先考虑；5.具备良好的学习能力和沟通能力，责任心强，解决问题能力强；有团队合作精神;6.具有较强的技术文档撰写能力。欢迎在校学生加入我们实习生大家庭！本公司长期有实习生招聘。,民营  |  150-500人
实习数据分析员（湖州）,中飞赛维智能科技股份有限公司,5-8千,成都-高新区,大专,在校生/应届生,01-13发布,电气/电力/水利,,,民营  |  150-500人
数据分析岗,浙江胜华波电器股份有限公司,5-6千,温州,本科,在校生/应届生,01-13发布,汽车零配件,,1.具备SQL数据库语言基础，熟练操作SQL查询与数据库作业2.掌握JAVA开发语言，能够独立完成部分小型模块的开发3.计算机专业或编程类工作经验者优先,民营  |  1000-5000人
科研数据分析师,武汉珞伽启思信息科技有限公司,800元/天,武汉-武昌区,硕士,在校生/应届生,01-16发布,文字媒体/出版,,"本公司招聘各个领域的数据分析人才，主要以经管类调研数据分析为主一、任职要求：1.学历要求：目前仅接受国内研究生及以上（条件优秀的本科生亦可），及优秀的海外大学留学生。2.专业要求范围：商科、管理、金融、工商管理、数学、人力、市场营销、法律、文学、经济、会计、政治、物流、计算机、教育、国贸、统计、MBA、机械、信息工程等等。要是你会数据分析类、如PYTHON、EVIEWS，SPSS，STATA，MATLAB等将是本公司着重培养人才！薪资将会比普通专业的更加丰厚！3.态度要求：热爱写作,诚信负责，工作积极配合。具备良好的职业道德，具有充足的写作时间。为什么选择我们？本公司不限工作时间、不限工作地点、工作灵活，接tasks后，只要能在规定时间完成即可！待遇丰厚！所有的工作地点和时间均由你自己安排，任务由你选择；欢迎加入我们公司，希望广大贤士能来共创事业。如果有意向，请投递简历。",事业单位  |  50-150人
数据分析工程师（2023届校招）(J10541),广州禾信仪器股份有限公司,8千-1.2万,广州-黄埔区,硕士,在校生/应届生,01-12发布,仪器仪表/工业自动化,,工作职责:你将获得：1.进入大气环保细分行业领军企业的机会；2.大气环境先进科学仪器监测数据分析技能；3.大气环境改善和技术服务项目规划实施能力；4.成为国家大气环保行业稀缺人才的机会；岗位职责：1.负责已售仪器的技术应用、技术培训和客户对接工作；2.负责相关项目的数据分析报告、项目方案编制及汇报演示工作；3.负责相关部门的需求对接、问题解答、技术优化和提升工作。任职资格:岗位要求：1.硕士以上学历，大气、环境、化学类相关专业；2.熟练使用Excel、WORD、PPT，有CAD、ORIGIN、ArcGIS、Matlab等软件使用经验的优先考虑；3.熟悉了解大气环境监测、气象模型、数值模型数据分析工作优先；4.具有大气环境咨询服务项目、一市一策国家联合攻关项目经验的优先；5.细心负责，乐观向上，有上进心，有良好的沟通能力及团队合作精神；6.能够适应出差的工作要求。全国都有项目，要求接受出差和驻场服务，经过培训后会根据项目需求分配到华南、华东、华北等项目地。,已上市  |  500-1000人
数据分析员（实习生）,中飞赛维智能科技股份有限公司,3-4千,,,,01-13发布,电气/电力/水利,,,民营  |  150-500人
数据分析师-2023届,湖南科创信息技术股份有限公司,1-1.5万,长沙,硕士,在校生/应届生,01-12发布,计算机软件,,岗位职责:1.负责标准化数据录入，数据清洗、转换、关联等数据分析工作；2.协助建立信用评估、风险评估方面的数据模型；3.协助完成需求分析、系统设计等文档撰写。任职资格:1.计算机、信息技术及相关专业本科以上学历；2.掌握Python、SQL、JAVA、R、Spark、SPSS中任意两种工具/语言；3.严谨的逻辑思维、数理逻辑分析能力强，优秀的数值敏感性；4.具有良好的沟通能力和团队合作精神，具备一定的文字表达能力；5.熟悉知识图谱、人工智能、大数据者优先。,已上市  |  1000-5000人
数据分析师,武汉珞伽启思信息科技有限公司,800元/天,武汉-武昌区,硕士,在校生/应届生,01-16发布,文字媒体/出版,,"本公司招聘各个领域的数据分析人才，主要以经管类调研数据分析为主，提供咨询方案。一、任职要求：1.学历要求：目前仅接受国内研究生及以上（条件优秀的本科生亦可），及优秀的海外大学留学生。2.专业要求范围：商科、管理、金融、工商管理、数学、人力、市场营销、法律、文学、经济、会计、政治、物流、计算机、教育、国贸、统计、MBA、机械、信息工程等等。要是你会数据分析类、如PYTHON、EVIEWS，SPSS，STATA，MATLAB等将是本公司着重培养人才！薪资将会比普通专业的更加丰厚！3.态度要求：热爱写作,诚信负责，工作积极配合。具备良好的职业道德，具有充足的写作时间。为什么选择我们？本公司不限工作时间、不限工作地点、工作灵活，接tasks后，只要能在规定时间完成即可！待遇丰厚！所有的工作地点和时间均由你自己安排，任务由你选择；欢迎加入我们公司，希望广大贤士能来共创事业。如果有意向，直接投递简历至邮箱。",事业单位  |  50-150人
数据分析工程师（2023届校招）(J10541),广州禾信仪器股份有限公司,8千-1.2万,广州-黄埔区,硕士,在校生/应届生,01-12发布,仪器仪表/工业自动化,,工作职责:你将获得：1.进入大气环保细分行业领军企业的机会；2.大气环境先进科学仪器监测数据分析技能；3.大气环境改善和技术服务项目规划实施能力；4.成为国家大气环保行业稀缺人才的机会；岗位职责：1.负责已售仪器的技术应用、技术培训和客户对接工作；2.负责相关项目的数据分析报告、项目方案编制及汇报演示工作；3.负责相关部门的需求对接、问题解答、技术优化和提升工作。任职资格:岗位要求：1.硕士以上学历，大气、环境、化学类相关专业；2.熟练使用Excel、WORD、PPT，有CAD、ORIGIN、ArcGIS、Matlab等软件使用经验的优先考虑；3.熟悉了解大气环境监测、气象模型、数值模型数据分析工作优先；4.具有大气环境咨询服务项目、一市一策国家联合攻关项目经验的优先；5.细心负责，乐观向上，有上进心，有良好的沟通能力及团队合作精神；6.能够适应出差的工作要求。全国都有项目，要求接受出差和驻场服务，经过培训后会根据项目需求分配到华南、华东、华北等项目地。,已上市  |  500-1000人
市场数据分析实习生,成都华侨城黄龙溪投资发展有限公司,3千及以下,成都-龙泉驿区,本科,在校生/应届生,01-12发布,娱乐/休闲/体育,,,国企  |  150-500人
数据分析师（应届生）,北京先进数通信息技术股份公司,7-9千,北京-海淀区,本科,在校生/应届生,01-12发布,计算机软件,,,已上市  |  1000-5000人
科研数据分析师,武汉珞伽启思信息科技有限公司,800元/天,武汉-武昌区,硕士,在校生/应届生,01-16发布,文字媒体/出版,,"本公司招聘各个领域的数据分析人才，主要以经管类调研数据分析为主一、任职要求：1.学历要求：目前仅接受国内研究生及以上（条件优秀的本科生亦可），及优秀的海外大学留学生。2.专业要求范围：商科、管理、金融、工商管理、数学、人力、市场营销、法律、文学、经济、会计、政治、物流、计算机、教育、国贸、统计、MBA、机械、信息工程等等。要是你会数据分析类、如PYTHON、EVIEWS，SPSS，STATA，MATLAB等将是本公司着重培养人才！薪资将会比普通专业的更加丰厚！3.态度要求：热爱写作,诚信负责，工作积极配合。具备良好的职业道德，具有充足的写作时间。为什么选择我们？本公司不限工作时间、不限工作地点、工作灵活，接tasks后，只要能在规定时间完成即可！待遇丰厚！所有的工作地点和时间均由你自己安排，任务由你选择；欢迎加入我们公司，希望广大贤士能来共创事业。如果有意向，请投递简历。",事业单位  |  50-150人
数据分析工程师（2023届校招）(J10541),广州禾信仪器股份有限公司,8千-1.2万,广州-黄埔区,硕士,在校生/应届生,01-12发布,仪器仪表/工业自动化,,工作职责:你将获得：1.进入大气环保细分行业领军企业的机会；2.大气环境先进科学仪器监测数据分析技能；3.大气环境改善和技术服务项目规划实施能力；4.成为国家大气环保行业稀缺人才的机会；岗位职责：1.负责已售仪器的技术应用、技术培训和客户对接工作；2.负责相关项目的数据分析报告、项目方案编制及汇报演示工作；3.负责相关部门的需求对接、问题解答、技术优化和提升工作。任职资格:岗位要求：1.硕士以上学历，大气、环境、化学类相关专业；2.熟练使用Excel、WORD、PPT，有CAD、ORIGIN、ArcGIS、Matlab等软件使用经验的优先考虑；3.熟悉了解大气环境监测、气象模型、数值模型数据分析工作优先；4.具有大气环境咨询服务项目、一市一策国家联合攻关项目经验的优先；5.细心负责，乐观向上，有上进心，有良好的沟通能力及团队合作精神；6.能够适应出差的工作要求。全国都有项目，要求接受出差和驻场服务，经过培训后会根据项目需求分配到华南、华东、华北等项目地。,已上市  |  500-1000人
市场数据分析实习生,成都华侨城黄龙溪投资发展有限公司,3千及以下,成都-龙泉驿区,本科,在校生/应届生,01-12发布,娱乐/休闲/体育,,,国企  |  150-500人
数据分析类,海澜之家集团股份有限公司（上海）,6-8千,无锡-江阴市,本科,在校生/应届生,01-11发布,多元化业务集团公司,,工作职责【岗位方向】：数据分析、商品分析、货品分析等任职要求【相关要求】：本科及以上学历，经济统计学、数学与应用、金融学等相关专业【员工福利】：五险一金、伙食补贴、员工宿舍【住宿条件】：酒店标准的人才楼，双人标间,民营  |  10000人以上
科研数据分析师,武汉珞伽启思信息科技有限公司,800元/天,武汉-武昌区,硕士,在校生/应届生,01-16发布,文字媒体/出版,,"本公司招聘各个领域的数据分析人才，主要以经管类调研数据分析为主一、任职要求：1.学历要求：目前仅接受国内研究生及以上（条件优秀的本科生亦可），及优秀的海外大学留学生。2.专业要求范围：商科、管理、金融、工商管理、数学、人力、市场营销、法律、文学、经济、会计、政治、物流、计算机、教育、国贸、统计、MBA、机械、信息工程等等。要是你会数据分析类、如PYTHON、EVIEWS，SPSS，STATA，MATLAB等将是本公司着重培养人才！薪资将会比普通专业的更加丰厚！3.态度要求：热爱写作,诚信负责，工作积极配合。具备良好的职业道德，具有充足的写作时间。为什么选择我们？本公司不限工作时间、不限工作地点、工作灵活，接tasks后，只要能在规定时间完成即可！待遇丰厚！所有的工作地点和时间均由你自己安排，任务由你选择；欢迎加入我们公司，希望广大贤士能来共创事业。如果有意向，请投递简历。",事业单位  |  50-150人
数据分析工程师（2023届校招）(J10541),广州禾信仪器股份有限公司,8千-1.2万,广州-黄埔区,硕士,在校生/应届生,01-12发布,仪器仪表/工业自动化,,工作职责:你将获得：1.进入大气环保细分行业领军企业的机会；2.大气环境先进科学仪器监测数据分析技能；3.大气环境改善和技术服务项目规划实施能力；4.成为国家大气环保行业稀缺人才的机会；岗位职责：1.负责已售仪器的技术应用、技术培训和客户对接工作；2.负责相关项目的数据分析报告、项目方案编制及汇报演示工作；3.负责相关部门的需求对接、问题解答、技术优化和提升工作。任职资格:岗位要求：1.硕士以上学历，大气、环境、化学类相关专业；2.熟练使用Excel、WORD、PPT，有CAD、ORIGIN、ArcGIS、Matlab等软件使用经验的优先考虑；3.熟悉了解大气环境监测、气象模型、数值模型数据分析工作优先；4.具有大气环境咨询服务项目、一市一策国家联合攻关项目经验的优先；5.细心负责，乐观向上，有上进心，有良好的沟通能力及团队合作精神；6.能够适应出差的工作要求。全国都有项目，要求接受出差和驻场服务，经过培训后会根据项目需求分配到华南、华东、华北等项目地。,已上市  |  500-1000人
量化数据分析师（实习生有留用机会）,西安玖润投资管理有限公司,80元/天,西安-高新技术产业开发区,硕士,在校生/应届生,01-11发布,金融/投资/证券,,1、协助基金经理开发测试量化交易的辅助程序；2、协助基金经理探索和完善量化交易系统；任职资格：1、研究生以上或2023年毕业的应届研究生学历，数学、计算机等相关方向学历，***、***院校毕业、成绩优异；2、1年以上选股模型或股票风险模型开发经验，熟悉市场上常见的选股因子构建逻辑，有实盘交易经验优先；3、至少熟练使用C++、R、Matlab或Python语言中的一种，并有海量数据处理经验。,民营  |  少于50人
数据分析专员,李锦记（中国）销售有限公司,6-8千·14薪,,,,01-11发布,快速消费品(食品、饮料、化妆品),,,外资（非欧美）  |  1000-5000人
数据分析师,武汉珞伽启思信息科技有限公司,800元/天,武汉-武昌区,硕士,在校生/应届生,01-16发布,文字媒体/出版,,"本公司招聘各个领域的数据分析人才，主要以经管类调研数据分析为主，提供咨询方案。一、任职要求：1.学历要求：目前仅接受国内研究生及以上（条件优秀的本科生亦可），及优秀的海外大学留学生。2.专业要求范围：商科、管理、金融、工商管理、数学、人力、市场营销、法律、文学、经济、会计、政治、物流、计算机、教育、国贸、统计、MBA、机械、信息工程等等。要是你会数据分析类、如PYTHON、EVIEWS，SPSS，STATA，MATLAB等将是本公司着重培养人才！薪资将会比普通专业的更加丰厚！3.态度要求：热爱写作,诚信负责，工作积极配合。具备良好的职业道德，具有充足的写作时间。为什么选择我们？本公司不限工作时间、不限工作地点、工作灵活，接tasks后，只要能在规定时间完成即可！待遇丰厚！所有的工作地点和时间均由你自己安排，任务由你选择；欢迎加入我们公司，希望广大贤士能来共创事业。如果有意向，直接投递简历至邮箱。",事业单位  |  50-150人
数据分析工程师（2023届校招）(J10541),广州禾信仪器股份有限公司,8千-1.2万,广州-黄埔区,硕士,在校生/应届生,01-12发布,仪器仪表/工业自动化,,工作职责:你将获得：1.进入大气环保细分行业领军企业的机会；2.大气环境先进科学仪器监测数据分析技能；3.大气环境改善和技术服务项目规划实施能力；4.成为国家大气环保行业稀缺人才的机会；岗位职责：1.负责已售仪器的技术应用、技术培训和客户对接工作；2.负责相关项目的数据分析报告、项目方案编制及汇报演示工作；3.负责相关部门的需求对接、问题解答、技术优化和提升工作。任职资格:岗位要求：1.硕士以上学历，大气、环境、化学类相关专业；2.熟练使用Excel、WORD、PPT，有CAD、ORIGIN、ArcGIS、Matlab等软件使用经验的优先考虑；3.熟悉了解大气环境监测、气象模型、数值模型数据分析工作优先；4.具有大气环境咨询服务项目、一市一策国家联合攻关项目经验的优先；5.细心负责，乐观向上，有上进心，有良好的沟通能力及团队合作精神；6.能够适应出差的工作要求。全国都有项目，要求接受出差和驻场服务，经过培训后会根据项目需求分配到华南、华东、华北等项目地。,已上市  |  500-1000人
数据分析PowerBI实习生(2022/23),广州国盛财务咨询有限公司,4-6千,,,,01-10发布,专业服务(咨询、人力资源、财会),,,民营  |  少于50人
商品数据分析助理（服装）,广州市朵以服饰有限公司,4-5千,,,,01-10发布,服装/纺织/皮革,,,民营  |  1000-5000人
数据分析师,武汉珞伽启思信息科技有限公司,800元/天,武汉-武昌区,硕士,在校生/应届生,01-16发布,文字媒体/出版,,"本公司招聘各个领域的数据分析人才，主要以经管类调研数据分析为主，提供咨询方案。一、任职要求：1.学历要求：目前仅接受国内研究生及以上（条件优秀的本科生亦可），及优秀的海外大学留学生。2.专业要求范围：商科、管理、金融、工商管理、数学、人力、市场营销、法律、文学、经济、会计、政治、物流、计算机、教育、国贸、统计、MBA、机械、信息工程等等。要是你会数据分析类、如PYTHON、EVIEWS，SPSS，STATA，MATLAB等将是本公司着重培养人才！薪资将会比普通专业的更加丰厚！3.态度要求：热爱写作,诚信负责，工作积极配合。具备良好的职业道德，具有充足的写作时间。为什么选择我们？本公司不限工作时间、不限工作地点、工作灵活，接tasks后，只要能在规定时间完成即可！待遇丰厚！所有的工作地点和时间均由你自己安排，任务由你选择；欢迎加入我们公司，希望广大贤士能来共创事业。如果有意向，直接投递简历至邮箱。",事业单位  |  50-150人
数据分析工程师（2023届校招）(J10541),广州禾信仪器股份有限公司,8千-1.2万,,,,01-12发布,仪器仪表/工业自动化,,,已上市  |  500-1000人
出纳员/数据分析员,伊欧激光科技（上海）有限公司,3千及以下,上海-虹口区,大专,在校生/应届生,01-10发布,电子技术/半导体/集成电路,,岗位职责1、按规定每日登记现金日记账和银行存款日记账；2、根据记账凭证报销内容收付现金；3、每日负责盘清库存现金，核对现金日记账，按规定程序保管现金，保证库存现金及有价证券安全；4、保管好各种空白支票、票据、印鉴；5、负责接收各项银行到款进账凭证，并传递到有关的制单人员；6、负责代理记账单位出纳工作；7、完成部门领导交办的其他任务。任职资格1、财务类专科以上学历；2、会计资格从业证优先；3、无需工作经验；4、有安全意识，掌握基本的法律法规等知识，了解相关业务领域专业知识，能够使用计算机和办公软件。,外资（非欧美）  |  50-150人
数据分析（平台管理员）,广州广颖创网络科技有限公司,8千-1.5万,广州,硕士,在校生/应届生,01-09发布,互联网/电子商务,,岗位职责：1.负责账号安全管理相关内容2.根据新规定、新政策制定公司内可执行方案并扩散3.汇总整理出平台相关的指导手册4.监测市场变化及公司内数据变化任职要求：1.本科学历，英语四级或以上；2.具备清晰的逻辑思维；3.较强的数据分析能力；4.具有较强的执行力，沟通表达能力和服务意识；5.1-2年工作经验以上。,民营  |  500-1000人
科研数据分析师,武汉珞伽启思信息科技有限公司,800元/天,武汉-武昌区,硕士,在校生/应届生,01-16发布,文字媒体/出版,,"本公司招聘各个领域的数据分析人才，主要以经管类调研数据分析为主一、任职要求：1.学历要求：目前仅接受国内研究生及以上（条件优秀的本科生亦可），及优秀的海外大学留学生。2.专业要求范围：商科、管理、金融、工商管理、数学、人力、市场营销、法律、文学、经济、会计、政治、物流、计算机、教育、国贸、统计、MBA、机械、信息工程等等。要是你会数据分析类、如PYTHON、EVIEWS，SPSS，STATA，MATLAB等将是本公司着重培养人才！薪资将会比普通专业的更加丰厚！3.态度要求：热爱写作,诚信负责，工作积极配合。具备良好的职业道德，具有充足的写作时间。为什么选择我们？本公司不限工作时间、不限工作地点、工作灵活，接tasks后，只要能在规定时间完成即可！待遇丰厚！所有的工作地点和时间均由你自己安排，任务由你选择；欢迎加入我们公司，希望广大贤士能来共创事业。如果有意向，请投递简历。",事业单位  |  50-150人
数据分析工程师（2023届校招）(J10541),广州禾信仪器股份有限公司,8千-1.2万,广州-黄埔区,硕士,在校生/应届生,01-12发布,仪器仪表/工业自动化,,工作职责:你将获得：1.进入大气环保细分行业领军企业的机会；2.大气环境先进科学仪器监测数据分析技能；3.大气环境改善和技术服务项目规划实施能力；4.成为国家大气环保行业稀缺人才的机会；岗位职责：1.负责已售仪器的技术应用、技术培训和客户对接工作；2.负责相关项目的数据分析报告、项目方案编制及汇报演示工作；3.负责相关部门的需求对接、问题解答、技术优化和提升工作。任职资格:岗位要求：1.硕士以上学历，大气、环境、化学类相关专业；2.熟练使用Excel、WORD、PPT，有CAD、ORIGIN、ArcGIS、Matlab等软件使用经验的优先考虑；3.熟悉了解大气环境监测、气象模型、数值模型数据分析工作优先；4.具有大气环境咨询服务项目、一市一策国家联合攻关项目经验的优先；5.细心负责，乐观向上，有上进心，有良好的沟通能力及团队合作精神；6.能够适应出差的工作要求。全国都有项目，要求接受出差和驻场服务，经过培训后会根据项目需求分配到华南、华东、华北等项目地。,已上市  |  500-1000人
数据分析实习生,广东赛百威信息科技有限公司,3-4千,广州-黄埔区,本科,在校生/应届生,01-09发布,计算机软件,,岗位职责：1负责根据业务需求完成数据提取、分析、报表制作；2负责数据应用系统的数据维护与支持，系统中进行数据导入和处理，并负责解决用户的数据技术问题；3完成上级交办的其他事宜。任职要求：1本科及以上学历，志向往大数据方向发展的2023年应届毕业生优先考虑；2细心，对数据分析有浓厚兴趣；3熟悉英文、excel、SQL的优先；4有处理过大数据量经验者优先；5.公司将提供转正机会和长远的培养发展规划。,民营  |  500-1000人
供应商战略管理-数据分析方向,宁波怡人玩具有限公司,10-15万/年,宁波-北仑区,本科,在校生/应届生,01-09发布,家具/家电/玩具/礼品,,职位描述：制定和实施供应商开发计划和开发流程，能够完成供应商开发、评审、准入考核流程，根据需求选择合理合适的供应商；收集整理市场信息与行业动态并撰写分析报告，为战略决策提供有利信息；建立维护和更新供应商数据库，与供应商维持较好的关系。任职要求：1、	统计学、运筹学、应用数学、供应链管理、木材科学与技术等相关专业，本科及以上学历，英语4级优先；2、	具备较强的信息搜集与数据分析能力，熟练掌握EXCEL，会PowerBI、Python、Tabluea其中之一或其他编程语言者优先；3、	熟悉供应商开发采购流程、评价方法或具备相关的专业知识与技能；4、	具备良好的人际关系协调与沟通能力，较强的应变能力，强烈的责任心与良好的职业道德观；5、	考虑优秀本硕应届毕业生，擅长数据分析,外资（欧美）  |  1000-5000人
数据分析师,武汉珞伽启思信息科技有限公司,800元/天,,,,01-16发布,文字媒体/出版,,,事业单位  |  50-150人
数据分析专员（应届岗）,必达控股集团有限公司,7千-1.2万,,,,01-09发布,金融/投资/证券,,,民营  |  150-500人
SaaS数据分析实习生,深圳市东信时代信息技术有限公司,3-5千,,,,01-08发布,广告,,,民营  |  1000-5000人
数据分析师,固特异轮胎管理（上海）有限公司,6千-1万·13薪,,,,01-08发布,仪器仪表/工业自动化,,,外资（欧美）  
科研数据分析师,武汉珞伽启思信息科技有限公司,800元/天,,,,01-16发布,文字媒体/出版,,,事业单位  |  50-150人
初级数据分析师,青岛飞雷信息技术有限公司,4-6千,,,,01-08发布,互联网/电子商务,,,民营  |  少于50人
SaaS数据分析实习生,深圳市东信时代信息技术有限公司,3-5千,,,,01-08发布,广告,,,民营  |  1000-5000人
数据分析师,深圳市香蜜闺秀服饰有限公司,7千-1万,,,,01-07发布,服装/纺织/皮革,,,民营  |  5000-10000人
信息技术岗（数据分析）-2023届校招,中国人民健康保险股份有限公司深圳分公司,8千-1万,,,,01-06发布,保险,,,国企  |  150-500人
金融数据分析师（实习）,南京云正数据科技有限公司,200元/天,,,,01-06发布,计算机服务(系统、数据服务、维修),,,民营  |  少于50人
SaaS数据分析实习生,深圳市东信时代信息技术有限公司,3-5千,,,,01-08发布,广告,,,民营  |  1000-5000人
数据分析员,深圳市森那美富悦汽车销售服务有限公司,5-8千,,,,01-06发布,汽车,,,外资（非欧美）  |  150-500人
亚马逊产品开发/选品/数据分析,武汉亚声网络科技有限公司,6千-1万,,,,01-06发布,贸易/进出口,,,民营  |  150-500人
数据分析师,宗略投资（上海）有限公司,8千-1.2万,,,,01-05发布,金融/投资/证券,,,民营  |  少于50人
SaaS数据分析实习生,深圳市东信时代信息技术有限公司,3-5千,,,,01-08发布,广告,,,民营  |  1000-5000人
数据分析岗（实习） (MJ000957),海通证券全国总部,150元/天,,,,01-05发布,金融/投资/证券,,,国企  |  500-1000人
生物信息数据分析师（可实习）,南京汉卫公共卫生研究院有限公司,4-6千,,,,01-04发布,医疗/护理/卫生,,,民营  |  少于50人
网络数据分析师,字节跳动,3-4万,,,,01-04发布,互联网/电子商务,,,民营  |  10000人以上
SaaS数据分析实习生,深圳市东信时代信息技术有限公司,3-5千,,,,01-08发布,广告,,,民营  |  1000-5000人
数据分析工程师,大唐电信科技股份有限公司,8千-1.5万,,,,01-04发布,通信/电信/网络设备,,,国企  |  5000-10000人
商品助理（数据分析方向）,广州叡君服装有限公司,4-5千,,,,01-04发布,服装/纺织/皮革,,,民营  |  150-500人
蜜芽计划（数据分析方向）,山西优珍食品饮料有限公司,4.5-6千,,,,01-04发布,快速消费品(食品、饮料、化妆品),,,民营  |  150-500人
SaaS数据分析实习生,深圳市东信时代信息技术有限公司,3-5千,,,,01-08发布,广告,,,民营  |  1000-5000人
游戏数据分析,字节跳动,1.8-3.5万,,,,01-04发布,互联网/电子商务,,,民营  |  10000人以上
运动控制 数据分析实习生,上海ABB电机有限公司,3-4.5千,,,,01-04发布,机械/设备/重工,,,  500-1000人
应聘毕业生-数据分析师实习生,捷普集团-捷普科技（成都）有限公司,,,,,01-03发布,多元化业务集团公司,,,外资（欧美）  |  10000人以上
SaaS数据分析实习生,深圳市东信时代信息技术有限公司,3-5千,,,,01-08发布,广告,,,民营  |  1000-5000人
高级数据分析师—今日头条,字节跳动,1.5-3万,,,,01-04发布,互联网/电子商务,,,民营  |  10000人以上
数据分析实习生,广州市佩升前研市场信息咨询股份有限公司,2.5-5千,,,,01-01发布,专业服务(咨询、人力资源、财会),,,已上市  |  50-150人
应聘毕业生-数据分析师实习生,捷普集团-捷普科技（成都）有限公司,,,,,01-03发布,多元化业务集团公司,,,外资（欧美）  |  10000人以上
SaaS数据分析实习生,深圳市东信时代信息技术有限公司,3-5千,,,,01-08发布,广告,,,民营  |  1000-5000人
数据分析岗（2023届校园招聘）,东海证券股份有限公司,8千-1.5万,,,,01-01发布,金融/投资/证券,,,国企  |  1000-5000人
数据分析&amp;行政支持实习生,晖致医药有限公司,140元/天,,,,12-31发布,制药/生物工程,,,外资（欧美）  |  10000人以上
应聘毕业生-数据分析师实习生,捷普集团-捷普科技（成都）有限公司,,,,,01-03发布,多元化业务集团公司,,,外资（欧美）  |  10000人以上
SaaS数据分析实习生,深圳市东信时代信息技术有限公司,3-5千,,,,01-08发布,广告,,,民营  |  1000-5000人
检测数据分析工程师,上海中认尚科新能源技术有限公司,10-15万/年,,,,12-30发布,新能源,,,国企  |  50-150人
电商管培生（数据分析方向）,深圳市西遇时尚服饰有限公司,5-6千,,,,12-30发布,服装/纺织/皮革,,,民营  |  1000-5000人
应聘毕业生-数据分析师实习生,捷普集团-捷普科技（成都）有限公司,,,,,01-03发布,多元化业务集团公司,,,外资（欧美）  |  10000人以上
SaaS数据分析实习生,深圳市东信时代信息技术有限公司,3-5千,,,,01-08发布,广告,,,民营  |  1000-5000人
数据分析实习生（实习岗）,武汉安天信息技术有限责任公司,3-4千,,,,12-30发布,计算机软件,,,民营  |  150-500人
数据分析员,无锡市不锈钢电子交易中心有限公司,4.5-8千,,,,12-30发布,互联网/电子商务,,,民营  |  50-150人
数据分析工程师（工程一部）,苏州长光华芯光电技术股份有限公司,8千-1万,,,,12-29发布,电子技术/半导体/集成电路,,,民营  |  150-500人
SaaS数据分析实习生,深圳市东信时代信息技术有限公司,3-5千,,,,01-08发布,广告,,,民营  |  1000-5000人
数据分析专员,湖北飞昊科技有限公司,4-5千,,,,12-27发布,计算机软件,,,外资（非欧美）  |  50-150人
社科数据分析师,成都智极数据科技有限公司,300元/天,,,,12-27发布,计算机软件,,,民营  
数据分析方向管培生(Q6880),贝泰妮集团,9千-1.3万,,,,12-27发布,快速消费品(食品、饮料、化妆品),,,已上市  |  1000-5000人
SaaS数据分析实习生,深圳市东信时代信息技术有限公司,3-5千,,,,01-08发布,广告,,,民营  |  1000-5000人
数据分析师（校招）(J10333),开思时代科技（深圳）有限公司,1-1.5万,,,,12-27发布,互联网/电子商务,,,民营  |  1000-5000人
金融数据分析师,成都智极数据科技有限公司,300元/天,,,,12-27发布,计算机软件,,,民营  
销售数据分析实习生,重庆智飞生物制品股份有限公司,200元/天,,,,12-26发布,制药/生物工程,,,已上市  |  1000-5000人
